sector,sex,name,total
Jewish,F,שרה,60712
Jewish,F,אסתר,59404
Jewish,F,רחל,59083
Jewish,F,יעל,53269
Jewish,F,נועה,52967
Jewish,F,מיכל,50148
Jewish,F,תמר,46807
Jewish,F,חנה,46597
Jewish,F,מרים,46001
Jewish,F,מאיה,44003
Jewish,F,רבקה,42314
Jewish,F,שירה,40836
Jewish,F,עדי,32381
Jewish,F,חיה,29901
Jewish,F,רות,28751
Jewish,F,לאה,27989
Jewish,F,טליה,26934
Jewish,F,הילה,26527
Jewish,F,אלה,26407
Jewish,F,איילה,26130
Jewish,F,אביגיל,25907
Jewish,F,רוני,22928
Jewish,F,אפרת,22726
Jewish,F,יהודית,22659
Jewish,F,מעיין,21338
Jewish,F,שושנה,21100
Jewish,F,הודיה,21079
Jewish,F,נעמי,19844
Jewish,F,שני,19795
Jewish,F,מלכה,19600
Jewish,F,דבורה,19014
Jewish,F,קרן,18405
Jewish,F,עדן,18005
Jewish,F,טל,17945
Jewish,F,יובל,17507
Jewish,F,ענת,17403
Jewish,F,הדר,16675
Jewish,F,שיר,16400
Jewish,F,תהילה,16208
Jewish,F,נעמה,15681
Jewish,F,דנה,15600
Jewish,F,אנה,15542
Jewish,F,אדל,15443
Jewish,F,ליה,15417
Jewish,F,אילנה,15347
Jewish,F,נויה,15250
Jewish,F,הדס,15176
Jewish,F,צפורה,15068
Jewish,F,אורית,14414
Jewish,F,אורלי,14158
Jewish,F,נטע,13916
Jewish,F,שרון,13704
Jewish,F,נגה,13684
Jewish,F,חן,13450
Jewish,F,מירב,13326
Jewish,F,דניאל,13235
Jewish,F,רונית,13142
Jewish,F,ליאת,13141
Jewish,F,אירינה,13075
Jewish,F,רומי,13030
Jewish,F,נועם,12863
Jewish,F,עמית,12674
Jewish,F,יפה,12654
Jewish,F,רותם,12634
Jewish,F,הדסה,12285
Jewish,F,אגם,12217
Jewish,F,ילנה,12020
Jewish,F,נטלי,11791
Jewish,F,אור,11621
Jewish,F,מוריה,11611
Jewish,F,שולמית,11600
Jewish,F,נחמה,11495
Jewish,F,אריאל,11443
Jewish,F,שחר,11405
Jewish,F,ברכה,11351
Jewish,F,מיטל,11286
Jewish,F,מזל,11250
Jewish,F,דינה,11191
Jewish,F,ליאור,10964
Jewish,F,איריס,10874
Jewish,F,אביטל,10668
Jewish,F,גלית,10661
Jewish,F,מרינה,10661
Jewish,F,ליאן,10639
Jewish,F,ספיר,10611
Jewish,F,מורן,10586
Jewish,F,שקד,10567
Jewish,F,סיון,10467
Jewish,F,עלמה,10422
Jewish,F,רעות,10404
Jewish,F,חוה,10315
Jewish,F,אוריה,10183
Jewish,F,לימור,10147
Jewish,F,פנינה,10018
Jewish,F,אלישבע,9993
Jewish,F,דליה,9860
Jewish,F,תהל,9763
Jewish,F,ליאל,9742
Jewish,F,ליבי,9732
Jewish,F,מאי,9626
Jewish,F,שרית,9554
Jewish,F,גאיה,9541
Jewish,F,טלי,9521
Jewish,F,אמה,9503
Jewish,F,בתיה,9457
Jewish,F,דניאלה,9360
Jewish,F,גל,9252
Jewish,F,חגית,9245
Jewish,F,מור,9238
Jewish,F,ענבל,9212
Jewish,F,הלל,9049
Jewish,F,עליזה,8939
Jewish,F,מיקה,8833
Jewish,F,ורד,8799
Jewish,F,שירן,8632
Jewish,F,לירון,8521
Jewish,F,שלי,8420
Jewish,F,יהלי,8400
Jewish,F,אורטל,8394
Jewish,F,בר,8376
Jewish,F,אורי,8350
Jewish,F,אולגה,8155
Jewish,F,סבטלנה,8152
Jewish,F,טובה,8127
Jewish,F,ירדן,8094
Jewish,F,לינוי,8068
Jewish,F,שי,8050
Jewish,F,זהבה,8014
Jewish,F,רויטל,8003
Jewish,F,נורית,8001
Jewish,F,אבישג,7952
Jewish,F,טטיאנה,7948
Jewish,F,בת שבע,7932
Jewish,F,גילה,7768
Jewish,F,ענבר,7767
Jewish,F,רינה,7699
Jewish,F,אופיר,7697
Jewish,F,נטליה,7671
Jewish,F,זוהר,7662
Jewish,F,טוהר,7645
Jewish,F,איילת,7640
Jewish,F,נופר,7591
Jewish,F,עופרי,7537
Jewish,F,סופיה,7417
Jewish,F,נוי,7408
Jewish,F,דפנה,7377
Jewish,F,אביה,7357
Jewish,F,דורית,7319
Jewish,F,ויקטוריה,7301
Jewish,F,יוליה,7133
Jewish,F,ליטל,7089
Jewish,F,אליה,6929
Jewish,F,לילך,6867
Jewish,F,שיראל,6811
Jewish,F,אמילי,6771
Jewish,F,עומר,6731
Jewish,F,אביבה,6628
Jewish,F,אורנה,6569
Jewish,F,שמחה,6509
Jewish,F,גפן,6497
Jewish,F,גילי,6422
Jewish,F,סימה,6317
Jewish,F,יפעת,6293
Jewish,F,עינת,6214
Jewish,F,גלי,6106
Jewish,F,סיגל,6102
Jewish,F,ליאורה,6014
Jewish,F,שי-לי,5938
Jewish,F,יוכבד,5901
Jewish,F,שירלי,5854
Jewish,F,מריה,5832
Jewish,F,שלומית,5827
Jewish,F,אורה,5776
Jewish,F,סמדר,5635
Jewish,F,שירי,5554
Jewish,F,רינת,5537
Jewish,F,נאוה,5536
Jewish,F,ניצן,5529
Jewish,F,בת אל,5454
Jewish,F,שילת,5380
Jewish,F,אירית,5370
Jewish,F,אינה,5366
Jewish,F,ליהי,5355
Jewish,F,אלינור,5327
Jewish,F,אתי,5320
Jewish,F,אילנית,5192
Jewish,F,דיאנה,5152
Jewish,F,אביב,5151
Jewish,F,בלה,5136
Jewish,F,אסנת,5135
Jewish,F,יערה,5103
Jewish,F,יסמין,5078
Jewish,F,גלינה,4937
Jewish,F,אלונה,4922
Jewish,F,צביה,4896
Jewish,F,תמרה,4855
Jewish,F,סתיו,4843
Jewish,F,ניקול,4829
Jewish,F,אודליה,4826
Jewish,F,פיגא,4810
Jewish,F,סיגלית,4755
Jewish,F,יפית,4732
Jewish,F,עינב,4711
Jewish,F,אהובה,4702
Jewish,F,מישל,4572
Jewish,F,לריסה,4563
Jewish,F,לי,4488
Jewish,F,אילת,4465
Jewish,F,אורין,4458
Jewish,F,אלכסנדרה,4450
Jewish,F,אריאלה,4411
Jewish,F,אדוה,4402
Jewish,F,אלין,4394
Jewish,F,שפרה,4362
Jewish,F,קארין,4322
Jewish,F,גליה,4315
Jewish,F,מרגלית,4221
Jewish,F,עדנה,4208
Jewish,F,אלמה,4163
Jewish,F,מירי,4142
Jewish,F,נינה,4086
Jewish,F,אלינה,4056
Jewish,F,תאיר,4046
Jewish,F,רחלי,4042
Jewish,F,ארבל,3981
Jewish,F,לירז,3973
Jewish,F,קורל,3973
Jewish,F,כרמל,3944
Jewish,F,הילי,3884
Jewish,F,עדינה,3884
Jewish,F,אווה,3880
Jewish,F,שוהם,3813
Jewish,F,גיטל,3791
Jewish,F,אודל,3711
Jewish,F,נילי,3660
Jewish,F,יבגניה,3641
Jewish,F,דריה,3606
Jewish,F,רונה,3586
Jewish,F,יסכה,3572
Jewish,F,בת,3538
Jewish,F,זיו,3499
Jewish,F,אוריאן,3452
Jewish,F,מירה,3437
Jewish,F,רותי,3436
Jewish,F,אנאל,3404
Jewish,F,רוית,3378
Jewish,F,כרמלה,3359
Jewish,F,זיוה,3355
Jewish,F,איה,3324
Jewish,F,הללי,3307
Jewish,F,ליהיא,3295
Jewish,F,מרגריטה,3285
Jewish,F,שובל,3282
Jewish,F,צופיה,3194
Jewish,F,רוזה,3182
Jewish,F,כרמית,3163
Jewish,F,ליאם,3150
Jewish,F,שרונה,3149
Jewish,F,מיכאלה,3142
Jewish,F,יולי,3112
Jewish,F,רננה,3069
Jewish,F,לודמילה,3030
Jewish,F,לילי,3021
Jewish,F,אושרת,3001
Jewish,F,הגר,2991
Jewish,F,אלמוג,2962
Jewish,F,חדוה,2958
Jewish,F,מלי,2915
Jewish,F,אמונה,2902
Jewish,F,קרין,2902
Jewish,F,אליס,2876
Jewish,F,פולינה,2853
Jewish,F,פרידה,2803
Jewish,F,מרי,2785
Jewish,F,רוחמה,2775
Jewish,F,אוסנת,2763
Jewish,F,יקטרינה,2762
Jewish,F,אוראל,2757
Jewish,F,עמליה,2720
Jewish,F,סוזן,2717
Jewish,F,עירית,2701
Jewish,F,יאנה,2695
Jewish,F,מיאל,2679
Jewish,F,לורן,2672
Jewish,F,גאולה,2659
Jewish,F,יהל,2642
Jewish,F,אודיה,2617
Jewish,F,סילביה,2611
Jewish,F,עידית,2610
Jewish,F,ליודמילה,2609
Jewish,F,אן,2552
Jewish,F,אלי,2544
Jewish,F,כוכבה,2531
Jewish,F,עמנואל,2513
Jewish,F,ריטה,2509
Jewish,F,שרי,2504
Jewish,F,בלומה,2503
Jewish,F,לני,2470
Jewish,F,ירין,2456
Jewish,F,תקוה,2449
Jewish,F,תמי,2426
Jewish,F,יונה,2425
Jewish,F,אליאן,2423
Jewish,F,ורדה,2419
Jewish,F,ליליה,2377
Jewish,F,אופק,2344
Jewish,F,ליב,2329
Jewish,F,סגלית,2325
Jewish,F,לין,2323
Jewish,F,רעיה,2282
Jewish,F,אליזבט,2277
Jewish,F,גבריאלה,2265
Jewish,F,עפרה,2264
Jewish,F,רז,2261
Jewish,F,גולדה,2255
Jewish,F,שיינא,2252
Jewish,F,שירז,2245
Jewish,F,דורין,2242
Jewish,F,אמיליה,2237
Jewish,F,ליבא,2233
Jewish,F,אלנה,2228
Jewish,F,ציונה,2211
Jewish,F,ברוריה,2206
Jewish,F,אנסטסיה,2204
Jewish,F,צילה,2204
Jewish,F,עופרה,2201
Jewish,F,נאיה,2186
Jewish,F,אושרית,2182
Jewish,F,רון,2176
Jewish,F,רני,2176
Jewish,F,ירדנה,2171
Jewish,F,עטרה,2171
Jewish,F,ליזה,2149
Jewish,F,יעלה,2141
Jewish,F,לבנה,2135
Jewish,F,אחינועם,2128
Jewish,F,משי,2105
Jewish,F,הינדא,2104
Jewish,F,מילה,2100
Jewish,F,אביבית,2094
Jewish,F,ראיסה,2083
Jewish,F,גיל,2055
Jewish,F,רנה,2049
Jewish,F,חני,2045
Jewish,F,צליל,2044
Jewish,F,אושר,2040
Jewish,F,אדר,2037
Jewish,F,קלרה,2029
Jewish,F,סול,2005
Jewish,F,ניצה,2003
Jewish,F,דקלה,1998
Jewish,F,ניב,1993
Jewish,F,נירית,1969
Jewish,F,סוניה,1968
Jewish,F,ליובוב,1957
Jewish,F,דלית,1934
Jewish,F,מיתר,1930
Jewish,F,הלן,1911
Jewish,F,לינדה,1906
Jewish,F,לידיה,1904
Jewish,F,נלי,1891
Jewish,F,ימית,1889
Jewish,F,שגית,1889
Jewish,F,דיקלה,1883
Jewish,F,ענהאל,1876
Jewish,F,מאור,1838
Jewish,F,לירי,1833
Jewish,F,פאינה,1824
Jewish,F,רגינה,1814
Jewish,F,יהב,1804
Jewish,F,ריקי,1789
Jewish,F,סנדרה,1785
Jewish,F,מירית,1743
Jewish,F,סהר,1736
Jewish,F,פני,1722
Jewish,F,ורה,1694
Jewish,F,ים,1673
Jewish,F,דנית,1664
Jewish,F,אליענה,1630
Jewish,F,מאירה,1628
Jewish,F,מריאנה,1614
Jewish,F,סופי,1604
Jewish,F,ולריה,1598
Jewish,F,שחף,1592
Jewish,F,ליליאן,1589
Jewish,F,יונית,1588
Jewish,F,תפארת,1587
Jewish,F,דגנית,1567
Jewish,F,איימי,1564
Jewish,F,אליסה,1561
Jewish,F,קים,1560
Jewish,F,לוטם,1548
Jewish,F,ליאה,1547
Jewish,F,ורוניקה,1543
Jewish,F,כנרת,1540
Jewish,F,שיינדל,1534
Jewish,F,מינה,1524
Jewish,F,סימונה,1519
Jewish,F,רימה,1515
Jewish,F,איטה,1513
Jewish,F,זואי,1510
Jewish,F,אמי,1509
Jewish,F,רייזל,1498
Jewish,F,סימי,1488
Jewish,F,קורין,1483
Jewish,F,לינור,1482
Jewish,F,נירה,1467
Jewish,F,ליבנת,1457
Jewish,F,אידה,1456
Jewish,F,סטלה,1450
Jewish,F,בילא,1447
Jewish,F,קטי,1430
Jewish,F,קרינה,1428
Jewish,F,הניה,1424
Jewish,F,זהבית,1419
Jewish,F,אסיה,1415
Jewish,F,זינאידה,1411
Jewish,F,ריף,1399
Jewish,F,מנוחה,1398
Jewish,F,עדה,1393
Jewish,F,בטי,1378
Jewish,F,שמרית,1374
Jewish,F,ולנטינה,1364
Jewish,F,בת חן,1360
Jewish,F,אוקסנה,1358
Jewish,F,הלנה,1357
Jewish,F,מרסל,1338
Jewish,F,שולה,1331
Jewish,F,ליז,1324
Jewish,F,לירן,1322
Jewish,F,פזית,1320
Jewish,F,דור,1311
Jewish,F,מילי,1308
Jewish,F,אורנית,1299
Jewish,F,חופית,1299
Jewish,F,זויה,1289
Jewish,F,יוטא,1289
Jewish,F,ז'אנה,1282
Jewish,F,פערל,1262
Jewish,F,תום,1254
Jewish,F,לייה,1253
Jewish,F,תרצה,1253
Jewish,F,מילנה,1239
Jewish,F,חלי,1229
Jewish,F,לאורה,1219
Jewish,F,ויקי,1216
Jewish,F,ג'ני,1202
Jewish,F,ג'סיקה,1197
Jewish,F,אסתי,1188
Jewish,F,דורון,1185
Jewish,F,שייה,1178
Jewish,F,אופירה,1177
Jewish,F,ליאנה,1166
Jewish,F,אורן,1163
Jewish,F,פז,1159
Jewish,F,ישראלה,1158
Jewish,F,ליעד,1158
Jewish,F,אנט,1155
Jewish,F,איב,1142
Jewish,F,פריאל,1141
Jewish,F,מוניקה,1140
Jewish,F,עדיה,1138
Jewish,F,דורה,1137
Jewish,F,אריאה,1135
Jewish,F,אלכס,1128
Jewish,F,תהלה,1125
Jewish,F,אופל,1123
Jewish,F,ויויאן,1118
Jewish,F,תבל,1098
Jewish,F,אושרה,1096
Jewish,F,איזבלה,1087
Jewish,F,אליזבטה,1083
Jewish,F,טניה,1080
Jewish,F,לינה,1080
Jewish,F,ברטה,1065
Jewish,F,סטפני,1052
Jewish,F,לובוב,1046
Jewish,F,נדז'דה,1034
Jewish,F,סוזי,1033
Jewish,F,יליזבטה,1027
Jewish,F,רביד,1026
Jewish,F,חביבה,1023
Jewish,F,אבלין,1020
Jewish,F,אינסה,1014
Jewish,F,שימרית,1010
Jewish,F,ציפי,1009
Jewish,F,גוני,1008
Jewish,F,מוריאל,1005
Jewish,F,פסיה,1000
Jewish,F,קרני,993
Jewish,F,בלהה,984
Jewish,F,לורה,979
Jewish,F,ברברה,978
Jewish,F,בתאל,978
Jewish,F,אילונה,958
Jewish,F,עדית,951
Jewish,F,טופז,946
Jewish,F,פאני,945
Jewish,F,ריבה,943
Jewish,F,נדיה,937
Jewish,F,ליסה,929
Jewish,F,שיה,928
Jewish,F,אניטה,914
Jewish,F,זקלין,905
Jewish,F,פרלה,897
Jewish,F,גיטה,895
Jewish,F,לידור,895
Jewish,F,סבינה,894
Jewish,F,ג'ניפר,892
Jewish,F,אירנה,887
Jewish,F,חושן,875
Jewish,F,עידן,872
Jewish,F,גילת,868
Jewish,F,פטריסיה,867
Jewish,F,לונה,864
Jewish,F,חרות,852
Jewish,F,פרומה,851
Jewish,F,פלג,843
Jewish,F,סוזנה,834
Jewish,F,זוהרה,832
Jewish,F,אלומה,829
Jewish,F,תומר,825
Jewish,F,פלורה,823
Jewish,F,ורדית,821
Jewish,F,נסיה,820
Jewish,F,אני,819
Jewish,F,ג'ולי,817
Jewish,F,הלני,814
Jewish,F,בינה,813
Jewish,F,קטרין,811
Jewish,F,איזבל,809
Jewish,F,פריידא,808
Jewish,F,אלאונורה,807
Jewish,F,מרטין,807
Jewish,F,ארייה,798
Jewish,F,מירל,798
Jewish,F,אדית,796
Jewish,F,מייה,793
Jewish,F,ג'וליה,791
Jewish,F,דני,784
Jewish,F,שנהב,783
Jewish,F,קסניה,776
Jewish,F,מוניק,774
Jewish,F,דרור,765
Jewish,F,אורפז,761
Jewish,F,תחיה,761
Jewish,F,חנית,758
Jewish,F,פרח,757
Jewish,F,קרול,750
Jewish,F,גיטי,747
Jewish,F,קרולין,745
Jewish,F,אוולין,743
Jewish,F,כליל,742
Jewish,F,נעומי,742
Jewish,F,איידל,741
Jewish,F,רקפת,741
Jewish,F,לנה,740
Jewish,F,אמלי,738
Jewish,F,אלן,735
Jewish,F,טויבא,729
Jewish,F,סברינה,724
Jewish,F,איילת השחר,721
Jewish,F,אמירה,719
Jewish,F,הלה,719
Jewish,F,רוזי,716
Jewish,F,מנור,711
Jewish,F,אליאנה,706
Jewish,F,ולרי,704
Jewish,F,ארין,703
Jewish,F,קלאודיה,702
Jewish,F,אנז'לה,700
Jewish,F,אריקה,697
Jewish,F,קשת,695
Jewish,F,לורי,691
Jewish,F,דר,689
Jewish,F,עטרת,688
Jewish,F,חבצלת,681
Jewish,F,שילה,677
Jewish,F,לילה,672
Jewish,F,קארן,672
Jewish,F,אייר,670
Jewish,F,פאולה,669
Jewish,F,אנג'לה,668
Jewish,F,יוספה,668
Jewish,F,היילי,665
Jewish,F,רום,663
Jewish,F,דרורה,658
Jewish,F,קסם,647
Jewish,F,כרם,646
Jewish,F,רוז,643
Jewish,F,תגל,641
Jewish,F,מגי,634
Jewish,F,הענא,633
Jewish,F,יערית,633
Jewish,F,דניס,632
Jewish,F,מיילי,630
Jewish,F,שנטל,628
Jewish,F,כרמי,621
Jewish,F,מינדל,621
Jewish,F,מילכה,620
Jewish,F,פייגי,619
Jewish,F,ליפז,618
Jewish,F,קטיה,618
Jewish,F,חסיה,617
Jewish,F,נתלי,616
Jewish,F,עתליה,615
Jewish,F,אוליביה,613
Jewish,F,אמור,611
Jewish,F,אינגה,607
Jewish,F,זמירה,605
Jewish,F,טהר,605
Jewish,F,חמדה,603
Jewish,F,חמוטל,599
Jewish,F,פאר,596
Jewish,F,ז'קלין,595
Jewish,F,איבון,592
Jewish,F,אלינוי,592
Jewish,F,רוזליה,588
Jewish,F,ליליאנה,587
Jewish,F,סילבי,583
Jewish,F,רשל,582
Jewish,F,ג'נט,575
Jewish,F,סימא,575
Jewish,F,ענאל,575
Jewish,F,קטרינה,574
Jewish,F,שיינה,573
Jewish,F,אשרת,572
Jewish,F,מאשה,570
Jewish,F,טובי,569
Jewish,F,תכלת,568
Jewish,F,שביט,566
Jewish,F,שלהבת,563
Jewish,F,צירל,558
Jewish,F,סימון,555
Jewish,F,שטערנא,555
Jewish,F,בארי,554
Jewish,F,ליר,550
Jewish,F,צופית,550
Jewish,F,ג'קלין,547
Jewish,F,גיא,546
Jewish,F,סלין,545
Jewish,F,לואיזה,544
Jewish,F,ראשית,539
Jewish,F,שילי,539
Jewish,F,פראדל,538
Jewish,F,מליסה,533
Jewish,F,נריה,532
Jewish,F,אנדראה,531
Jewish,F,ארנה,526
Jewish,F,לוסי,524
Jewish,F,לורין,524
Jewish,F,מאורי,523
Jewish,F,פרל,523
Jewish,F,שושי,523
Jewish,F,קריסטינה,521
Jewish,F,אלטע,520
Jewish,F,גבריאל,519
Jewish,F,קירה,518
Jewish,F,דולב,517
Jewish,F,מושקא,515
Jewish,F,יעלי,514
Jewish,F,קרולינה,512
Jewish,F,מיטב,510
Jewish,F,ניבה,510
Jewish,F,אדריאנה,508
Jewish,F,דבי,506
Jewish,F,מיי,506
Jewish,F,זיסל,502
Jewish,F,מרטה,497
Jewish,F,ונסה,496
Jewish,F,אירן,494
Jewish,F,נליה,492
Jewish,F,דוריה,490
Jewish,F,מימי,490
Jewish,F,קמילה,490
Jewish,F,דוריס,489
Jewish,F,נתנאלה,483
Jewish,F,ניר,482
Jewish,F,חניתה,481
Jewish,F,טוני,481
Jewish,F,ננסי,476
Jewish,F,כלנית,475
Jewish,F,ז'נה,473
Jewish,F,נטלה,470
Jewish,F,אלבינה,469
Jewish,F,נדין,469
Jewish,F,מטר,467
Jewish,F,נורה,467
Jewish,F,ניקה,467
Jewish,F,לובה,464
Jewish,F,מטילדה,463
Jewish,F,ננה,463
Jewish,F,רובי,463
Jewish,F,גנט,462
Jewish,F,מלאני,459
Jewish,F,טלאור,458
Jewish,F,אירה,455
Jewish,F,לידר,455
Jewish,F,פרחיה,454
Jewish,F,רנטה,453
Jewish,F,בילה,451
Jewish,F,דקל,448
Jewish,F,פורטונה,446
Jewish,F,בל,445
Jewish,F,הראל,445
Jewish,F,יונת,442
Jewish,F,ערבה,439
Jewish,F,ביאטריס,436
Jewish,F,ג'ואנה,433
Jewish,F,ליבה,433
Jewish,F,עדיאל,433
Jewish,F,גניה,427
Jewish,F,אשירה,424
Jewish,F,עטל,421
Jewish,F,אראלה,419
Jewish,F,רווית,418
Jewish,F,זינה,415
Jewish,F,קלי,415
Jewish,F,ליזי,414
Jewish,F,ג'ודי,413
Jewish,F,אננה,409
Jewish,F,קמה,409
Jewish,F,אטי,408
Jewish,F,בת ציון,408
Jewish,F,אליסיה,406
Jewish,F,אמליה,406
Jewish,F,תמה,406
Jewish,F,סאלי,405
Jewish,F,פרומט,405
Jewish,F,מורין,404
Jewish,F,רביטל,404
Jewish,F,אילי,401
Jewish,F,רעיסה,400
Jewish,F,כריסטינה,398
Jewish,F,אטל,396
Jewish,F,רלי,396
Jewish,F,נינט,395
Jewish,F,קלודין,394
Jewish,F,אלקה,392
Jewish,F,עיינה,392
Jewish,F,רמה,392
Jewish,F,תלמה,392
Jewish,F,דברה,390
Jewish,F,לורנס,390
Jewish,F,בשמת,389
Jewish,F,מדלן,389
Jewish,F,גיתית,388
Jewish,F,שלו,388
Jewish,F,רובין,387
Jewish,F,שולי,387
Jewish,F,ארינה,385
Jewish,F,ריקה,385
Jewish,F,ליאב,384
Jewish,F,פרידא,384
Jewish,F,קדם,383
Jewish,F,שירין,380
Jewish,F,אנז'ליקה,378
Jewish,F,מתן,378
Jewish,F,אנאבל,377
Jewish,F,אריאנה,377
Jewish,F,שריי,376
Jewish,F,אסיף,375
Jewish,F,טינה,373
Jewish,F,אדלה,371
Jewish,F,אליזה,371
Jewish,F,הני,371
Jewish,F,איילין,370
Jewish,F,סנדי,369
Jewish,F,גולדי,368
Jewish,F,סבטלאנה,367
Jewish,F,ויאולטה,363
Jewish,F,יאנינה,363
Jewish,F,מילאן,362
Jewish,F,חפציבה,361
Jewish,F,דיאן,360
Jewish,F,זלדה,360
Jewish,F,ריין,360
Jewish,F,ורוניק,359
Jewish,F,מולו,359
Jewish,F,ריי,359
Jewish,F,אודט,358
Jewish,F,ימימה,358
Jewish,F,רחלה,358
Jewish,F,אליסון,357
Jewish,F,נונה,357
Jewish,F,אלזה,356
Jewish,F,עופר,356
Jewish,F,שירית,355
Jewish,F,הילית,353
Jewish,F,ליגל,353
Jewish,F,נור,353
Jewish,F,אלמז,351
Jewish,F,דרורית,350
Jewish,F,נרקיס,350
Jewish,F,ללי,347
Jewish,F,אניה,345
Jewish,F,יוליאנה,345
Jewish,F,מינדי,345
Jewish,F,נהורה,345
Jewish,F,נלה,344
Jewish,F,סלי,343
Jewish,F,פרי,343
Jewish,F,צוף,343
Jewish,F,שאנל,342
Jewish,F,דולי,341
Jewish,F,תמרי,340
Jewish,F,רפאלה,339
Jewish,F,אושרי,337
Jewish,F,רייזי,337
Jewish,F,לסלי,336
Jewish,F,יקירה,334
Jewish,F,ברקת,332
Jewish,F,פמלה,332
Jewish,F,אלבירה,330
Jewish,F,שבע,330
Jewish,F,ברוניסלבה,326
Jewish,F,ליזט,326
Jewish,F,קוראל,326
Jewish,F,וורקנש,325
Jewish,F,זהרה,325
Jewish,F,גנית,324
Jewish,F,אידית,323
Jewish,F,אירמה,323
Jewish,F,אמנדה,323
Jewish,F,מרום,323
Jewish,F,מרתה,323
Jewish,F,נופית,323
Jewish,F,מרה,322
Jewish,F,אמבט,320
Jewish,F,בקי,318
Jewish,F,נרי,318
Jewish,F,אודרי,317
Jewish,F,אליאור,317
Jewish,F,מריאן,317
Jewish,F,שלוה,317
Jewish,F,עלקא,316
Jewish,F,מלני,315
Jewish,F,אינס,314
Jewish,F,אלירז,314
Jewish,F,אנג'ליקה,314
Jewish,F,לישי,314
Jewish,F,סנדרין,314
Jewish,F,אוריאנה,312
Jewish,F,מננה,312
Jewish,F,ג'וי,311
Jewish,F,מזי,311
Jewish,F,ציון,311
Jewish,F,גלוריה,309
Jewish,F,לי-אור,309
Jewish,F,סלומה,309
Jewish,F,אראל,308
Jewish,F,מרלן,308
Jewish,F,שינדל,308
Jewish,F,בריינדל,307
Jewish,F,אולסיה,305
Jewish,F,דונה,304
Jewish,F,הבטם,304
Jewish,F,ריזל,303
Jewish,F,מירן,302
Jewish,F,מרסלה,302
Jewish,F,נטשה,301
Jewish,F,צאלה,301
Jewish,F,ג'ואל,300
Jewish,F,לשם,299
Jewish,F,קיילה,299
Jewish,F,לביאה,298
Jewish,F,אלמירה,297
Jewish,F,סולי,296
Jewish,F,פלורנס,295
Jewish,F,פרחה,295
Jewish,F,מארי,294
Jewish,F,דניז,293
Jewish,F,בריג'יט,292
Jewish,F,לולה,292
Jewish,F,ליילה,292
Jewish,F,נצחיה,292
Jewish,F,אנבל,291
Jewish,F,קולט,291
Jewish,F,רוזט,291
Jewish,F,ברית,290
Jewish,F,לואיז,290
Jewish,F,רייצ'ל,290
Jewish,F,אופרי,289
Jewish,F,אנגלינה,288
Jewish,F,רימון,288
Jewish,F,שבות,288
Jewish,F,קתרין,287
Jewish,F,עטיל,286
Jewish,F,צהלה,285
Jewish,F,אבבה,284
Jewish,F,איטא,281
Jewish,F,שוש,281
Jewish,F,מרגרט,280
Jewish,F,פניה,279
Jewish,F,סינטיה,278
Jewish,F,דורי,277
Jewish,F,יהלום,277
Jewish,F,סוסנה,274
Jewish,F,ענב,274
Jewish,F,שליו,274
Jewish,F,אמבר,273
Jewish,F,יולנדה,273
Jewish,F,מרלין,273
Jewish,F,תמימה,273
Jewish,F,גרסיאלה,272
Jewish,F,הילדה,269
Jewish,F,דיצה,268
Jewish,F,מריאל,268
Jewish,F,נטעלי,268
Jewish,F,סוזאן,268
Jewish,F,קורן,267
Jewish,F,אשלי,265
Jewish,F,דניה,265
Jewish,F,סלביה,265
Jewish,F,פיבי,265
Jewish,F,אדרת,264
Jewish,F,ברנדה,264
Jewish,F,הוד,263
Jewish,F,שנית,262
Jewish,F,רנית,261
Jewish,F,הלית,260
Jewish,F,מרילין,260
Jewish,F,תבור,259
Jewish,F,לידה,258
Jewish,F,שינא,257
Jewish,F,סבין,253
Jewish,F,פלורי,253
Jewish,F,שיינדי,252
Jewish,F,גייל,251
Jewish,F,רחמה,251
Jewish,F,תם,251
Jewish,F,אליז,250
Jewish,F,ידידה,250
Jewish,F,מלודי,250
Jewish,F,גבי,248
Jewish,F,מיראל,248
Jewish,F,מתי,248
Jewish,F,אהבה,247
Jewish,F,ברי,247
Jewish,F,לטיסיה,247
Jewish,F,דומיניק,246
Jewish,F,מונה,246
Jewish,F,עטי,246
Jewish,F,עליה,246
Jewish,F,מיקי,245
Jewish,F,סינדי,245
Jewish,F,סיני,244
Jewish,F,רויה,243
Jewish,F,ז'נט,242
Jewish,F,טיגיסט,242
Jewish,F,מאטיל,242
Jewish,F,אלוירה,241
Jewish,F,סשה,241
Jewish,F,קלייר,241
Jewish,F,מטי,240
Jewish,F,נוהר,240
Jewish,F,מסרט,239
Jewish,F,נוה,239
Jewish,F,נינל,239
Jewish,F,רוזלין,238
Jewish,F,אביגל,237
Jewish,F,גקלין,236
Jewish,F,ביילה,235
Jewish,F,שריל,235
Jewish,F,יענטא,234
Jewish,F,קיילא,234
Jewish,F,בוסנה,233
Jewish,F,פרנסין,233
Jewish,F,איבט,232
Jewish,F,גרציה,232
Jewish,F,לבונה,232
Jewish,F,עומרי,232
Jewish,F,צפנת,231
Jewish,F,מרסדס,230
Jewish,F,שנאל,230
Jewish,F,אתל,229
Jewish,F,הינדל,229
Jewish,F,לרה,228
Jewish,F,קרלה,228
Jewish,F,אריאן,227
Jewish,F,ג'ואן,227
Jewish,F,דפני,226
Jewish,F,פולה,226
Jewish,F,אילאיל,224
Jewish,F,למלם,224
Jewish,F,נטאלי,224
Jewish,F,פנינית,224
Jewish,F,ארלט,223
Jewish,F,שחרי,223
Jewish,F,מבשרת,222
Jewish,F,מסעודה,222
Jewish,F,רימונד,222
Jewish,F,אידל,221
Jewish,F,נעימה,221
Jewish,F,ענתי,220
Jewish,F,אלגרה,219
Jewish,F,בריגיט,219
Jewish,F,גאל,219
Jewish,F,פאולינה,219
Jewish,F,אפק,218
Jewish,F,אולה,217
Jewish,F,אדלינה,216
Jewish,F,אתרי,216
Jewish,F,בילי,216
Jewish,F,טאטיאנה,216
Jewish,F,קמיל,216
Jewish,F,שיר אל,216
Jewish,F,אפיק,215
Jewish,F,זנט,214
Jewish,F,מדלין,213
Jewish,F,איידי,212
Jewish,F,דיה,212
Jewish,F,ויויאנה,212
Jewish,F,קארינה,212
Jewish,F,תיאה,212
Jewish,F,נטע-לי,211
Jewish,F,שקמה,211
Jewish,F,היאלי,209
Jewish,F,לטם,209
Jewish,F,קרנית,209
Jewish,F,אנטה,208
Jewish,F,ססיל,208
Jewish,F,סרפימה,208
Jewish,F,גוליה,207
Jewish,F,שונית,207
Jewish,F,אלמיטו,206
Jewish,F,ג'ולייט,206
Jewish,F,ינינה,206
Jewish,F,ליבר,206
Jewish,F,עילית,206
Jewish,F,ראומה,206
Jewish,F,איליי,205
Jewish,F,גלילה,205
Jewish,F,זלטה,205
Jewish,F,לוטן,205
Jewish,F,רפאל,205
Jewish,F,תימור,205
Jewish,F,אינגריד,204
Jewish,F,ביאנה,204
Jewish,F,סאן,203
Jewish,F,סולטנה,203
Jewish,F,קלואי,203
Jewish,F,ויטה,202
Jewish,F,טלילה,202
Jewish,F,שנה,202
Jewish,F,תניה,202
Jewish,F,דלילה,201
Jewish,F,פריידה,201
Jewish,F,רעכל,201
Jewish,F,שונטל,201
Jewish,F,מורל,200
Jewish,F,יוכי,199
Jewish,F,אנטונינה,198
Jewish,F,ג'ודית,198
Jewish,F,כוכבית,197
Jewish,F,שיילי,196
Jewish,F,אלגריה,195
Jewish,F,אלמנש,195
Jewish,F,דברת,195
Jewish,F,הדרה,195
Jewish,F,נוית,195
Jewish,F,רימונה,195
Jewish,F,אנני,194
Jewish,F,סמנטה,194
Jewish,F,סלעית,193
Jewish,F,אנדריאה,192
Jewish,F,ענוה,191
Jewish,F,פירה,191
Jewish,F,קלבדיה,191
Jewish,F,אספיר,190
Jewish,F,דין,190
Jewish,F,ויולט,190
Jewish,F,מרין,190
Jewish,F,נינו,190
Jewish,F,רעכיל,190
Jewish,F,שרלוט,190
Jewish,F,לוסיה,189
Jewish,F,מרוה,189
Jewish,F,אלית,188
Jewish,F,נחלה,188
Jewish,F,סמנתה,188
Jewish,F,קילא,188
Jewish,F,קמי,188
Jewish,F,בתשבע,187
Jewish,F,טדלה,187
Jewish,F,יראת,187
Jewish,F,כרמן,187
Jewish,F,קיילי,187
Jewish,F,רוזנה,187
Jewish,F,רויזא,187
Jewish,F,מרצדס,186
Jewish,F,שיאל,186
Jewish,F,אוולינה,185
Jewish,F,היידי,185
Jewish,F,טגסט,185
Jewish,F,מילן,185
Jewish,F,מלכי,185
Jewish,F,אבלינה,184
Jewish,F,חסידה,184
Jewish,F,טרז,184
Jewish,F,ליבת,184
Jewish,F,סווטלנה,184
Jewish,F,וורקה,183
Jewish,F,מרגו,183
Jewish,F,סאני,183
Jewish,F,צורית,183
Jewish,F,שלומציון,183
Jewish,F,אליונה,182
Jewish,F,טרי,182
Jewish,F,פעסיל,182
Jewish,F,בלוריה,181
Jewish,F,זיוית,181
Jewish,F,עזיזה,181
Jewish,F,גאלדא,180
Jewish,F,חווה,180
Jewish,F,אורלית,179
Jewish,F,ביאנקה,179
Jewish,F,ג'יין,179
Jewish,F,ג'ינה,179
Jewish,F,מולי,179
Jewish,F,סמירה,179
Jewish,F,פולט,179
Jewish,F,פנטנש,179
Jewish,F,אולין,178
Jewish,F,סילבנה,178
Jewish,F,אורליה,177
Jewish,F,דייזי,177
Jewish,F,יפעה,177
Jewish,F,נאורה,177
Jewish,F,גולי,176
Jewish,F,גתית,176
Jewish,F,אפריל,175
Jewish,F,מירטה,174
Jewish,F,גני,173
Jewish,F,נהרה,173
Jewish,F,פייגל,173
Jewish,F,אקטרינה,172
Jewish,F,נוייה,172
Jewish,F,ליקה,171
Jewish,F,סגולה,171
Jewish,F,רומינה,171
Jewish,F,אנגלה,170
Jewish,F,ילין,170
Jewish,F,לאנה,170
Jewish,F,ניבי,170
Jewish,F,פריידי,170
Jewish,F,שרלי,170
Jewish,F,אדיסה,169
Jewish,F,ולדה,169
Jewish,F,ססיליה,169
Jewish,F,אסטל,168
Jewish,F,באטריס,168
Jewish,F,גניפר,168
Jewish,F,כוכב,168
Jewish,F,עינה,168
Jewish,F,ג'נה,167
Jewish,F,פיגה,167
Jewish,F,שירת,167
Jewish,F,היא-לי,166
Jewish,F,לורנה,166
Jewish,F,סער,166
Jewish,F,פסי,166
Jewish,F,איטל,165
Jewish,F,דלפין,165
Jewish,F,ויולטה,165
Jewish,F,סיאל,165
Jewish,F,ערגה,165
Jewish,F,פדות,165
Jewish,F,שטרנא,165
Jewish,F,אאידה,164
Jewish,F,יוהנה,164
Jewish,F,אימרי,163
Jewish,F,לארה,163
Jewish,F,מוראל,163
Jewish,F,מזיה,163
Jewish,F,ינה,162
Jewish,F,באר,161
Jewish,F,מיכאל,161
Jewish,F,מירלה,161
Jewish,F,פנטה,161
Jewish,F,ריבי,161
Jewish,F,לב,160
Jewish,F,רוניה,160
Jewish,F,גילית,159
Jewish,F,מרשה,159
Jewish,F,פביאן,159
Jewish,F,רוזיטה,159
Jewish,F,שושן,159
Jewish,F,שרינה,159
Jewish,F,אלודי,158
Jewish,F,מניה,158
Jewish,F,מריסה,158
Jewish,F,סילויה,158
Jewish,F,שובי,158
Jewish,F,כינרת,157
Jewish,F,כנה,157
Jewish,F,רקל,157
Jewish,F,שיינדיל,157
Jewish,F,סליה,156
Jewish,F,רדמילה,156
Jewish,F,ארגמן,155
Jewish,F,הילני,155
Jewish,F,טרזה,155
Jewish,F,נסלי,155
Jewish,F,צוריה,155
Jewish,F,וקטוריה,154
Jewish,F,לימאי,154
Jewish,F,מיקאלה,154
Jewish,F,אגנס,153
Jewish,F,ארי,153
Jewish,F,יער,153
Jewish,F,אילן,152
Jewish,F,ג'ניה,152
Jewish,F,סיניה,152
Jewish,F,עשירה,152
Jewish,F,רוקסנה,152
Jewish,F,וונדי,151
Jewish,F,מושית,151
Jewish,F,פולי,151
Jewish,F,צירה,151
Jewish,F,צפרירה,151
Jewish,F,קלריס,151
Jewish,F,תניא,151
Jewish,F,אללה,150
Jewish,F,יטל,150
Jewish,F,איירוס,149
Jewish,F,בוני,149
Jewish,F,טאיסיה,149
Jewish,F,אסטלה,148
Jewish,F,יואלה,148
Jewish,F,לולו,148
Jewish,F,פטריציה,148
Jewish,F,שאשא,148
Jewish,F,ברוניה,147
Jewish,F,גלדיס,147
Jewish,F,עמנואלה,147
Jewish,F,קאי,147
Jewish,F,רוברטה,147
Jewish,F,שון,147
Jewish,F,אל,146
Jewish,F,אליאורה,146
Jewish,F,חדווה,146
Jewish,F,לאל,146
Jewish,F,נורי,146
Jewish,F,צמרת,146
Jewish,F,שיילה,146
Jewish,F,מורג,145
Jewish,F,נוף,145
Jewish,F,עמירה,145
Jewish,F,קימברלי,145
Jewish,F,אלווירה,144
Jewish,F,אלסה,144
Jewish,F,מנטגבוש,144
Jewish,F,סביון,144
Jewish,F,אופאל,143
Jewish,F,ג'יזל,143
Jewish,F,גרטה,143
Jewish,F,וידה,143
Jewish,F,טום,143
Jewish,F,צילי,143
Jewish,F,קורינה,143
Jewish,F,איזולדה,142
Jewish,F,אליאונורה,142
Jewish,F,חפצי,142
Jewish,F,מגלי,142
Jewish,F,מריון,142
Jewish,F,עטר,142
Jewish,F,פליאה,142
Jewish,F,ציביה,142
Jewish,F,איירין,141
Jewish,F,בטינה,141
Jewish,F,נתי,141
Jewish,F,שובה,141
Jewish,F,ביתיה,140
Jewish,F,טובית,140
Jewish,F,ירוס,140
Jewish,F,פעריל,140
Jewish,F,אילור,139
Jewish,F,ג'ויס,139
Jewish,F,דרינה,139
Jewish,F,ליביה,139
Jewish,F,מליה,139
Jewish,F,עלמנש,139
Jewish,F,גינה,137
Jewish,F,טמילה,137
Jewish,F,לי-שי,137
Jewish,F,מליא,137
Jewish,F,קייט,137
Jewish,F,שי-אל,137
Jewish,F,גיזלה,136
Jewish,F,לילית,136
Jewish,F,פועה,136
Jewish,F,רודיקה,136
Jewish,F,בריינא,135
Jewish,F,טילא,135
Jewish,F,יה-לי,135
Jewish,F,לור,135
Jewish,F,פריבה,135
Jewish,F,רייזא,135
Jewish,F,תמנע,135
Jewish,F,ללה,134
Jewish,F,שיר-אל,134
Jewish,F,אדריאן,133
Jewish,F,ג'וסלין,133
Jewish,F,נורמה,133
Jewish,F,קטלין,133
Jewish,F,ריימונד,133
Jewish,F,אריה,132
Jewish,F,העניא,132
Jewish,F,טגיסט,132
Jewish,F,נואל,132
Jewish,F,שריתה,132
Jewish,F,ג'ון,131
Jewish,F,הינדי,131
Jewish,F,יוני,131
Jewish,F,לי-ים,131
Jewish,F,מלכות,131
Jewish,F,מרסיה,131
Jewish,F,ריינה,131
Jewish,F,הדי,130
Jewish,F,הלינה,130
Jewish,F,ניצנה,130
Jewish,F,סוף,130
Jewish,F,אייל,129
Jewish,F,אירוס,129
Jewish,F,מדי,128
Jewish,F,מתנה,128
Jewish,F,מולונש,127
Jewish,F,מיא,127
Jewish,F,אודאל,126
Jewish,F,אחווה,126
Jewish,F,מקדס,126
Jewish,F,פסקל,126
Jewish,F,שיקמה,126
Jewish,F,אבי,125
Jewish,F,אומה,125
Jewish,F,ג'והנה,125
Jewish,F,הענדל,125
Jewish,F,מנדי,125
Jewish,F,סרינה,125
Jewish,F,תרזה,125
Jewish,F,אדה,124
Jewish,F,אלטא,124
Jewish,F,דוראל,124
Jewish,F,הנדל,124
Jewish,F,חייה,124
Jewish,F,מסודי,124
Jewish,F,סולנג',124
Jewish,F,עטקא,124
Jewish,F,קלר,124
Jewish,F,ג'ורג'ט,123
Jewish,F,הרצליה,123
Jewish,F,אדנה,122
Jewish,F,אלכסה,122
Jewish,F,אנדריה,122
Jewish,F,דבש,122
Jewish,F,הילרי,122
Jewish,F,טומי,122
Jewish,F,להב,122
Jewish,F,גורגט,121
Jewish,F,יולנד,121
Jewish,F,לירית,121
Jewish,F,מלבינה,121
Jewish,F,מרל,121
Jewish,F,מתילדה,121
Jewish,F,לוליטה,120
Jewish,F,מרגנית,120
Jewish,F,עליסה,120
Jewish,F,שרח,120
Jewish,F,אודם,119
Jewish,F,איתנה,119
Jewish,F,אנג'ל,119
Jewish,F,גיזל,119
Jewish,F,דוריאן,119
Jewish,F,טויבע,119
Jewish,F,לינס,119
Jewish,F,סופה,119
Jewish,F,סתוית,119
Jewish,F,ריעות,119
Jewish,F,לחן,118
Jewish,F,סטייסי,118
Jewish,F,פעשא,118
Jewish,F,רמית,118
Jewish,F,דיינה,117
Jewish,F,היא,117
Jewish,F,הלליה,117
Jewish,F,טרייסי,117
Jewish,F,יעלת חן,117
Jewish,F,ספי,117
Jewish,F,פערי,117
Jewish,F,ציפא,117
Jewish,F,רוסלנה,117
Jewish,F,דורינה,116
Jewish,F,ז'נטה,116
Jewish,F,עטיא,116
Jewish,F,שרין,116
Jewish,F,יאירה,115
Jewish,F,ניל,115
Jewish,F,פביאנה,115
Jewish,F,תיקי,115
Jewish,F,בליינש,114
Jewish,F,ג'סי,114
Jewish,F,גרייס,114
Jewish,F,דבורית,114
Jewish,F,זהרי,114
Jewish,F,זרינה,114
Jewish,F,ניקולה,114
Jewish,F,סינורה,114
Jewish,F,קרוליין,114
Jewish,F,שגיא,114
Jewish,F,תאי,114
Jewish,F,אדיס,113
Jewish,F,אור אל,113
Jewish,F,אסי,113
Jewish,F,ליובה,113
Jewish,F,יוטה,112
Jewish,F,לאור,112
Jewish,F,מלוינה,112
Jewish,F,רוזלי,112
Jewish,F,שניר,112
Jewish,F,אלני,111
Jewish,F,ארנונה,111
Jewish,F,חנינה,111
Jewish,F,מריאלה,111
Jewish,F,מריל,111
Jewish,F,שלה,111
Jewish,F,בלן,110
Jewish,F,גינת,110
Jewish,F,מרגריט,110
Jewish,F,נהר,110
Jewish,F,נני,110
Jewish,F,צרויה,110
Jewish,F,קלקידן,110
Jewish,F,רומיה,110
Jewish,F,איווט,109
Jewish,F,חמדת,109
Jewish,F,יונינה,109
Jewish,F,מיליה,109
Jewish,F,קמליה,109
Jewish,F,אוריאל,108
Jewish,F,ארץ,108
Jewish,F,בברלי,108
Jewish,F,ג'יל,108
Jewish,F,גולנרה,108
Jewish,F,גילדה,108
Jewish,F,טאיה,108
Jewish,F,לאיה,108
Jewish,F,ליהן,108
Jewish,F,מאטל,108
Jewish,F,מלינה,108
Jewish,F,פיי,108
Jewish,F,שורה,108
Jewish,F,אנא,107
Jewish,F,אתיה,107
Jewish,F,מיריי,107
Jewish,F,מתת,107
Jewish,F,סבטה,107
Jewish,F,פעסל,107
Jewish,F,רוזית,107
Jewish,F,אדליה,106
Jewish,F,לוריאן,106
Jewish,F,סוליקה,106
Jewish,F,עדאל,106
Jewish,F,פיליס,106
Jewish,F,קאיה,106
Jewish,F,רדה,106
Jewish,F,שלווה,106
Jewish,F,אטרי,105
Jewish,F,אנקה,105
Jewish,F,ברטוקן,105
Jewish,F,גודי,105
Jewish,F,דוברת,105
Jewish,F,וודה,105
Jewish,F,נזי,105
Jewish,F,רייצא,105
Jewish,F,אור-לי,104
Jewish,F,אנג'לינה,104
Jewish,F,הולואגר,104
Jewish,F,לאלי,104
Jewish,F,ליחן,104
Jewish,F,סטערנא,104
Jewish,F,פסיקה,104
Jewish,F,אור-אל,103
Jewish,F,טיטי,103
Jewish,F,לי-יה,103
Jewish,F,מאלי,103
Jewish,F,מסעודי,103
Jewish,F,ניקי,103
Jewish,F,סילבינה,103
Jewish,F,פלגוש,103
Jewish,F,פלורנסיה,103
Jewish,F,ציפה,103
Jewish,F,ריקל,103
Jewish,F,זרי,102
Jewish,F,מוסיה,102
Jewish,F,מצדה,102
Jewish,F,סעדה,102
Jewish,F,פרנסיס,102
Jewish,F,קרי,102
Jewish,F,אברו,101
Jewish,F,בלימה,101
Jewish,F,גיליה,101
Jewish,F,גלה,101
Jewish,F,זילפה,101
Jewish,F,ליא,101
Jewish,F,אטלה,100
Jewish,F,ארזה,100
Jewish,F,ג'נין,100
Jewish,F,טאי,100
Jewish,F,נל,100
Jewish,F,פלורינה,100
Jewish,F,שר,100
Jewish,F,אגרנש,99
Jewish,F,אדינה,99
Jewish,F,גסיקה,99
Jewish,F,זהורית,99
Jewish,F,לי אל,99
Jewish,F,לי-אל,99
Jewish,F,שיין,99
Jewish,F,אוליאנה,98
Jewish,F,בסיה,98
Jewish,F,זיסי,98
Jewish,F,זנה,98
Jewish,F,חסיבה,98
Jewish,F,לוסיאנה,98
Jewish,F,מייטל,98
Jewish,F,קלריסה,98
Jewish,F,רונאל,98
Jewish,F,בלינדה,97
Jewish,F,ג'יליאן,97
Jewish,F,דילן,97
Jewish,F,צהיינש,97
Jewish,F,ציליה,97
Jewish,F,אודיל,96
Jewish,F,ג'יימי,96
Jewish,F,גולן,96
Jewish,F,הלי,96
Jewish,F,מקסין,96
Jewish,F,פרנסואז,96
Jewish,F,תובל,96
Jewish,F,אבגניה,95
Jewish,F,היווט,95
Jewish,F,טויבה,95
Jewish,F,מרגרטה,95
Jewish,F,סולנג,95
Jewish,F,פלור,95
Jewish,F,אורייה,94
Jewish,F,באשע,94
Jewish,F,בט,94
Jewish,F,ביאטה,94
Jewish,F,לוריין,94
Jewish,F,נאווה,94
Jewish,F,נוריה,94
Jewish,F,נירי,94
Jewish,F,אורנלה,93
Jewish,F,בתי,93
Jewish,F,לואן,93
Jewish,F,צפרה,93
Jewish,F,רוסה,93
Jewish,F,אלדה,92
Jewish,F,בהירה,92
Jewish,F,ולדיסלבה,92
Jewish,F,ז'ואל,92
Jewish,F,זאודיטו,92
Jewish,F,נופיה,92
Jewish,F,נטי,92
Jewish,F,עילאי,92
Jewish,F,שרל,92
Jewish,F,תאיה,92
Jewish,F,תדהר,92
Jewish,F,איתי,91
Jewish,F,אנגואץ',91
Jewish,F,גון,91
Jewish,F,ויוי,91
Jewish,F,זעלדא,91
Jewish,F,מטל,91
Jewish,F,מתוקה,91
Jewish,F,רוויטל,91
Jewish,F,אבבו,90
Jewish,F,אור-יה,90
Jewish,F,אטה,90
Jewish,F,אמית,90
Jewish,F,אספו,90
Jewish,F,ג'ניס,90
Jewish,F,דלי,90
Jewish,F,ואלרי,90
Jewish,F,ויקטורי,90
Jewish,F,יהלומה,90
Jewish,F,יטי,90
Jewish,F,מיטרה,90
Jewish,F,נאדין,90
Jewish,F,סי,90
Jewish,F,שרלין,90
Jewish,F,ארלין,89
Jewish,F,בריז'יט,89
Jewish,F,נס,89
Jewish,F,סיסי,89
Jewish,F,קוטי,89
Jewish,F,קרן-אור,89
Jewish,F,אנגודאי,88
Jewish,F,אנייש,88
Jewish,F,ג'אנה,88
Jewish,F,גוליט,88
Jewish,F,זוהרית,88
Jewish,F,מינדה,88
Jewish,F,פאניה,88
Jewish,F,ראות,88
Jewish,F,רונלי,88
Jewish,F,רמונה,88
Jewish,F,אדיט,87
Jewish,F,אילין,87
Jewish,F,אלבטינה,87
Jewish,F,אלחנדרה,87
Jewish,F,זלפה,87
Jewish,F,מדינה,87
Jewish,F,ניה,87
Jewish,F,סוריה,87
Jewish,F,פריידל,87
Jewish,F,אורלין,86
Jewish,F,בת-ציון,86
Jewish,F,הענטשא,86
Jewish,F,חיותה,86
Jewish,F,מיאה,86
Jewish,F,מירון,86
Jewish,F,סילבה,86
Jewish,F,תמירה,86
Jewish,F,אלדר,85
Jewish,F,אליין,85
Jewish,F,דביר,85
Jewish,F,דודי,85
Jewish,F,דון,85
Jewish,F,דסטה,85
Jewish,F,זמטו,85
Jewish,F,טבע,85
Jewish,F,יגל,85
Jewish,F,כוכי,85
Jewish,F,לי שי,85
Jewish,F,מרסי,85
Jewish,F,עימנואל,85
Jewish,F,קדן,85
Jewish,F,קלוד,85
Jewish,F,אביגאל,84
Jewish,F,אדירה,84
Jewish,F,אשרה,84
Jewish,F,הולי,84
Jewish,F,ויטל,84
Jewish,F,לאונורה,84
Jewish,F,מאמיי,84
Jewish,F,ניבר,84
Jewish,F,סוזאנה,84
Jewish,F,סלינה,84
Jewish,F,פנטאנש,84
Jewish,F,קטמה,84
Jewish,F,ראדה,84
Jewish,F,רג'ין,84
Jewish,F,תירצה,84
Jewish,F,אולנה,83
Jewish,F,איליין,83
Jewish,F,בריינדי,83
Jewish,F,ג'וליאנה,83
Jewish,F,חוי,83
Jewish,F,מנואלה,83
Jewish,F,משכית,83
Jewish,F,פרימט,83
Jewish,F,אלון,82
Jewish,F,ארד,82
Jewish,F,טימור,82
Jewish,F,טרה,82
Jewish,F,מינו,82
Jewish,F,פלורין,82
Jewish,F,קיארה,82
Jewish,F,קריסטין,82
Jewish,F,שהלה,82
Jewish,F,טנא,81
Jewish,F,סלם,81
Jewish,F,פלא,81
Jewish,F,קליה,81
Jewish,F,רונדה,81
Jewish,F,שהנז,81
Jewish,F,שירל,81
Jewish,F,איראידה,80
Jewish,F,אלסיה,80
Jewish,F,אנאיס,80
Jewish,F,אננו,80
Jewish,F,ג'וליט,80
Jewish,F,ליבנה,80
Jewish,F,מילאנה,80
Jewish,F,נאור,80
Jewish,F,נחל,80
Jewish,F,סטפניה,80
Jewish,F,עלית,80
Jewish,F,פיה,80
Jewish,F,רוי,80
Jewish,F,שאנה,80
Jewish,F,אסמירה,79
Jewish,F,ג'ייד,79
Jewish,F,ג'ין,79
Jewish,F,ויולה,79
Jewish,F,לדה,79
Jewish,F,לואיס,79
Jewish,F,לליב,79
Jewish,F,פראדי,79
Jewish,F,פראדיל,79
Jewish,F,קאמי,79
Jewish,F,קלודיה,79
Jewish,F,רג'ינה,79
Jewish,F,שנון,79
Jewish,F,תרין,79
Jewish,F,אוגניה,78
Jewish,F,איננה,78
Jewish,F,אסמרו,78
Jewish,F,בינת,78
Jewish,F,גאלה,78
Jewish,F,דינור,78
Jewish,F,טריק,78
Jewish,F,יהלה,78
Jewish,F,ירונה,78
Jewish,F,מדונה,78
Jewish,F,מורגן,78
Jewish,F,סינתיה,78
Jewish,F,עונג,78
Jewish,F,צ'קולה,78
Jewish,F,צחית,78
Jewish,F,ריילי,78
Jewish,F,תמוז,78
Jewish,F,אהרונה,77
Jewish,F,איידה,77
Jewish,F,אמרי,77
Jewish,F,אסרס,77
Jewish,F,בוורלי,77
Jewish,F,גיה,77
Jewish,F,ינטה,77
Jewish,F,מדלנה,77
Jewish,F,מישלין,77
Jewish,F,סערל,77
Jewish,F,צרי,77
Jewish,F,רושל,77
Jewish,F,שי-יה,77
Jewish,F,גרסיה,76
Jewish,F,זנבו,76
Jewish,F,חשן,76
Jewish,F,טוב,76
Jewish,F,מגדה,76
Jewish,F,מי,76
Jewish,F,פרננדה,76
Jewish,F,ריאן,76
Jewish,F,איוט,75
Jewish,F,אמרץ',75
Jewish,F,יאלי,75
Jewish,F,יקרת,75
Jewish,F,מלה,75
Jewish,F,נוב,75
Jewish,F,נקדם,75
Jewish,F,קנדיס,75
Jewish,F,רנן,75
Jewish,F,אופליה,74
Jewish,F,איילי,74
Jewish,F,אנליה,74
Jewish,F,אשכר,74
Jewish,F,גואן,74
Jewish,F,הניא,74
Jewish,F,ילי,74
Jewish,F,מרטינה,74
Jewish,F,מרלה,74
Jewish,F,פורת,74
Jewish,F,צופנת,74
Jewish,F,ראדא,74
Jewish,F,שטרנה,74
Jewish,F,תמנה,74
Jewish,F,אימי,73
Jewish,F,אלינורה,73
Jewish,F,בלאיינש,73
Jewish,F,דאנה,73
Jewish,F,טיגסט,73
Jewish,F,יקוט,73
Jewish,F,נתניה,73
Jewish,F,פרימה,73
Jewish,F,ציאלה,73
Jewish,F,רייזיל,73
Jewish,F,שמעונה,73
Jewish,F,איוון,72
Jewish,F,בושמת,72
Jewish,F,ג'רלדין,72
Jewish,F,גביאנש,72
Jewish,F,יאן,72
Jewish,F,לירוז,72
Jewish,F,מוסיא,72
Jewish,F,מורי,72
Jewish,F,מיכלי,72
Jewish,F,נאטלי,72
Jewish,F,נגב,72
Jewish,F,סלמה,72
Jewish,F,פיאנה,72
Jewish,F,פעסי,72
Jewish,F,רוסנה,72
Jewish,F,אדי,71
Jewish,F,אימבר,71
Jewish,F,אסמרה,71
Jewish,F,ג'ולייטה,71
Jewish,F,ג'ורדנה,71
Jewish,F,הלין,71
Jewish,F,העני,71
Jewish,F,ונדה,71
Jewish,F,טורי,71
Jewish,F,יודפת,71
Jewish,F,לו,71
Jewish,F,סנאית,71
Jewish,F,אגת,70
Jewish,F,אלבה,70
Jewish,F,אנדרה,70
Jewish,F,אשרית,70
Jewish,F,גולייט,70
Jewish,F,דוידה,70
Jewish,F,הנה,70
Jewish,F,כלילה,70
Jewish,F,לביא,70
Jewish,F,ניסל,70
Jewish,F,ננולי,70
Jewish,F,סברין,70
Jewish,F,רוזמרי,70
Jewish,F,רזיה,70
Jewish,F,שבי,70
Jewish,F,שחרית,70
Jewish,F,אייבי,69
Jewish,F,אספירה,69
Jewish,F,ארנית,69
Jewish,F,ברנו,69
Jewish,F,האבטאם,69
Jewish,F,הדרי,69
Jewish,F,וירג'יני,69
Jewish,F,ונדי,69
Jewish,F,טירנה,69
Jewish,F,יואנה,69
Jewish,F,ישיוורק,69
Jewish,F,ליעם,69
Jewish,F,מיקול,69
Jewish,F,נאירה,69
Jewish,F,נועמי,69
Jewish,F,צהיי,69
Jewish,F,רומה,69
Jewish,F,רייצל,69
Jewish,F,רנדי,69
Jewish,F,תאה,69
Jewish,F,איזה,68
Jewish,F,אמנה,68
Jewish,F,אשחר,68
Jewish,F,באשא,68
Jewish,F,בריינה,68
Jewish,F,טקלה,68
Jewish,F,לוריא,68
Jewish,F,ליו,68
Jewish,F,מאילי,68
Jewish,F,מריטו,68
Jewish,F,נעכא,68
Jewish,F,פאולין,68
Jewish,F,פגי,68
Jewish,F,רויאל,68
Jewish,F,אוהב,67
Jewish,F,אולי,67
Jewish,F,גביינש,67
Jewish,F,גוטא,67
Jewish,F,היוט,67
Jewish,F,טויבי,67
Jewish,F,לואיסה,67
Jewish,F,לורט,67
Jewish,F,ליענה,67
Jewish,F,ממיט,67
Jewish,F,נובה,67
Jewish,F,פוריה,67
Jewish,F,פייגע,67
Jewish,F,קליר,67
Jewish,F,שראל,67
Jewish,F,תומי,67
Jewish,F,אבגיל,66
Jewish,F,איוונה,66
Jewish,F,אלמס,66
Jewish,F,גלאור,66
Jewish,F,גלנה,66
Jewish,F,טנה,66
Jewish,F,יהלומית,66
Jewish,F,כחל,66
Jewish,F,מאל,66
Jewish,F,נטאליה,66
Jewish,F,פיונה,66
Jewish,F,ריסה,66
Jewish,F,שונמית,66
Jewish,F,אדיטה,65
Jewish,F,אסנקו,65
Jewish,F,ברניס,65
Jewish,F,ווביט,65
Jewish,F,טשארנא,65
Jewish,F,ישי,65
Jewish,F,מירנה,65
Jewish,F,נגסט,65
Jewish,F,סלאם,65
Jewish,F,רוחלה,65
Jewish,F,רינתיה,65
Jewish,F,שינה,65
Jewish,F,אימבט,64
Jewish,F,אלאור,64
Jewish,F,אנדי,64
Jewish,F,ג'ויה,64
Jewish,F,דגיטו,64
Jewish,F,ורברה,64
Jewish,F,טטינה,64
Jewish,F,ימנה,64
Jewish,F,ירושה,64
Jewish,F,ישארג,64
Jewish,F,מאריטו,64
Jewish,F,מהנז,64
Jewish,F,מל,64
Jewish,F,מלנה,64
Jewish,F,נטף,64
Jewish,F,עומרית,64
Jewish,F,פלביה,64
Jewish,F,אורייאן,63
Jewish,F,בלימי,63
Jewish,F,טאדילה,63
Jewish,F,ירושלים,63
Jewish,F,ליאונה,63
Jewish,F,מרגוט,63
Jewish,F,נחה,63
Jewish,F,ניראל,63
Jewish,F,סטפאני,63
Jewish,F,סיליה,63
Jewish,F,קלודט,63
Jewish,F,ראשל,63
Jewish,F,רוחה,63
Jewish,F,אזמרה,62
Jewish,F,איוה,62
Jewish,F,אלטה,62
Jewish,F,אניק,62
Jewish,F,אריא,62
Jewish,F,בלטו,62
Jewish,F,בללה,62
Jewish,F,בראל,62
Jewish,F,גואל,62
Jewish,F,גת,62
Jewish,F,וירה,62
Jewish,F,טרויה,62
Jewish,F,לינט,62
Jewish,F,נהיד,62
Jewish,F,נואית,62
Jewish,F,נצנת,62
Jewish,F,פטרישיה,62
Jewish,F,קיטי,62
Jewish,F,קייטי,62
Jewish,F,רבקי,62
Jewish,F,אגנטה,61
Jewish,F,אמינה,61
Jewish,F,אסטר,61
Jewish,F,אסתל,61
Jewish,F,גפנית,61
Jewish,F,טירו,61
Jewish,F,לאונור,61
Jewish,F,לירוי,61
Jewish,F,מרית,61
Jewish,F,סאשה,61
Jewish,F,צלה,61
Jewish,F,רוזין,61
Jewish,F,שהין,61
Jewish,F,שימחה,61
Jewish,F,אגנסה,60
Jewish,F,אמן,60
Jewish,F,אנאנה,60
Jewish,F,אתאל,60
Jewish,F,גדית,60
Jewish,F,גוסלין,60
Jewish,F,דסש,60
Jewish,F,ונרה,60
Jewish,F,חי,60
Jewish,F,חתונה,60
Jewish,F,טלמור,60
Jewish,F,מגדלנה,60
Jewish,F,נתליה,60
Jewish,F,סידני,60
Jewish,F,עמיה,60
Jewish,F,פלינה,60
Jewish,F,פרנוס,60
Jewish,F,צהלי,60
Jewish,F,צלילה,60
Jewish,F,רלה,60
Jewish,F,אטואל,59
Jewish,F,איבי,59
Jewish,F,אלדנה,59
Jewish,F,אלנרה,59
Jewish,F,אנגליקה,59
Jewish,F,אסתרה,59
Jewish,F,אשגרו,59
Jewish,F,בילהה,59
Jewish,F,ברנה,59
Jewish,F,זוסלין,59
Jewish,F,זמנאי,59
Jewish,F,טרו,59
Jewish,F,יולה,59
Jewish,F,להבה,59
Jewish,F,פירחה,59
Jewish,F,רוקסן,59
Jewish,F,אליקה,58
Jewish,F,אלנית,58
Jewish,F,ארזו,58
Jewish,F,ג'אנט,58
Jewish,F,דגן,58
Jewish,F,דותן,58
Jewish,F,יטאייש,58
Jewish,F,מבל,58
Jewish,F,קנו,58
Jewish,F,קרלי,58
Jewish,F,רוזלינד,58
Jewish,F,שגב,58
Jewish,F,אדלין,57
Jewish,F,אירדה,57
Jewish,F,אליאל,57
Jewish,F,בלימא,57
Jewish,F,בת אור,57
Jewish,F,דורותי,57
Jewish,F,ז'אנטה,57
Jewish,F,זולי,57
Jewish,F,טעמא,57
Jewish,F,מייטא,57
Jewish,F,מיכלא,57
Jewish,F,נסה,57
Jewish,F,נתנאל,57
Jewish,F,פורים,57
Jewish,F,קלואה,57
Jewish,F,רוויה,57
Jewish,F,רן,57
Jewish,F,שפי,57
Jewish,F,אביאלה,56
Jewish,F,אור חן,56
Jewish,F,אטיה,56
Jewish,F,בלנקה,56
Jewish,F,גיולנרה,56
Jewish,F,ז'ולי,56
Jewish,F,זאנה,56
Jewish,F,טיפני,56
Jewish,F,יבה,56
Jewish,F,יוספינה,56
Jewish,F,מיאור,56
Jewish,F,נאוית,56
Jewish,F,קאטי,56
Jewish,F,אוראלי,55
Jewish,F,אלכסיה,55
Jewish,F,אלסנדרה,55
Jewish,F,אנג'י,55
Jewish,F,ביילי,55
Jewish,F,גורגיה,55
Jewish,F,גרציאלה,55
Jewish,F,וורה,55
Jewish,F,וסיליסה,55
Jewish,F,יוטל,55
Jewish,F,יטה,55
Jewish,F,יערי,55
Jewish,F,לידי,55
Jewish,F,למרה,55
Jewish,F,מירוסלבה,55
Jewish,F,מלקם,55
Jewish,F,סועד,55
Jewish,F,עתר,55
Jewish,F,קסנש,55
Jewish,F,ראם,55
Jewish,F,רהב,55
Jewish,F,רודא,55
Jewish,F,רימונדה,55
Jewish,F,תו,55
Jewish,F,אניס,54
Jewish,F,אסנקה,54
Jewish,F,דובה,54
Jewish,F,וורקיה,54
Jewish,F,ויקה,54
Jewish,F,טאריק,54
Jewish,F,טגואדה,54
Jewish,F,טיה,54
Jewish,F,טילה,54
Jewish,F,ליאוני,54
Jewish,F,מזלי,54
Jewish,F,מי-טל,54
Jewish,F,מנואל,54
Jewish,F,נטיה,54
Jewish,F,ניצנית,54
Jewish,F,פולין,54
Jewish,F,צפיה,54
Jewish,F,אביחיל,53
Jewish,F,אווי,53
Jewish,F,אליונורה,53
Jewish,F,אנייס,53
Jewish,F,ג'ואי,53
Jewish,F,גבע,53
Jewish,F,הדיה,53
Jewish,F,ז'אנט,53
Jewish,F,חיננית,53
Jewish,F,מורית,53
Jewish,F,מלקאם,53
Jewish,F,נשמה,53
Jewish,F,סנדו,53
Jewish,F,סקאי,53
Jewish,F,פלורית,53
Jewish,F,ראיה,53
Jewish,F,ריו,53
Jewish,F,אבוסנט,52
Jewish,F,אברש,52
Jewish,F,אילון,52
Jewish,F,אסתריה,52
Jewish,F,ארגיטו,52
Jewish,F,בירקה,52
Jewish,F,גניס,52
Jewish,F,דינרה,52
Jewish,F,ז'וסלין,52
Jewish,F,טני,52
Jewish,F,ישרג,52
Jewish,F,לויזה,52
Jewish,F,לורל,52
Jewish,F,מאינה,52
Jewish,F,מארה,52
Jewish,F,מריקה,52
Jewish,F,פרלי,52
Jewish,F,רודה,52
Jewish,F,שחק,52
Jewish,F,שמש,52
Jewish,F,שפרינצה,52
Jewish,F,שריאל,52
Jewish,F,תדלה,52
Jewish,F,אלמוגית,51
Jewish,F,אמל,51
Jewish,F,אנהאל,51
Jewish,F,ג'קי,51
Jewish,F,הנריאטה,51
Jewish,F,טלאל,51
Jewish,F,לאריסה,51
Jewish,F,לויה,51
Jewish,F,ליאון,51
Jewish,F,מארינה,51
Jewish,F,מייגן,51
Jewish,F,סוזט,51
Jewish,F,סנדה,51
Jewish,F,עדילי,51
Jewish,F,פאולט,51
Jewish,F,קארה,51
Jewish,F,קטלינה,51
Jewish,F,רגין,51
Jewish,F,רואי,51
Jewish,F,שיינע,51
Jewish,F,שילב,51
Jewish,F,שיריי,51
Jewish,F,אטנש,50
Jewish,F,איבגניה,50
Jewish,F,איבונה,50
Jewish,F,אירין,50
Jewish,F,איתיה,50
Jewish,F,אניקה,50
Jewish,F,בטסי,50
Jewish,F,גאליה,50
Jewish,F,גיננדל,50
Jewish,F,הנרייט,50
Jewish,F,טג'ה,50
Jewish,F,טובא,50
Jewish,F,טל-אור,50
Jewish,F,טללית,50
Jewish,F,טשרנא,50
Jewish,F,לי-היא,50
Jewish,F,מאשא,50
Jewish,F,מינאלו,50
Jewish,F,מפל,50
Jewish,F,ניסן,50
Jewish,F,סונה,50
Jewish,F,עליז,50
Jewish,F,פטל,50
Jewish,F,פטרה,50
Jewish,F,פרידי,50
Jewish,F,צפי,50
Jewish,F,קסיה,50
Jewish,F,רוסודן,50
Jewish,F,רנת,50
Jewish,F,שאשה,50
Jewish,F,תות,50
Jewish,F,אוראן,49
Jewish,F,איבטה,49
Jewish,F,אילינה,49
Jewish,F,בת-עמי,49
Jewish,F,ג'ורג'יה,49
Jewish,F,הרמינה,49
Jewish,F,ינית,49
Jewish,F,ליאו,49
Jewish,F,מגן,49
Jewish,F,מורשה,49
Jewish,F,מידן,49
Jewish,F,סיביל,49
Jewish,F,סלה,49
Jewish,F,סעידה,49
Jewish,F,עבריה,49
Jewish,F,עטיה,49
Jewish,F,פאסיקה,49
Jewish,F,קריינדל,49
Jewish,F,קתי,49
Jewish,F,רוזינה,49
Jewish,F,תאנה,49
Jewish,F,תמילה,49
Jewish,F,אדרה,48
Jewish,F,אמראל,48
Jewish,F,בורליאנט,48
Jewish,F,ג'וזיאן,48
Jewish,F,גויס,48
Jewish,F,דרה,48
Jewish,F,טילי,48
Jewish,F,ינאי,48
Jewish,F,מירברי,48
Jewish,F,מלניה,48
Jewish,F,נעמית,48
Jewish,F,נצנט,48
Jewish,F,סיביה,48
Jewish,F,עדייה,48
Jewish,F,עוז,48
Jewish,F,עטליה,48
Jewish,F,פארי,48
Jewish,F,פליציה,48
Jewish,F,פריסילה,48
Jewish,F,רוזא,48
Jewish,F,שפרינצא,48
Jewish,F,אוצר,47
Jewish,F,אלבי,47
Jewish,F,בטיה,47
Jewish,F,ביוש,47
Jewish,F,ג'וזפין,47
Jewish,F,ג'וליאט,47
Jewish,F,גנין,47
Jewish,F,גננדל,47
Jewish,F,דאבא,47
Jewish,F,ז'אן,47
Jewish,F,טרונש,47
Jewish,F,יוטי,47
Jewish,F,כוכבא,47
Jewish,F,מריאטה,47
Jewish,F,נסי,47
Jewish,F,נסרין,47
Jewish,F,סמרה,47
Jewish,F,סרקעלם,47
Jewish,F,פריחה,47
Jewish,F,רובינה,47
Jewish,F,רופינה,47
Jewish,F,רחיל,47
Jewish,F,ריזא,47
Jewish,F,שיראז,47
Jewish,F,אגרה,46
Jewish,F,אנאנו,46
Jewish,F,באיוש,46
Jewish,F,ג'אן,46
Jewish,F,גאות,46
Jewish,F,גיליאן,46
Jewish,F,האנה,46
Jewish,F,הראלה,46
Jewish,F,ויטליה,46
Jewish,F,ז'ניה,46
Jewish,F,טיילור,46
Jewish,F,טרנגו,46
Jewish,F,יאלנה,46
Jewish,F,יסמינה,46
Jewish,F,ישעלם,46
Jewish,F,כפיר,46
Jewish,F,לאקץ',46
Jewish,F,לוטוס,46
Jewish,F,מהין,46
Jewish,F,מריז,46
Jewish,F,נוחה,46
Jewish,F,נילה,46
Jewish,F,סביטלנה,46
Jewish,F,סוהילה,46
Jewish,F,סילביאן,46
Jewish,F,פליסיה,46
Jewish,F,צפרא,46
Jewish,F,צרנה,46
Jewish,F,שנל,46
Jewish,F,תרז,46
Jewish,F,אבבץ',45
Jewish,F,אלכסנדר,45
Jewish,F,אמיי,45
Jewish,F,אנוק,45
Jewish,F,אסטריד,45
Jewish,F,ברינה,45
Jewish,F,ג'מילה,45
Jewish,F,גביה,45
Jewish,F,גנריאטה,45
Jewish,F,דוינה,45
Jewish,F,דורלי,45
Jewish,F,דניאלי,45
Jewish,F,וילמה,45
Jewish,F,חוליה,45
Jewish,F,חיבה,45
Jewish,F,טאבא,45
Jewish,F,טדילה,45
Jewish,F,טסה,45
Jewish,F,יזבעלם,45
Jewish,F,יכט,45
Jewish,F,יננש,45
Jewish,F,לאני,45
Jewish,F,מחלה,45
Jewish,F,מילקה,45
Jewish,F,מריטה,45
Jewish,F,נגבה,45
Jewish,F,סו,45
Jewish,F,סורינה,45
Jewish,F,עלם,45
Jewish,F,פיגי,45
Jewish,F,פירנוס,45
Jewish,F,פלגו,45
Jewish,F,פליסה,45
Jewish,F,שרונית,45
Jewish,F,אביגאיל,44
Jewish,F,אטקלט,44
Jewish,F,איטי,44
Jewish,F,אמבת,44
Jewish,F,אפי,44
Jewish,F,אשל,44
Jewish,F,ברינדל,44
Jewish,F,ג'ורדן,44
Jewish,F,דוריאל,44
Jewish,F,דסי,44
Jewish,F,הבטאם,44
Jewish,F,הילור,44
Jewish,F,זאבה,44
Jewish,F,חוליאטה,44
Jewish,F,יקרה,44
Jewish,F,לורטה,44
Jewish,F,לי-אם,44
Jewish,F,לריאן,44
Jewish,F,נאדיה,44
Jewish,F,נאל,44
Jewish,F,נגיסט,44
Jewish,F,נדג'דה,44
Jewish,F,נהרי,44
Jewish,F,סיטאר,44
Jewish,F,סיפרו,44
Jewish,F,סלבי,44
Jewish,F,סנז'נה,44
Jewish,F,פינה,44
Jewish,F,ריה,44
Jewish,F,אבריל,43
Jewish,F,אודריי,43
Jewish,F,אקה,43
Jewish,F,בתלחם,43
Jewish,F,גואנה,43
Jewish,F,דאלי,43
Jewish,F,הנרייטה,43
Jewish,F,ורדינה,43
Jewish,F,יווה,43
Jewish,F,ינגוסה,43
Jewish,F,לאוני,43
Jewish,F,מלינדה,43
Jewish,F,נאנה,43
Jewish,F,נבו,43
Jewish,F,נביעה,43
Jewish,F,נרגיזה,43
Jewish,F,סבדה,43
Jewish,F,סינה,43
Jewish,F,עטא,43
Jewish,F,עלמיטו,43
Jewish,F,עמי,43
Jewish,F,עצמונה,43
Jewish,F,קארי,43
Jewish,F,שיזף,43
Jewish,F,שלהבתיה,43
Jewish,F,אביאל,42
Jewish,F,אבייה,42
Jewish,F,אוליה,42
Jewish,F,אוריאלה,42
Jewish,F,אליאנורה,42
Jewish,F,אנדה,42
Jewish,F,אניקו,42
Jewish,F,בסנדה,42
Jewish,F,גיטא,42
Jewish,F,דידי,42
Jewish,F,זאודה,42
Jewish,F,זומה,42
Jewish,F,זמפירה,42
Jewish,F,זנין,42
Jewish,F,טוניה,42
Jewish,F,טראני,42
Jewish,F,יורדנוס,42
Jewish,F,יעלמוורק,42
Jewish,F,ישימבט,42
Jewish,F,ליבע,42
Jewish,F,מאנטגבוש,42
Jewish,F,מון,42
Jewish,F,מטילד,42
Jewish,F,מרסיל,42
Jewish,F,סיגי,42
Jewish,F,ספורה,42
Jewish,F,פרדל,42
Jewish,F,צציליה,42
Jewish,F,קרולה,42
Jewish,F,רותה,42
Jewish,F,רזי,42
Jewish,F,ריאנה,42
Jewish,F,שבה,42
Jewish,F,שיר-לי,42
Jewish,F,תלתן,42
Jewish,F,אוסי,41
Jewish,F,אור-טל,41
Jewish,F,אורינה,41
Jewish,F,אורנת,41
Jewish,F,איווה,41
Jewish,F,איילנש,41
Jewish,F,אנבלה,41
Jewish,F,אנגודאיי,41
Jewish,F,אנת,41
Jewish,F,בירטוקן,41
Jewish,F,בנימינה,41
Jewish,F,בריאל,41
Jewish,F,בריגיטה,41
Jewish,F,ברקה,41
Jewish,F,דבורי,41
Jewish,F,דיזי,41
Jewish,F,הנריאט,41
Jewish,F,ולדלנה,41
Jewish,F,ונינה,41
Jewish,F,זיטה,41
Jewish,F,טאובה,41
Jewish,F,טמרה,41
Jewish,F,כרמלית,41
Jewish,F,מאטי,41
Jewish,F,מגל,41
Jewish,F,מינא,41
Jewish,F,נרגיז,41
Jewish,F,סולמז,41
Jewish,F,סטרנה,41
Jewish,F,סיינה,41
Jewish,F,ענה,41
Jewish,F,פיגל,41
Jewish,F,קסנדרה,41
Jewish,F,רונה-לי,41
Jewish,F,רמונד,41
Jewish,F,רעכי,41
Jewish,F,שינדי,41
Jewish,F,אוניל,40
Jewish,F,אורסולה,40
Jewish,F,ברוכה,40
Jewish,F,ברט,40
Jewish,F,בריזיט,40
Jewish,F,זמרת,40
Jewish,F,טיהון,40
Jewish,F,טירונש,40
Jewish,F,ליזו,40
Jewish,F,מיריאל,40
Jewish,F,סאסא,40
Jewish,F,סוסן,40
Jewish,F,פיטפיטה,40
Jewish,F,פרדריק,40
Jewish,F,קדסט,40
Jewish,F,קולין,40
Jewish,F,קורנליה,40
Jewish,F,קמיליה,40
Jewish,F,קציעה,40
Jewish,F,שייני,40
Jewish,F,שמואלה,40
Jewish,F,אגטה,39
Jewish,F,איסבל,39
Jewish,F,אלישה,39
Jewish,F,אסמו,39
Jewish,F,אסרסו,39
Jewish,F,בלאינש,39
Jewish,F,בריליאנט,39
Jewish,F,גלנדה,39
Jewish,F,וובנש,39
Jewish,F,ויאולט,39
Jewish,F,זלאטא,39
Jewish,F,טאבה,39
Jewish,F,טיפאני,39
Jewish,F,יה,39
Jewish,F,יודית,39
Jewish,F,לוסיאן,39
Jewish,F,לידן,39
Jewish,F,מאמי,39
Jewish,F,מברט,39
Jewish,F,מהרי,39
Jewish,F,מיסה,39
Jewish,F,נוריאל,39
Jewish,F,פארה,39
Jewish,F,פרנסס,39
Jewish,F,ציונית,39
Jewish,F,קורי,39
Jewish,F,קייסי,39
Jewish,F,רוזטה,39
Jewish,F,שריה,39
Jewish,F,אודה,38
Jewish,F,אטאלה,38
Jewish,F,אינגודאי,38
Jewish,F,אלאונור,38
Jewish,F,אלינוער,38
Jewish,F,אלם,38
Jewish,F,אסצ'ילה,38
Jewish,F,אקסנה,38
Jewish,F,בכל,38
Jewish,F,בראשית,38
Jewish,F,גינענדל,38
Jewish,F,דזי,38
Jewish,F,האלי,38
Jewish,F,ז'נין,38
Jewish,F,זלדא,38
Jewish,F,חנום,38
Jewish,F,טאיסה,38
Jewish,F,טארה,38
Jewish,F,יחיאלה,38
Jewish,F,לאנא,38
Jewish,F,לודה,38
Jewish,F,לי-את,38
Jewish,F,ליים,38
Jewish,F,ליל,38
Jewish,F,לינת,38
Jewish,F,מאגי,38
Jewish,F,מורלי,38
Jewish,F,מזל-טוב,38
Jewish,F,מזלה,38
Jewish,F,מירנדה,38
Jewish,F,ספירה,38
Jewish,F,סרנה,38
Jewish,F,עליס,38
Jewish,F,עמל,38
Jewish,F,קייטלין,38
Jewish,F,ריגינה,38
Jewish,F,שבא,38
Jewish,F,שוביה,38
Jewish,F,אג'בוש,37
Jewish,F,אדיסיה,37
Jewish,F,איקה,37
Jewish,F,אלימור,37
Jewish,F,אמרו,37
Jewish,F,אנייה,37
Jewish,F,אנפה,37
Jewish,F,בובה,37
Jewish,F,דזירה,37
Jewish,F,דמקו,37
Jewish,F,הללויה,37
Jewish,F,הרייט,37
Jewish,F,וירג'יניה,37
Jewish,F,חננית,37
Jewish,F,טפת,37
Jewish,F,טרסה,37
Jewish,F,ימה,37
Jewish,F,ינטל,37
Jewish,F,יקבה,37
Jewish,F,לירונה,37
Jewish,F,מזית,37
Jewish,F,מישאל,37
Jewish,F,מעינה,37
Jewish,F,מרג'ורי,37
Jewish,F,נאילה,37
Jewish,F,נדיבה,37
Jewish,F,ניקו,37
Jewish,F,סיבל,37
Jewish,F,סימין,37
Jewish,F,עלא,37
Jewish,F,עמיטל,37
Jewish,F,פיליפה,37
Jewish,F,פרומי,37
Jewish,F,קלרית,37
Jewish,F,שיבה,37
Jewish,F,תאל,37
Jewish,F,תניר,37
Jewish,F,אגנש,36
Jewish,F,אדיי,36
Jewish,F,אונית,36
Jewish,F,אזנו,36
Jewish,F,איסנה,36
Jewish,F,אסיא,36
Jewish,F,באנצ'עלם,36
Jewish,F,ביה,36
Jewish,F,בירטוקאן,36
Jewish,F,בניטה,36
Jewish,F,גאן,36
Jewish,F,גוליאט,36
Jewish,F,דינקה,36
Jewish,F,האדל,36
Jewish,F,הדריה,36
Jewish,F,הודאל,36
Jewish,F,זמר,36
Jewish,F,חואנה,36
Jewish,F,טהון,36
Jewish,F,טטאינה,36
Jewish,F,כתר,36
Jewish,F,לאונה,36
Jewish,F,לוז,36
Jewish,F,ליפשא,36
Jewish,F,מאודי,36
Jewish,F,מוקט,36
Jewish,F,מסרת,36
Jewish,F,מקה,36
Jewish,F,מרינט,36
Jewish,F,משה,36
Jewish,F,סולה,36
Jewish,F,סולונג',36
Jewish,F,סייפן,36
Jewish,F,עופרית,36
Jewish,F,עלקה,36
Jewish,F,פיטפיט,36
Jewish,F,פירוזה,36
Jewish,F,פרנצ'סקה,36
Jewish,F,קורה,36
Jewish,F,קילה,36
Jewish,F,שיא,36
Jewish,F,אגוסטינה,35
Jewish,F,אטטגב,35
Jewish,F,אמיטה,35
Jewish,F,אנזלה,35
Jewish,F,אסתלה,35
Jewish,F,ברוק,35
Jewish,F,ג'יה,35
Jewish,F,ג'יני,35
Jewish,F,ג'מה,35
Jewish,F,ג'ן,35
Jewish,F,גבייאנש,35
Jewish,F,דפי,35
Jewish,F,הילאי,35
Jewish,F,היליי,35
Jewish,F,ז'ולייט,35
Jewish,F,זוליט,35
Jewish,F,טירויה,35
Jewish,F,ימנגיסט,35
Jewish,F,לוציה,35
Jewish,F,לינדזי,35
Jewish,F,לירום,35
Jewish,F,מונט,35
Jewish,F,נחמי,35
Jewish,F,נרמינה,35
Jewish,F,סני,35
Jewish,F,עתרת,35
Jewish,F,פיורלה,35
Jewish,F,פינקל,35
Jewish,F,צהאי,35
Jewish,F,קלאודין,35
Jewish,F,ראקל,35
Jewish,F,רומית,35
Jewish,F,אבבץ,34
Jewish,F,אהובית,34
Jewish,F,איליאנה,34
Jewish,F,אסייה,34
Jewish,F,באנצ'י,34
Jewish,F,ברונה,34
Jewish,F,דאסאש,34
Jewish,F,דאסש,34
Jewish,F,הוגט,34
Jewish,F,היימנוט,34
Jewish,F,התר,34
Jewish,F,וודיה,34
Jewish,F,זהבי,34
Jewish,F,חניה,34
Jewish,F,חתון,34
Jewish,F,טאדלה,34
Jewish,F,יולנטה,34
Jewish,F,יזנה,34
Jewish,F,יטבת,34
Jewish,F,ירגדו,34
Jewish,F,לאדה,34
Jewish,F,לורית,34
Jewish,F,ליויה,34
Jewish,F,לילו,34
Jewish,F,מאלה,34
Jewish,F,מזור,34
Jewish,F,מרון,34
Jewish,F,מרוסיה,34
Jewish,F,נדרה,34
Jewish,F,נענא,34
Jewish,F,סטניסלבה,34
Jewish,F,סינדו,34
Jewish,F,סריטה,34
Jewish,F,עילי,34
Jewish,F,פארלי,34
Jewish,F,פרידל,34
Jewish,F,צדף,34
Jewish,F,צינה,34
Jewish,F,רודי,34
Jewish,F,רייזה,34
Jewish,F,רין,34
Jewish,F,שושנית,34
Jewish,F,שירילי,34
Jewish,F,תואם,34
Jewish,F,תפילה,34
Jewish,F,אודהליה,33
Jewish,F,אנטונלה,33
Jewish,F,אנטנש,33
Jewish,F,ארלן,33
Jewish,F,ג'סטין,33
Jewish,F,גנה,33
Jewish,F,דבירה,33
Jewish,F,דמבולו,33
Jewish,F,הנדה,33
Jewish,F,זואל,33
Jewish,F,זוזיאן,33
Jewish,F,זיווה,33
Jewish,F,טג'יטו,33
Jewish,F,טס,33
Jewish,F,טספנש,33
Jewish,F,כמי,33
Jewish,F,ליאתי,33
Jewish,F,ליזבט,33
Jewish,F,לינדי,33
Jewish,F,מיכלה,33
Jewish,F,מרלנה,33
Jewish,F,נצחונה,33
Jewish,F,נרדית,33
Jewish,F,סוטלנה,33
Jewish,F,סורנה,33
Jewish,F,עלינה,33
Jewish,F,עמלי,33
Jewish,F,ענג,33
Jewish,F,פרן,33
Jewish,F,צ'רנה,33
Jewish,F,צדקה,33
Jewish,F,צורי,33
Jewish,F,קירא,33
Jewish,F,רוזלינה,33
Jewish,F,רומן,33
Jewish,F,שהנאז,33
Jewish,F,שיריה,33
Jewish,F,שמירה,33
Jewish,F,שנינה,33
Jewish,F,אבישי,32
Jewish,F,איזובלה,32
Jewish,F,אינדי,32
Jewish,F,אלידה,32
Jewish,F,אלכסיס,32
Jewish,F,אלסי,32
Jewish,F,אנאניי,32
Jewish,F,אנווה,32
Jewish,F,בריאנה,32
Jewish,F,ג'ו,32
Jewish,F,ג'וליאטה,32
Jewish,F,גזית,32
Jewish,F,גילברט,32
Jewish,F,דאריה,32
Jewish,F,הדה,32
Jewish,F,זולפו,32
Jewish,F,טיבלט,32
Jewish,F,טיראנה,32
Jewish,F,טרונגו,32
Jewish,F,יזבנש,32
Jewish,F,יפי,32
Jewish,F,לולי,32
Jewish,F,לוסט,32
Jewish,F,לוריס,32
Jewish,F,לי חן,32
Jewish,F,לרין,32
Jewish,F,מאי-לי,32
Jewish,F,מולוקן,32
Jewish,F,מרצלה,32
Jewish,F,משאת,32
Jewish,F,נאזי,32
Jewish,F,נולה,32
Jewish,F,נופת,32
Jewish,F,נטאשה,32
Jewish,F,סביל,32
Jewish,F,סיאנה,32
Jewish,F,סנונית,32
Jewish,F,ספר,32
Jewish,F,סקיי,32
Jewish,F,עורי,32
Jewish,F,פרזנה,32
Jewish,F,צהאיינש,32
Jewish,F,קטבן,32
Jewish,F,שונה,32
Jewish,F,שינדיל,32
Jewish,F,תמו,32
Jewish,F,אודרה,31
Jewish,F,איינאדיס,31
Jewish,F,אנא-אל,31
Jewish,F,אסתאר,31
Jewish,F,אפסנה,31
Jewish,F,ארן,31
Jewish,F,ברק,31
Jewish,F,גויה,31
Jewish,F,גומא,31
Jewish,F,דיתי,31
Jewish,F,דנאל,31
Jewish,F,דנוטה,31
Jewish,F,היימנות,31
Jewish,F,הענע,31
Jewish,F,הריאט,31
Jewish,F,זלאטה,31
Jewish,F,זלטא,31
Jewish,F,זרה,31
Jewish,F,טאה,31
Jewish,F,טאיס,31
Jewish,F,טיילו,31
Jewish,F,טפלגה,31
Jewish,F,ישלם,31
Jewish,F,לוטי,31
Jewish,F,לוס,31
Jewish,F,לוסיל,31
Jewish,F,לוראל,31
Jewish,F,ליאורי,31
Jewish,F,ליקנש,31
Jewish,F,מאורה,31
Jewish,F,מארין,31
Jewish,F,נאני,31
Jewish,F,נויאל,31
Jewish,F,נטרו,31
Jewish,F,ניתאי,31
Jewish,F,סוני,31
Jewish,F,סוראיה,31
Jewish,F,סיונה,31
Jewish,F,סינטאיהו,31
Jewish,F,סרח,31
Jewish,F,עישה,31
Jewish,F,עפרית,31
Jewish,F,פטרישה,31
Jewish,F,פרשטה,31
Jewish,F,קוני,31
Jewish,F,קסה,31
Jewish,F,קרייסל,31
Jewish,F,קריסטל,31
Jewish,F,ראני,31
Jewish,F,רנאל,31
Jewish,F,שורנה,31
Jewish,F,שיי,31
Jewish,F,תור,31
Jewish,F,תושיה,31
Jewish,F,אדמית,30
Jewish,F,אדנו,30
Jewish,F,אורורה,30
Jewish,F,אזב,30
Jewish,F,אינט,30
Jewish,F,אלאיה,30
Jewish,F,אלהיה,30
Jewish,F,אלונית,30
Jewish,F,אלמצהיי,30
Jewish,F,אלקסיס,30
Jewish,F,אמיה,30
Jewish,F,אנגואץ,30
Jewish,F,אסניקה,30
Jewish,F,אצדה,30
Jewish,F,ארית,30
Jewish,F,באנצ'יעלם,30
Jewish,F,בריינדיל,30
Jewish,F,ג'סמין,30
Jewish,F,גיטלה,30
Jewish,F,גיין,30
Jewish,F,דן,30
Jewish,F,ז'ואנה,30
Jewish,F,ז'וזיאן,30
Jewish,F,ז'ני,30
Jewish,F,זוזנה,30
Jewish,F,זוליאט,30
Jewish,F,חיה-מושקא,30
Jewish,F,חן-חנה,30
Jewish,F,טגסת,30
Jewish,F,טספה,30
Jewish,F,יארה,30
Jewish,F,יוחנה,30
Jewish,F,יוטבת,30
Jewish,F,ימקר,30
Jewish,F,ישאלם,30
Jewish,F,ליאונור,30
Jewish,F,ליעוז,30
Jewish,F,מגאן,30
Jewish,F,מוריאן,30
Jewish,F,מטדל,30
Jewish,F,מנטינה,30
Jewish,F,מריאור,30
Jewish,F,נופך,30
Jewish,F,ניגון,30
Jewish,F,נצוך,30
Jewish,F,נרית,30
Jewish,F,סיניורה,30
Jewish,F,עידה,30
Jewish,F,עלי,30
Jewish,F,פארן,30
Jewish,F,פיינה,30
Jewish,F,פלוריה,30
Jewish,F,קאלקידאן,30
Jewish,F,קאסאנש,30
Jewish,F,קסייה,30
Jewish,F,ראכיל,30
Jewish,F,רניה,30
Jewish,F,שפע,30
Jewish,F,תמיר,30
Jewish,F,אב,29
Jewish,F,אגתה,29
Jewish,F,אדיר,29
Jewish,F,אדיתה,29
Jewish,F,אורו,29
Jewish,F,אורלב,29
Jewish,F,אלהם,29
Jewish,F,ארגש,29
Jewish,F,באשי,29
Jewish,F,בלי,29
Jewish,F,גבייה,29
Jewish,F,גטנש,29
Jewish,F,גמילה,29
Jewish,F,דאבע,29
Jewish,F,דוניה,29
Jewish,F,דרי,29
Jewish,F,וויזרו,29
Jewish,F,זולייט,29
Jewish,F,זנפירה,29
Jewish,F,חייקה,29
Jewish,F,טאונה,29
Jewish,F,טאניה,29
Jewish,F,טלנש,29
Jewish,F,ירוסלבה,29
Jewish,F,ירקונה,29
Jewish,F,לוקה,29
Jewish,F,לזלי,29
Jewish,F,ליבגו,29
Jewish,F,מורנה,29
Jewish,F,מטאדל,29
Jewish,F,ממית,29
Jewish,F,מריס,29
Jewish,F,מתיה,29
Jewish,F,נונו,29
Jewish,F,ניקדם,29
Jewish,F,סאם,29
Jewish,F,סטאר,29
Jewish,F,סיסאי,29
Jewish,F,סמדי,29
Jewish,F,עודדה,29
Jewish,F,פליס,29
Jewish,F,פנטיה,29
Jewish,F,פריה,29
Jewish,F,צ'לסי,29
Jewish,F,רועי,29
Jewish,F,רזיאלה,29
Jewish,F,ריאל,29
Jewish,F,אבה,28
Jewish,F,אדלו,28
Jewish,F,אורלן,28
Jewish,F,אליטל,28
Jewish,F,אליען,28
Jewish,F,אסקדר,28
Jewish,F,אקסל,28
Jewish,F,ג'יסל,28
Jewish,F,ג'מי,28
Jewish,F,גודאי,28
Jewish,F,דיטה,28
Jewish,F,דיני,28
Jewish,F,האני,28
Jewish,F,וורקיט,28
Jewish,F,זאקלין,28
Jewish,F,זארה,28
Jewish,F,זוהי,28
Jewish,F,חיילא,28
Jewish,F,טל-יה,28
Jewish,F,יארוסלבה,28
Jewish,F,ישועה,28
Jewish,F,לואנה,28
Jewish,F,מברטה,28
Jewish,F,מולועלם,28
Jewish,F,מזלית,28
Jewish,F,מיירה,28
Jewish,F,מילקו,28
Jewish,F,מסטוואל,28
Jewish,F,נואליה,28
Jewish,F,נסטיה,28
Jewish,F,נעשא,28
Jewish,F,נרדה,28
Jewish,F,סיגלי,28
Jewish,F,סלבה,28
Jewish,F,עדיאלה,28
Jewish,F,עירא,28
Jewish,F,עלוה,28
Jewish,F,צהייה,28
Jewish,F,צליה,28
Jewish,F,קבבוש,28
Jewish,F,קלרי,28
Jewish,F,קנוביש,28
Jewish,F,רביב,28
Jewish,F,רגב,28
Jewish,F,רזינה,28
Jewish,F,ריזי,28
Jewish,F,רייני,28
Jewish,F,רינטה,28
Jewish,F,שאיין,28
Jewish,F,שמעה,28
Jewish,F,שרוני,28
Jewish,F,אושן,27
Jewish,F,אטיטגב,27
Jewish,F,אלקסנדרה,27
Jewish,F,אמרצ',27
Jewish,F,אשבל,27
Jewish,F,ברטין,27
Jewish,F,ברנדט,27
Jewish,F,ג'וליאן,27
Jewish,F,גרניט,27
Jewish,F,גרנית,27
Jewish,F,דג'יטנו,27
Jewish,F,דיתה,27
Jewish,F,דקר,27
Jewish,F,הנדי,27
Jewish,F,וויניטו,27
Jewish,F,זבדר,27
Jewish,F,חינה,27
Jewish,F,טולי,27
Jewish,F,טירוייה,27
Jewish,F,טלייה,27
Jewish,F,יטא,27
Jewish,F,לי-חן,27
Jewish,F,לי-נוי,27
Jewish,F,ליאלי,27
Jewish,F,מאסטוואל,27
Jewish,F,מדיה,27
Jewish,F,מדליין,27
Jewish,F,מטיל,27
Jewish,F,מינקה,27
Jewish,F,מליקה,27
Jewish,F,מנהלוש,27
Jewish,F,מסלו,27
Jewish,F,מרני,27
Jewish,F,נדה,27
Jewish,F,ניקולט,27
Jewish,F,נצבת,27
Jewish,F,נתאלי,27
Jewish,F,סווטה,27
Jewish,F,סויטלנה,27
Jewish,F,סופית,27
Jewish,F,פטפטה,27
Jewish,F,פלומה,27
Jewish,F,פלורט,27
Jewish,F,ציפרה,27
Jewish,F,קאסנש,27
Jewish,F,רוחי,27
Jewish,F,רויזה,27
Jewish,F,רויזי,27
Jewish,F,ריינא,27
Jewish,F,רננית,27
Jewish,F,שבולת,27
Jewish,F,שליה,27
Jewish,F,תהלי,27
Jewish,F,אבזו,26
Jewish,F,אביינש,26
Jewish,F,אורון,26
Jewish,F,אזיטה,26
Jewish,F,אידן,26
Jewish,F,איווטה,26
Jewish,F,איוי,26
Jewish,F,אייה,26
Jewish,F,איליה,26
Jewish,F,איננו,26
Jewish,F,אמרץ,26
Jewish,F,אנטוניה,26
Jewish,F,אתר,26
Jewish,F,באטה,26
Jewish,F,בוסיה,26
Jewish,F,ביאטריז,26
Jewish,F,בייש,26
Jewish,F,בלנש,26
Jewish,F,בריטני,26
Jewish,F,ג'רמן,26
Jewish,F,גיני,26
Jewish,F,דייאנה,26
Jewish,F,הומה,26
Jewish,F,הייזל,26
Jewish,F,ז'אנין,26
Jewish,F,זיין,26
Jewish,F,זמרה,26
Jewish,F,זני,26
Jewish,F,טירוורק,26
Jewish,F,יזינה,26
Jewish,F,ימיקיר,26
Jewish,F,לאב,26
Jewish,F,לאורי,26
Jewish,F,לאורן,26
Jewish,F,לי-רון,26
Jewish,F,לייני,26
Jewish,F,לינדסי,26
Jewish,F,מוז'גן,26
Jewish,F,מיגל,26
Jewish,F,מסדה,26
Jewish,F,מרגרית,26
Jewish,F,נאדז'דה,26
Jewish,F,נדזדה,26
Jewish,F,נילופר,26
Jewish,F,נימה,26
Jewish,F,סלויה,26
Jewish,F,עדין,26
Jewish,F,פיילא,26
Jewish,F,פלה,26
Jewish,F,פעסיא,26
Jewish,F,פרדי,26
Jewish,F,פרוין,26
Jewish,F,פרומית,26
Jewish,F,פשה,26
Jewish,F,קאלי,26
Jewish,F,קורטני,26
Jewish,F,ראכל,26
Jewish,F,רוסיטה,26
Jewish,F,שאנון,26
Jewish,F,שלם,26
Jewish,F,שרלן,26
Jewish,F,אברה,25
Jewish,F,אדלי,25
Jewish,F,אורור,25
Jewish,F,איבלין,25
Jewish,F,איידיל,25
Jewish,F,אלואיז,25
Jewish,F,אמארץ',25
Jewish,F,אמנואל,25
Jewish,F,אניט,25
Jewish,F,אניתה,25
Jewish,F,אנלי,25
Jewish,F,אסקדאר,25
Jewish,F,אפינה,25
Jewish,F,ארגו,25
Jewish,F,באטריז,25
Jewish,F,בחמל,25
Jewish,F,ביטה,25
Jewish,F,בנצ'י,25
Jewish,F,בסטי,25
Jewish,F,בסי,25
Jewish,F,ברהנה,25
Jewish,F,ג'אד,25
Jewish,F,ג'יסלן,25
Jewish,F,גודית,25
Jewish,F,געלא,25
Jewish,F,דז'ולייטה,25
Jewish,F,דימונה,25
Jewish,F,דתיה,25
Jewish,F,הבטמנש,25
Jewish,F,ואנסה,25
Jewish,F,ווגה,25
Jewish,F,זבאדר,25
Jewish,F,זיזל,25
Jewish,F,זנב,25
Jewish,F,חולייטה,25
Jewish,F,טונה,25
Jewish,F,טרוורק,25
Jewish,F,טרפו,25
Jewish,F,יובלי,25
Jewish,F,ילזבטה,25
Jewish,F,כריסטין,25
Jewish,F,לביה,25
Jewish,F,לוריה,25
Jewish,F,לטיציה,25
Jewish,F,ליבו,25
Jewish,F,מאיי,25
Jewish,F,מייקי,25
Jewish,F,מינור,25
Jewish,F,מישה,25
Jewish,F,מישר,25
Jewish,F,מענית,25
Jewish,F,נאיליה,25
Jewish,F,נאניי,25
Jewish,F,ניסי,25
Jewish,F,נתלה,25
Jewish,F,סגית,25
Jewish,F,סלימה,25
Jewish,F,סנייט,25
Jewish,F,סעריל,25
Jewish,F,עמרית,25
Jewish,F,ערד,25
Jewish,F,עתירה,25
Jewish,F,פייגיל,25
Jewish,F,פיפין,25
Jewish,F,פפי,25
Jewish,F,פריסיליה,25
Jewish,F,צ'קליט,25
Jewish,F,צוקית,25
Jewish,F,צינא,25
Jewish,F,צפירה,25
Jewish,F,צפריר,25
Jewish,F,קאסאיה,25
Jewish,F,קוקה,25
Jewish,F,קיי,25
Jewish,F,קרמן,25
Jewish,F,רולנדה,25
Jewish,F,שאולה,25
Jewish,F,שיפי,25
Jewish,F,תגיל,25
Jewish,F,אבנט,24
Jewish,F,אהובי,24
Jewish,F,אופרה,24
Jewish,F,איינש,24
Jewish,F,אייסל,24
Jewish,F,אילני,24
Jewish,F,אליטה,24
Jewish,F,אלינועם,24
Jewish,F,אלפו,24
Jewish,F,אלקסה,24
Jewish,F,אמייה,24
Jewish,F,אנאטנש,24
Jewish,F,אנגל,24
Jewish,F,אריאדנה,24
Jewish,F,אשד,24
Jewish,F,בירנית,24
Jewish,F,בלטץ',24
Jewish,F,גאיל,24
Jewish,F,דגה,24
Jewish,F,דורוטה,24
Jewish,F,דינורה,24
Jewish,F,וואגה,24
Jewish,F,וובט,24
Jewish,F,וורקיטו,24
Jewish,F,ז'אקלין,24
Jewish,F,ז'יזל,24
Jewish,F,זוודיטו,24
Jewish,F,זומרוד,24
Jewish,F,זורזט,24
Jewish,F,זיזי,24
Jewish,F,זלמה,24
Jewish,F,חוף,24
Jewish,F,חיילה,24
Jewish,F,חימנה,24
Jewish,F,טלה,24
Jewish,F,יבדוקיה,24
Jewish,F,יונתי,24
Jewish,F,ייטל,24
Jewish,F,יענטי,24
Jewish,F,כינר,24
Jewish,F,מזלטו,24
Jewish,F,מיוריאל,24
Jewish,F,מיכה,24
Jewish,F,מנאלו,24
Jewish,F,מנטמר,24
Jewish,F,מסטואל,24
Jewish,F,מסיה,24
Jewish,F,מסקרם,24
Jewish,F,ניקיטה,24
Jewish,F,נצח,24
Jewish,F,סאשא,24
Jewish,F,סבה,24
Jewish,F,סגדו,24
Jewish,F,סולמה,24
Jewish,F,סיסיליה,24
Jewish,F,סלמוויט,24
Jewish,F,סמי,24
Jewish,F,פאי,24
Jewish,F,פביין,24
Jewish,F,פבלינה,24
Jewish,F,פרייה,24
Jewish,F,פרסיליה,24
Jewish,F,צלינה,24
Jewish,F,קלודי,24
Jewish,F,קלמנס,24
Jewish,F,רינתי,24
Jewish,F,רקיע,24
Jewish,F,שאנטל,24
Jewish,F,שיבולת,24
Jewish,F,שימי,24
Jewish,F,שלהב,24
Jewish,F,שפרירה,24
Jewish,F,תלם,24
Jewish,F,אודה-יה,23
Jewish,F,אודי,23
Jewish,F,איבנה,23
Jewish,F,אידי,23
Jewish,F,איילת-חן,23
Jewish,F,איירי,23
Jewish,F,אינייש,23
Jewish,F,אלגנש,23
Jewish,F,אנג'ליק,23
Jewish,F,אניעם,23
Jewish,F,אסרסאץ',23
Jewish,F,אסרסה,23
Jewish,F,אסתר-אתי,23
Jewish,F,ארגויה,23
Jewish,F,בוניטה,23
Jewish,F,ברגיט,23
Jewish,F,ג'ילה,23
Jewish,F,גוזיאן,23
Jewish,F,גוטה,23
Jewish,F,גוי,23
Jewish,F,גן,23
Jewish,F,דיאמנטה,23
Jewish,F,הנדא,23
Jewish,F,ווטט,23
Jewish,F,ויאולה,23
Jewish,F,ורוורה,23
Jewish,F,זאנט,23
Jewish,F,זיוון,23
Jewish,F,זימרה,23
Jewish,F,זיסא,23
Jewish,F,זיסה,23
Jewish,F,זרטיהון,23
Jewish,F,טאקילה,23
Jewish,F,טוביה,23
Jewish,F,טטיינה,23
Jewish,F,טיאנה,23
Jewish,F,טקילה,23
Jewish,F,טרסי,23
Jewish,F,יגרדו,23
Jewish,F,יהודיתה,23
Jewish,F,יואל,23
Jewish,F,יולן,23
Jewish,F,יטאיש,23
Jewish,F,ייטאייש,23
Jewish,F,יענטע,23
Jewish,F,ישינאט,23
Jewish,F,כמילה,23
Jewish,F,להיה,23
Jewish,F,לי-אן,23
Jewish,F,ליאת-לאה,23
Jewish,F,מאייה,23
Jewish,F,מאמיט,23
Jewish,F,מדאה,23
Jewish,F,מדיסון,23
Jewish,F,מהיטבאל,23
Jewish,F,מיילין,23
Jewish,F,מיקלה,23
Jewish,F,מכאלה,23
Jewish,F,מנורה,23
Jewish,F,מנלו,23
Jewish,F,מריסול,23
Jewish,F,נגסו,23
Jewish,F,נואי,23
Jewish,F,נורין,23
Jewish,F,ניקולטה,23
Jewish,F,נירן,23
Jewish,F,סהרה,23
Jewish,F,סיידי,23
Jewish,F,סלע,23
Jewish,F,עזריאלה,23
Jewish,F,עכסה,23
Jewish,F,פאיה,23
Jewish,F,פול,23
Jewish,F,פעסא,23
Jewish,F,פקר,23
Jewish,F,צירי,23
Jewish,F,קארול,23
Jewish,F,קאתי,23
Jewish,F,קורלי,23
Jewish,F,קרינדל,23
Jewish,F,רוזיקה,23
Jewish,F,רוסיו,23
Jewish,F,ריסא,23
Jewish,F,רנאטה,23
Jewish,F,רפאלי,23
Jewish,F,רשא,23
Jewish,F,של,23
Jewish,F,שלגית,23
Jewish,F,שלימה,23
Jewish,F,שמרת,23
Jewish,F,שרלוטה,23
Jewish,F,תותי,23
Jewish,F,אאליטה,22
Jewish,F,אגניה,22
Jewish,F,אדיסעלם,22
Jewish,F,אודטה,22
Jewish,F,אור-ים,22
Jewish,F,אוריטל,22
Jewish,F,אטיהון,22
Jewish,F,אייהו,22
Jewish,F,אילדה,22
Jewish,F,אלטש,22
Jewish,F,אמווה,22
Jewish,F,אסטרלה,22
Jewish,F,ארמונה,22
Jewish,F,בורלי,22
Jewish,F,בלינה,22
Jewish,F,ג'וני,22
Jewish,F,ג'ינט,22
Jewish,F,גאקלין,22
Jewish,F,גוון,22
Jewish,F,גין,22
Jewish,F,גינט,22
Jewish,F,גיסלה,22
Jewish,F,דאינה,22
Jewish,F,דמי,22
Jewish,F,ואלריה,22
Jewish,F,זוסיאן,22
Jewish,F,חיית,22
Jewish,F,חן-לי,22
Jewish,F,חניאל,22
Jewish,F,חסיא,22
Jewish,F,חרמונה,22
Jewish,F,טהונה,22
Jewish,F,טהרה,22
Jewish,F,טוודה,22
Jewish,F,טיטה,22
Jewish,F,טירן,22
Jewish,F,ימנגסט,22
Jewish,F,ישוורק,22
Jewish,F,לבינה,22
Jewish,F,לוסיין,22
Jewish,F,לוסילה,22
Jewish,F,לטיפה,22
Jewish,F,לילאנה,22
Jewish,F,מאזה,22
Jewish,F,מייזי,22
Jewish,F,מנה,22
Jewish,F,מעיינה,22
Jewish,F,מפרט,22
Jewish,F,מרדית,22
Jewish,F,נגס,22
Jewish,F,נואה,22
Jewish,F,נטה,22
Jewish,F,ניאל,22
Jewish,F,ניני,22
Jewish,F,נצן,22
Jewish,F,סולונג,22
Jewish,F,סולנז',22
Jewish,F,סימוני,22
Jewish,F,סנז'אנה,22
Jewish,F,סניה,22
Jewish,F,סניורה,22
Jewish,F,סתונית,22
Jewish,F,ענוג,22
Jewish,F,ערה,22
Jewish,F,פוליה,22
Jewish,F,פנטייה,22
Jewish,F,פרהנז,22
Jewish,F,פרנס,22
Jewish,F,ראן,22
Jewish,F,רביבה,22
Jewish,F,רוזן,22
Jewish,F,רוממה,22
Jewish,F,ריטל,22
Jewish,F,רנו,22
Jewish,F,שלג,22
Jewish,F,תרי,22
Jewish,F,אדיבה,21
Jewish,F,אוילין,21
Jewish,F,אונה,21
Jewish,F,אוריתי,21
Jewish,F,אינדה,21
Jewish,F,אלארי,21
Jewish,F,אלמוורק,21
Jewish,F,אממה,21
Jewish,F,אמנש,21
Jewish,F,אנאט,21
Jewish,F,אנאיה,21
Jewish,F,אנו,21
Jewish,F,אסטריה,21
Jewish,F,אסתרלה,21
Jewish,F,באני,21
Jewish,F,בוסה,21
Jewish,F,בידה,21
Jewish,F,בלין,21
Jewish,F,ברג'יט,21
Jewish,F,ברצ'יקו,21
Jewish,F,בשא,21
Jewish,F,בת',21
Jewish,F,בת-אור,21
Jewish,F,ג'אקלין,21
Jewish,F,ג'ורג'ינה,21
Jewish,F,גליתי,21
Jewish,F,גנענדיל,21
Jewish,F,דודו,21
Jewish,F,דניסה,21
Jewish,F,הודליה,21
Jewish,F,היות,21
Jewish,F,הענדיל,21
Jewish,F,ואלי,21
Jewish,F,ויטלינה,21
Jewish,F,וניה,21
Jewish,F,ורדי,21
Jewish,F,זבו,21
Jewish,F,זופיה,21
Jewish,F,זופן,21
Jewish,F,זמנאיי,21
Jewish,F,זפירה,21
Jewish,F,חממה,21
Jewish,F,טוביאו,21
Jewish,F,טיליה,21
Jewish,F,טמי,21
Jewish,F,יארין,21
Jewish,F,יהושבע,21
Jewish,F,ישיטו,21
Jewish,F,לוזית,21
Jewish,F,לויס,21
Jewish,F,לי-טל,21
Jewish,F,ליין,21
Jewish,F,לילאן,21
Jewish,F,מהנאז,21
Jewish,F,מוד,21
Jewish,F,מולדת,21
Jewish,F,מזול,21
Jewish,F,מחול,21
Jewish,F,מיליסה,21
Jewish,F,מירבי,21
Jewish,F,מליזה,21
Jewish,F,מסטוול,21
Jewish,F,מסרשה,21
Jewish,F,מרו,21
Jewish,F,משואה,21
Jewish,F,נאהב,21
Jewish,F,נבט,21
Jewish,F,נברו,21
Jewish,F,נומי,21
Jewish,F,נינאל,21
Jewish,F,סבלה,21
Jewish,F,סולנז,21
Jewish,F,סיהרא,21
Jewish,F,סיסיל,21
Jewish,F,סיראנש,21
Jewish,F,סנה,21
Jewish,F,סנם,21
Jewish,F,עדות,21
Jewish,F,פטימה,21
Jewish,F,פירחיה,21
Jewish,F,פלי,21
Jewish,F,פרדה,21
Jewish,F,פרדריקה,21
Jewish,F,קורנית,21
Jewish,F,קטורה,21
Jewish,F,קלמנטין,21
Jewish,F,ראובנה,21
Jewish,F,רחיליה,21
Jewish,F,ריחן,21
Jewish,F,רישא,21
Jewish,F,שושה,21
Jewish,F,שריתי,21
Jewish,F,אבאינש,20
Jewish,F,אבזה,20
Jewish,F,אגי,20
Jewish,F,אורני,20
Jewish,F,איטן,20
Jewish,F,אינאדיס,20
Jewish,F,אינייה,20
Jewish,F,אלאנורה,20
Jewish,F,אלכסנדרינה,20
Jewish,F,אמלמל,20
Jewish,F,אנז'לינה,20
Jewish,F,אניל,20
Jewish,F,אסול,20
Jewish,F,אסמרלדה,20
Jewish,F,בית,20
Jewish,F,בלור,20
Jewish,F,ברכי,20
Jewish,F,גאלדה,20
Jewish,F,גוזפין,20
Jewish,F,גיאה,20
Jewish,F,גרטרוד,20
Jewish,F,גרלדין,20
Jewish,F,דוד,20
Jewish,F,דשה,20
Jewish,F,הודל,20
Jewish,F,הולואגרש,20
Jewish,F,הופ,20
Jewish,F,הת'ר,20
Jewish,F,וובעלם,20
Jewish,F,וודיטו,20
Jewish,F,וויויאן,20
Jewish,F,ווינשט,20
Jewish,F,ווללה,20
Jewish,F,ויקטורין,20
Jewish,F,וירוניקה,20
Jewish,F,וליה,20
Jewish,F,ז'וליה,20
Jewish,F,ז'ורז'ט,20
Jewish,F,זולאי,20
Jewish,F,זימרת,20
Jewish,F,זמנה,20
Jewish,F,זנאש,20
Jewish,F,חיה-שרה,20
Jewish,F,טאטינה,20
Jewish,F,טגה,20
Jewish,F,טרוסאו,20
Jewish,F,יאר,20
Jewish,F,יזאנו,20
Jewish,F,ילינה,20
Jewish,F,יסניה,20
Jewish,F,לאורנס,20
Jewish,F,לוצ'יה,20
Jewish,F,לי-עד,20
Jewish,F,ליבל,20
Jewish,F,ליס,20
Jewish,F,לליה,20
Jewish,F,לליטה,20
Jewish,F,לנוי,20
Jewish,F,לנור,20
Jewish,F,לניר,20
Jewish,F,מהבש,20
Jewish,F,מהרטה,20
Jewish,F,מוזל,20
Jewish,F,מולויה,20
Jewish,F,מחריבן,20
Jewish,F,מייאל,20
Jewish,F,מים,20
Jewish,F,מירבל,20
Jewish,F,מישלי,20
Jewish,F,מקסימה,20
Jewish,F,מרצל,20
Jewish,F,מתניה,20
Jewish,F,נאית,20
Jewish,F,נאנסי,20
Jewish,F,ניצבת,20
Jewish,F,סאומהון,20
Jewish,F,סוויטלנה,20
Jewish,F,סטלינה,20
Jewish,F,סיוזנה,20
Jewish,F,סימור,20
Jewish,F,סלחה,20
Jewish,F,סקרלט,20
Jewish,F,סרל,20
Jewish,F,עיישה,20
Jewish,F,עלמצהאי,20
Jewish,F,עתידה,20
Jewish,F,פטלוורק,20
Jewish,F,פלילה,20
Jewish,F,פנינת,20
Jewish,F,צהאיי,20
Jewish,F,קלמי,20
Jewish,F,רוזאן,20
Jewish,F,רוסלין,20
Jewish,F,רחלית,20
Jewish,F,ריבל,20
Jewish,F,ריצ'ל,20
Jewish,F,שדמית,20
Jewish,F,שוהרה,20
Jewish,F,שוני,20
Jewish,F,שורי,20
Jewish,F,שמילה,20
Jewish,F,שנדי,20
Jewish,F,שנטאל,20
Jewish,F,תיה,20
Jewish,F,תירזה,20
Jewish,F,תפחה,20
Jewish,F,אבילין,19
Jewish,F,אגניהו,19
Jewish,F,אגריה,19
Jewish,F,אדיל,19
Jewish,F,אודית,19
Jewish,F,אוטיליה,19
Jewish,F,אופלי,19
Jewish,F,אורייתא,19
Jewish,F,אטאקילט,19
Jewish,F,אטיל,19
Jewish,F,אטליה,19
Jewish,F,איילן,19
Jewish,F,אייריס,19
Jewish,F,אילדיקו,19
Jewish,F,אינרה,19
Jewish,F,אלול,19
Jewish,F,אליאת,19
Jewish,F,אלינא,19
Jewish,F,אלירון,19
Jewish,F,אלנורה,19
Jewish,F,אמנדין,19
Jewish,F,אסרבב,19
Jewish,F,אתגר,19
Jewish,F,באטריסה,19
Jewish,F,באנצ'יאמלק,19
Jewish,F,בזואיהו,19
Jewish,F,בזונש,19
Jewish,F,ביזואיהו,19
Jewish,F,בכורה,19
Jewish,F,בריל,19
Jewish,F,ברנדי,19
Jewish,F,ברתוקן,19
Jewish,F,ג'אנין,19
Jewish,F,ג'ויסי,19
Jewish,F,ג'נינה,19
Jewish,F,גורית,19
Jewish,F,גורן,19
Jewish,F,גזלה,19
Jewish,F,גיל-לי,19
Jewish,F,גילאת,19
Jewish,F,גליקא,19
Jewish,F,גרי,19
Jewish,F,גרמן,19
Jewish,F,דולורס,19
Jewish,F,דורן,19
Jewish,F,הדסי,19
Jewish,F,המיה,19
Jewish,F,ווסן,19
Jewish,F,וידי,19
Jewish,F,ויוריקה,19
Jewish,F,ויטוריה,19
Jewish,F,ונטורה,19
Jewish,F,ז'ניפר,19
Jewish,F,זוליה,19
Jewish,F,זר,19
Jewish,F,זרפה,19
Jewish,F,חניטל,19
Jewish,F,חפצי-בה,19
Jewish,F,טגב,19
Jewish,F,טיאה,19
Jewish,F,טילדה,19
Jewish,F,טירינגו,19
Jewish,F,טללו,19
Jewish,F,טנגוט,19
Jewish,F,טסרו,19
Jewish,F,טקלו,19
Jewish,F,טרין,19
Jewish,F,טרנה,19
Jewish,F,יאייש,19
Jewish,F,יוזפינה,19
Jewish,F,יונונה,19
Jewish,F,יעלת-חן,19
Jewish,F,ירום,19
Jewish,F,ירינה,19
Jewish,F,ישיאמבט,19
Jewish,F,כנען,19
Jewish,F,כרמיה,19
Jewish,F,לאלה,19
Jewish,F,ליאורית,19
Jewish,F,ליזת,19
Jewish,F,לילין,19
Jewish,F,ליסיה,19
Jewish,F,לסיה,19
Jewish,F,מאווה,19
Jewish,F,מגולי,19
Jewish,F,מדנקיה,19
Jewish,F,מיגן,19
Jewish,F,מילא,19
Jewish,F,מליס,19
Jewish,F,מלקמה,19
Jewish,F,מנהלו,19
Jewish,F,מרגורי,19
Jewish,F,מרגיט,19
Jewish,F,נושין,19
Jewish,F,ניגינה,19
Jewish,F,סביחה,19
Jewish,F,סטי,19
Jewish,F,סטצ'ין,19
Jewish,F,סטרנא,19
Jewish,F,סרקאלם,19
Jewish,F,עלוית,19
Jewish,F,ענה-אל,19
Jewish,F,צגנש,19
Jewish,F,ציפיה,19
Jewish,F,קבה,19
Jewish,F,קלארה,19
Jewish,F,קלרין,19
Jewish,F,קרביש,19
Jewish,F,רוניאל,19
Jewish,F,רועית,19
Jewish,F,ריני,19
Jewish,F,רינתה,19
Jewish,F,רלוקה,19
Jewish,F,רמון,19
Jewish,F,רמינה,19
Jewish,F,רקאל,19
Jewish,F,שאני,19
Jewish,F,שנדל,19
Jewish,F,שניאל,19
Jewish,F,אדם,18
Jewish,F,אדן,18
Jewish,F,אוג'ני,18
Jewish,F,אזאנו,18
Jewish,F,איווי,18
Jewish,F,איינדיס,18
Jewish,F,איינור,18
Jewish,F,אילית,18
Jewish,F,איסבלה,18
Jewish,F,אירי,18
Jewish,F,איתיאל,18
Jewish,F,אלקסיה,18
Jewish,F,אמאיה,18
Jewish,F,אמיר,18
Jewish,F,אנאי,18
Jewish,F,אנדרי,18
Jewish,F,אנהבל,18
Jewish,F,אנית,18
Jewish,F,אנניה,18
Jewish,F,אפרתי,18
Jewish,F,ארז,18
Jewish,F,בטהה,18
Jewish,F,ביבי,18
Jewish,F,בייה,18
Jewish,F,ברטי,18
Jewish,F,גאנה,18
Jewish,F,גוליאנה,18
Jewish,F,גטה,18
Jewish,F,גיצא,18
Jewish,F,דבורה-לאה,18
Jewish,F,דומיניקה,18
Jewish,F,דוניס,18
Jewish,F,דונרה,18
Jewish,F,היילה,18
Jewish,F,וונדה,18
Jewish,F,וורוניק,18
Jewish,F,ויוט,18
Jewish,F,ולאדה,18
Jewish,F,ז'וליט,18
Jewish,F,זאירה,18
Jewish,F,זולפיה,18
Jewish,F,זורה,18
Jewish,F,זלינה,18
Jewish,F,זנש,18
Jewish,F,חיי,18
Jewish,F,חמד,18
Jewish,F,טאבי,18
Jewish,F,טבלט,18
Jewish,F,טויה,18
Jewish,F,יודיטה,18
Jewish,F,יוסיפה,18
Jewish,F,יוסף,18
Jewish,F,ימרוט,18
Jewish,F,יקאבה,18
Jewish,F,ירושלמית,18
Jewish,F,כבי,18
Jewish,F,לבב,18
Jewish,F,לידיסיה,18
Jewish,F,ליהוד,18
Jewish,F,ליילי,18
Jewish,F,לירין,18
Jewish,F,מאמיה,18
Jewish,F,מוירה,18
Jewish,F,מזמור,18
Jewish,F,מיטלי,18
Jewish,F,מילכו,18
Jewish,F,מימה,18
Jewish,F,מלישו,18
Jewish,F,מלכית,18
Jewish,F,מקבלה,18
Jewish,F,מריי,18
Jewish,F,נדי,18
Jewish,F,נזילה,18
Jewish,F,נזימה,18
Jewish,F,נזיקו,18
Jewish,F,ניגר,18
Jewish,F,ניסה,18
Jewish,F,נלידה,18
Jewish,F,ננו,18
Jewish,F,ננט,18
Jewish,F,נסטסיה,18
Jewish,F,נרדוס,18
Jewish,F,נתיב,18
Jewish,F,נתנה,18
Jewish,F,סביה,18
Jewish,F,סוהם,18
Jewish,F,סוליקו,18
Jewish,F,סופיקה,18
Jewish,F,סחלב,18
Jewish,F,סטפי,18
Jewish,F,סיבו,18
Jewish,F,סנאיט,18
Jewish,F,סערי,18
Jewish,F,סרין,18
Jewish,F,עטה,18
Jewish,F,עלייה,18
Jewish,F,פזיה,18
Jewish,F,פיטיגה,18
Jewish,F,פירחית,18
Jewish,F,פלאי,18
Jewish,F,פסיא,18
Jewish,F,פרבנה,18
Jewish,F,פרטונה,18
Jewish,F,פרנקה,18
Jewish,F,צבייה,18
Jewish,F,צגה,18
Jewish,F,צופי,18
Jewish,F,קאטרין,18
Jewish,F,קסאיה,18
Jewish,F,קרון,18
Jewish,F,רווה,18
Jewish,F,רייסה,18
Jewish,F,רנתה,18
Jewish,F,שדמה,18
Jewish,F,שרה-שרית,18
Jewish,F,שרהלה,18
Jewish,F,שרול,18
Jewish,F,שרן,18
Jewish,F,תואר,18
Jewish,F,תורי,18
Jewish,F,תימורה,18
Jewish,F,תיקוה,18
Jewish,F,אבינט,17
Jewish,F,אבקילש,17
Jewish,F,אדנץ',17
Jewish,F,אודין,17
Jewish,F,אולביה,17
Jewish,F,אורייט,17
Jewish,F,אורל,17
Jewish,F,אושריה,17
Jewish,F,אימה,17
Jewish,F,איסתיר,17
Jewish,F,אלא,17
Jewish,F,אלינעם,17
Jewish,F,אלנור,17
Jewish,F,אלקי,17
Jewish,F,אנטואנט,17
Jewish,F,אנטל,17
Jewish,F,אתיופיה,17
Jewish,F,באנצ'אמלק,17
Jewish,F,באשה,17
Jewish,F,בוז'נה,17
Jewish,F,בילגו,17
Jewish,F,בליין,17
Jewish,F,בריג'ט,17
Jewish,F,ג'וזי,17
Jewish,F,ג'נטה,17
Jewish,F,גאלינה,17
Jewish,F,גבטה,17
Jewish,F,גוהר,17
Jewish,F,גורגיט,17
Jewish,F,גיבטה,17
Jewish,F,גילאור,17
Jewish,F,גנרייטה,17
Jewish,F,דוריטה,17
Jewish,F,דייל,17
Jewish,F,הידי,17
Jewish,F,הילל,17
Jewish,F,הלגה,17
Jewish,F,הנריטה,17
Jewish,F,הרטה,17
Jewish,F,ולי,17
Jewish,F,זאן,17
Jewish,F,זוייה,17
Jewish,F,זיוי,17
Jewish,F,זמרתיה,17
Jewish,F,זריפה,17
Jewish,F,חגילו,17
Jewish,F,חיביט,17
Jewish,F,חנה-חן,17
Jewish,F,חסי,17
Jewish,F,טגנש,17
Jewish,F,טובל,17
Jewish,F,טורו,17
Jewish,F,טורן,17
Jewish,F,טזה,17
Jewish,F,טפליגה,17
Jewish,F,טרוייה,17
Jewish,F,יודיתה,17
Jewish,F,ייטי,17
Jewish,F,יישי,17
Jewish,F,ימינה,17
Jewish,F,ימקיר,17
Jewish,F,ינטא,17
Jewish,F,ינטי,17
Jewish,F,ינטפו,17
Jewish,F,יפטוסרה,17
Jewish,F,יפעתי,17
Jewish,F,ישראלית,17
Jewish,F,כדיה,17
Jewish,F,להלי,17
Jewish,F,לורינה,17
Jewish,F,לטי,17
Jewish,F,ליבית,17
Jewish,F,ליוסיה,17
Jewish,F,ליזטה,17
Jewish,F,ליני,17
Jewish,F,מיקיילה,17
Jewish,F,מירונה,17
Jewish,F,מיריאן,17
Jewish,F,מישלה,17
Jewish,F,מנן,17
Jewish,F,מסי,17
Jewish,F,מרייה,17
Jewish,F,מרלי,17
Jewish,F,נאונילה,17
Jewish,F,נגיה,17
Jewish,F,נהוראי,17
Jewish,F,נטעיה,17
Jewish,F,נילית,17
Jewish,F,נפך,17
Jewish,F,סאלין,17
Jewish,F,סאסי,17
Jewish,F,סואלי,17
Jewish,F,סוליאנה,17
Jewish,F,סורייה,17
Jewish,F,סלמאוויט,17
Jewish,F,סמיין,17
Jewish,F,ספירית,17
Jewish,F,עלמיתו,17
Jewish,F,עתיה,17
Jewish,F,פטי,17
Jewish,F,פניאל,17
Jewish,F,פסה,17
Jewish,F,פרחית,17
Jewish,F,צהר,17
Jewish,F,צעירה,17
Jewish,F,קידיסט,17
Jewish,F,קסאי,17
Jewish,F,קתרינה,17
Jewish,F,ראלי,17
Jewish,F,רוסי,17
Jewish,F,ריזה,17
Jewish,F,רייכל,17
Jewish,F,רשלה,17
Jewish,F,שלמית,17
Jewish,F,שקדיה,17
Jewish,F,שריטה,17
Jewish,F,ששה,17
Jewish,F,ששיטו,17
Jewish,F,אבינועם,16
Jewish,F,אוגט,16
Jewish,F,אווילין,16
Jewish,F,אזה,16
Jewish,F,אזנג,16
Jewish,F,אילאנה,16
Jewish,F,אינדיה,16
Jewish,F,אינזה,16
Jewish,F,איתן,16
Jewish,F,אליאנור,16
Jewish,F,אליסבט,16
Jewish,F,אלמאז,16
Jewish,F,אלמוש,16
Jewish,F,אמוויש,16
Jewish,F,אמיל,16
Jewish,F,אנינה,16
Jewish,F,אסגד,16
Jewish,F,אסמרץ,16
Jewish,F,אסרסץ',16
Jewish,F,ארנסטינה,16
Jewish,F,אשרי,16
Jewish,F,בבה,16
Jewish,F,בונא,16
Jewish,F,בונה,16
Jewish,F,בראנה,16
Jewish,F,ברהן,16
Jewish,F,ברטינה,16
Jewish,F,ברנדל,16
Jewish,F,ג'וייס,16
Jewish,F,ג'וספין,16
Jewish,F,ג'יסלה,16
Jewish,F,ג'רי,16
Jewish,F,גאלי,16
Jewish,F,גבינש,16
Jewish,F,גולנורה,16
Jewish,F,גלעד,16
Jewish,F,גנעשא,16
Jewish,F,דאבה,16
Jewish,F,דבריטו,16
Jewish,F,דולפין,16
Jewish,F,דוריאנה,16
Jewish,F,דלה,16
Jewish,F,דמקץ',16
Jewish,F,דניזה,16
Jewish,F,הומא,16
Jewish,F,היכל,16
Jewish,F,הילת,16
Jewish,F,וובסרה,16
Jewish,F,וולרי,16
Jewish,F,ויאלטה,16
Jewish,F,ויטא,16
Jewish,F,וילנה,16
Jewish,F,וירגיניה,16
Jewish,F,ולה,16
Jewish,F,ונוס,16
Jewish,F,זהירה,16
Jewish,F,זהרית,16
Jewish,F,טאקלה,16
Jewish,F,טדפה,16
Jewish,F,טינטין,16
Jewish,F,טיראן,16
Jewish,F,טירנית,16
Jewish,F,טל-אל,16
Jewish,F,טל-שחר,16
Jewish,F,טקקל,16
Jewish,F,טרודי,16
Jewish,F,יאווה,16
Jewish,F,יהאל,16
Jewish,F,יורית,16
Jewish,F,יזבלה,16
Jewish,F,ייטב,16
Jewish,F,ינסאו,16
Jewish,F,יעקבה,16
Jewish,F,יקתרינה,16
Jewish,F,ירושלם,16
Jewish,F,לאה-ליאת,16
Jewish,F,ליי,16
Jewish,F,לירם,16
Jewish,F,ללא,16
Jewish,F,לנואל,16
Jewish,F,מדלינה,16
Jewish,F,מהלט,16
Jewish,F,מורני,16
Jewish,F,מטיקה,16
Jewish,F,מילגרוס,16
Jewish,F,מיראי,16
Jewish,F,מלווינה,16
Jewish,F,ממי,16
Jewish,F,מרילנה,16
Jewish,F,משוש,16
Jewish,F,מתילד,16
Jewish,F,נווית,16
Jewish,F,ניגיסט,16
Jewish,F,ניוה,16
Jewish,F,ניטה,16
Jewish,F,נצאנט,16
Jewish,F,נרין,16
Jewish,F,נתיבה,16
Jewish,F,סגל,16
Jewish,F,סידוניה,16
Jewish,F,סילוי,16
Jewish,F,סילין,16
Jewish,F,סנטיה,16
Jewish,F,עלמוורק,16
Jewish,F,עלמצהיי,16
Jewish,F,עלקי,16
Jewish,F,עמיליה,16
Jewish,F,פורטון,16
Jewish,F,פרבין,16
Jewish,F,פרהנאז,16
Jewish,F,פרי-אל,16
Jewish,F,צחלה,16
Jewish,F,ציצינו,16
Jewish,F,קאסייה,16
Jewish,F,קלב,16
Jewish,F,קלרט,16
Jewish,F,קנדי,16
Jewish,F,קסאיי,16
Jewish,F,ראינה,16
Jewish,F,רז'ין,16
Jewish,F,רחילה,16
Jewish,F,רחל-לאה,16
Jewish,F,ריוה,16
Jewish,F,ריסי,16
Jewish,F,רמי,16
Jewish,F,שאשיטו,16
Jewish,F,שגה,16
Jewish,F,תגסת,16
Jewish,F,אבנית,15
Jewish,F,אוביט,15
Jewish,F,אולינה,15
Jewish,F,און,15
Jewish,F,אור-חן,15
Jewish,F,אורגל,15
Jewish,F,אטקילט,15
Jewish,F,איינה,15
Jewish,F,איליאן,15
Jewish,F,אלגה,15
Jewish,F,אלדמע,15
Jewish,F,אלה-לי,15
Jewish,F,אליציה,15
Jewish,F,אלענה,15
Jewish,F,אנזליקה,15
Jewish,F,אנחלה,15
Jewish,F,אניאלה,15
Jewish,F,אסתר-מלכה,15
Jewish,F,ארסטה,15
Jewish,F,בטחה,15
Jewish,F,בירגיט,15
Jewish,F,ברהני,15
Jewish,F,בריה,15
Jewish,F,ברייני,15
Jewish,F,ברצ'קו,15
Jewish,F,ג'ולין,15
Jewish,F,ג'נבייב,15
Jewish,F,גוסיאן,15
Jewish,F,גיאנה,15
Jewish,F,גיוליה,15
Jewish,F,גינענדיל,15
Jewish,F,גמרה,15
Jewish,F,גרדה,15
Jewish,F,דבינה,15
Jewish,F,דבלט,15
Jewish,F,דוניז,15
Jewish,F,דילבר,15
Jewish,F,דרלין,15
Jewish,F,הזל,15
Jewish,F,הליה,15
Jewish,F,הנריקה,15
Jewish,F,הרדוף,15
Jewish,F,ולידה,15
Jewish,F,זוזט,15
Jewish,F,זוכרה,15
Jewish,F,זיינב,15
Jewish,F,זימבול,15
Jewish,F,זינט,15
Jewish,F,זינש,15
Jewish,F,זמד,15
Jewish,F,זנטה,15
Jewish,F,חיות,15
Jewish,F,חיל,15
Jewish,F,חסד,15
Jewish,F,טרפה,15
Jewish,F,יאל,15
Jewish,F,יאסמין,15
Jewish,F,יוכבת,15
Jewish,F,יזבלם,15
Jewish,F,יטייש,15
Jewish,F,יטנברש,15
Jewish,F,ירבבו,15
Jewish,F,ישראל,15
Jewish,F,לארין,15
Jewish,F,לדיסיה,15
Jewish,F,לוזה,15
Jewish,F,לוני,15
Jewish,F,לי-מור,15
Jewish,F,ליחי,15
Jewish,F,לנדה,15
Jewish,F,מאדי,15
Jewish,F,מאלא,15
Jewish,F,מאסטוול,15
Jewish,F,מונירה,15
Jewish,F,מלפיה,15
Jewish,F,מנדר,15
Jewish,F,מריאמי,15
Jewish,F,נאהיד,15
Jewish,F,נגיסטה,15
Jewish,F,נוני,15
Jewish,F,נוראל,15
Jewish,F,נזלי,15
Jewish,F,ניגיאר,15
Jewish,F,ניצוך,15
Jewish,F,ניצחיה,15
Jewish,F,נס-לי,15
Jewish,F,נפאל,15
Jewish,F,סאי,15
Jewish,F,סאנה,15
Jewish,F,סבינג',15
Jewish,F,סופייה,15
Jewish,F,סורלה,15
Jewish,F,סינטיהו,15
Jewish,F,סיפן,15
Jewish,F,סיתונית,15
Jewish,F,סלאווא,15
Jewish,F,סלמנש,15
Jewish,F,סקיילר,15
Jewish,F,סרקלם,15
Jewish,F,עוגן,15
Jewish,F,עופרת,15
Jewish,F,עין,15
Jewish,F,עיניה,15
Jewish,F,עלינא,15
Jewish,F,עלמצהאיי,15
Jewish,F,עציונה,15
Jewish,F,פייט,15
Jewish,F,פיקרה,15
Jewish,F,פלורידה,15
Jewish,F,פלר,15
Jewish,F,פנטאיה,15
Jewish,F,פסל,15
Jewish,F,פריהוט,15
Jewish,F,פריסה,15
Jewish,F,פרנז,15
Jewish,F,פרנציסקה,15
Jewish,F,ציורי,15
Jewish,F,קלבה,15
Jewish,F,קנדלה,15
Jewish,F,רבית,15
Jewish,F,רואנה,15
Jewish,F,רוזיט,15
Jewish,F,רולי,15
Jewish,F,רומיאל,15
Jewish,F,רונילי,15
Jewish,F,רוסליה,15
Jewish,F,ריאה,15
Jewish,F,ריממה,15
Jewish,F,רינאל,15
Jewish,F,רישה,15
Jewish,F,ריתה,15
Jewish,F,רנט,15
Jewish,F,שאשע,15
Jewish,F,שיאן,15
Jewish,F,שיבת,15
Jewish,F,שיילו,15
Jewish,F,שיריאל,15
Jewish,F,שלבי,15
Jewish,F,שלביה,15
Jewish,F,שלינה,15
Jewish,F,תפארה,15
Jewish,F,אבשג,14
Jewish,F,אגמית,14
Jewish,F,אגר,14
Jewish,F,אדיסלם,14
Jewish,F,אוגני,14
Jewish,F,אוראליה,14
Jewish,F,אורחן,14
Jewish,F,אורפל,14
Jewish,F,אזאוונט,14
Jewish,F,אחסו,14
Jewish,F,אטהון,14
Jewish,F,איידן,14
Jewish,F,אינג'י,14
Jewish,F,אינדיס,14
Jewish,F,אינז,14
Jewish,F,איתהאל,14
Jewish,F,אלאמר,14
Jewish,F,אלוינה,14
Jewish,F,אליאט,14
Jewish,F,אליזבתה,14
Jewish,F,אלייאן,14
Jewish,F,אלפא,14
Jewish,F,אלפטינה,14
Jewish,F,אמלמאל,14
Jewish,F,אנאאל,14
Jewish,F,אנדריאנה,14
Jewish,F,אסטילה,14
Jewish,F,אסתרינה,14
Jewish,F,אפרתה,14
Jewish,F,אתי-אסתר,14
Jewish,F,באייש,14
Jewish,F,באנצ'יגזה,14
Jewish,F,בוריסלבה,14
Jewish,F,בז'נה,14
Jewish,F,בזואייהו,14
Jewish,F,ביאטריסה,14
Jewish,F,ביזונש,14
Jewish,F,בניה,14
Jewish,F,בקה,14
Jewish,F,ברה,14
Jewish,F,בריטו,14
Jewish,F,ברקן,14
Jewish,F,ג'וליטה,14
Jewish,F,ג'יי,14
Jewish,F,גאנט,14
Jewish,F,גדם,14
Jewish,F,גוטע,14
Jewish,F,גוליאן,14
Jewish,F,גונל,14
Jewish,F,גיונאי,14
Jewish,F,גנאל,14
Jewish,F,גנענדל,14
Jewish,F,דארה,14
Jewish,F,דורוטי,14
Jewish,F,דורותה,14
Jewish,F,דיוה,14
Jewish,F,דיליארה,14
Jewish,F,דנבולו,14
Jewish,F,דנסה,14
Jewish,F,דסאש,14
Jewish,F,האימאנוט,14
Jewish,F,הבטה,14
Jewish,F,היוות,14
Jewish,F,הליין,14
Jewish,F,הנא,14
Jewish,F,וויאן,14
Jewish,F,ז'ולייטה,14
Jewish,F,זוהרי,14
Jewish,F,זינאש,14
Jewish,F,זמינה,14
Jewish,F,זממו,14
Jewish,F,זרמה,14
Jewish,F,חלידה,14
Jewish,F,טאבע,14
Jewish,F,טאטיינה,14
Jewish,F,טליא,14
Jewish,F,טלמה,14
Jewish,F,טמיר,14
Jewish,F,יאלמוורק,14
Jewish,F,יהאלי,14
Jewish,F,ישמבט,14
Jewish,F,כרמלי,14
Jewish,F,לורדנה,14
Jewish,F,לוריאל,14
Jewish,F,לי-נס,14
Jewish,F,ליאונורה,14
Jewish,F,ליטב,14
Jewish,F,לייאן,14
Jewish,F,ליידי,14
Jewish,F,לייזה,14
Jewish,F,לקץ',14
Jewish,F,מאשי,14
Jewish,F,מגנניה,14
Jewish,F,מהדר,14
Jewish,F,מושקה,14
Jewish,F,מזלטוב,14
Jewish,F,מיטא,14
Jewish,F,מילדה,14
Jewish,F,מינצא,14
Jewish,F,מלאת,14
Jewish,F,מלכיה,14
Jewish,F,מנדריה,14
Jewish,F,מנון,14
Jewish,F,מרגה,14
Jewish,F,מריים,14
Jewish,F,נדינה,14
Jewish,F,ניחה,14
Jewish,F,נינת,14
Jewish,F,נרלי,14
Jewish,F,סבירה,14
Jewish,F,סולומיה,14
Jewish,F,סוסאנה,14
Jewish,F,סורה,14
Jewish,F,סידי,14
Jewish,F,סיה,14
Jewish,F,סיירה,14
Jewish,F,סילוה,14
Jewish,F,סלנה,14
Jewish,F,סמניש,14
Jewish,F,סנאייט,14
Jewish,F,ססילי,14
Jewish,F,ספידה,14
Jewish,F,עזה,14
Jewish,F,עינם,14
Jewish,F,עמיאלה,14
Jewish,F,ענר,14
Jewish,F,פטפט,14
Jewish,F,פנטאי,14
Jewish,F,פסיל,14
Jewish,F,פרומיט,14
Jewish,F,פרלין,14
Jewish,F,צ'ומה,14
Jewish,F,צגאנש,14
Jewish,F,צגרדה,14
Jewish,F,ציבי,14
Jewish,F,ציסנה,14
Jewish,F,קאמילה,14
Jewish,F,קאסיה,14
Jewish,F,קלריטה,14
Jewish,F,קרה,14
Jewish,F,קרלין,14
Jewish,F,ראובת,14
Jewish,F,רבבה,14
Jewish,F,רבי,14
Jewish,F,רוזאנה,14
Jewish,F,רייחן,14
Jewish,F,רייצה,14
Jewish,F,רים,14
Jewish,F,רשלין,14
Jewish,F,שארי,14
Jewish,F,שדה,14
Jewish,F,שחלה,14
Jewish,F,שטערנה,14
Jewish,F,שייאל,14
Jewish,F,שיראן,14
Jewish,F,תינה,14
Jewish,F,תרה,14
Jewish,F,אבבש,13
Jewish,F,אבילינה,13
Jewish,F,אגט,13
Jewish,F,אדאי,13
Jewish,F,אודת,13
Jewish,F,אוטה,13
Jewish,F,אוי,13
Jewish,F,אורטלי,13
Jewish,F,אוריאט,13
Jewish,F,איו,13
Jewish,F,אייצ'ש,13
Jewish,F,אינדירה,13
Jewish,F,אלאה,13
Jewish,F,אלזבט,13
Jewish,F,אליי,13
Jewish,F,אמירית,13
Jewish,F,אמרש,13
Jewish,F,אנאניה,13
Jewish,F,אניאט,13
Jewish,F,אנצ'ינאלו,13
Jewish,F,אצילה,13
Jewish,F,אראלי,13
Jewish,F,ארנת,13
Jewish,F,באמנט,13
Jewish,F,בבי,13
Jewish,F,בגוסאו,13
Jewish,F,בהנז,13
Jewish,F,ביזואייהו,13
Jewish,F,בירקיה,13
Jewish,F,בלומי,13
Jewish,F,בלטץ,13
Jewish,F,בסמת,13
Jewish,F,בראנדל,13
Jewish,F,בריאה,13
Jewish,F,ברינא,13
Jewish,F,ג'וד,13
Jewish,F,ג'וזפינה,13
Jewish,F,ג'וסי,13
Jewish,F,ג'ילברט,13
Jewish,F,ג'ילדה,13
Jewish,F,גאייה,13
Jewish,F,גאלדי,13
Jewish,F,גו,13
Jewish,F,גילן,13
Jewish,F,גיסל,13
Jewish,F,גרסי,13
Jewish,F,דגניה,13
Jewish,F,דילרה,13
Jewish,F,דינר,13
Jewish,F,דנקה,13
Jewish,F,הוריה,13
Jewish,F,הטר,13
Jewish,F,היידה,13
Jewish,F,הירוט,13
Jewish,F,הירות,13
Jewish,F,וובאלם,13
Jewish,F,וולנטינה,13
Jewish,F,וולריה,13
Jewish,F,וורקט,13
Jewish,F,ויואן,13
Jewish,F,ויוויאן,13
Jewish,F,וסילינה,13
Jewish,F,ז'וז'נה,13
Jewish,F,זאודיה,13
Jewish,F,זארי,13
Jewish,F,זניה,13
Jewish,F,חבה,13
Jewish,F,חולדה,13
Jewish,F,חלי-רחל,13
Jewish,F,חמי,13
Jewish,F,חסא,13
Jewish,F,חפציה,13
Jewish,F,טהיר,13
Jewish,F,טיגב,13
Jewish,F,טלאנש,13
Jewish,F,טמירה,13
Jewish,F,טספיה,13
Jewish,F,יאני,13
Jewish,F,יאניקה,13
Jewish,F,ידידיה,13
Jewish,F,יולין,13
Jewish,F,יזב,13
Jewish,F,יירוס,13
Jewish,F,ילגנש,13
Jewish,F,ילטה,13
Jewish,F,יני,13
Jewish,F,יענטל,13
Jewish,F,ירומנש,13
Jewish,F,כמיל,13
Jewish,F,לורונס,13
Jewish,F,ליטן,13
Jewish,F,ליירה,13
Jewish,F,ליסט,13
Jewish,F,לקנש,13
Jewish,F,מאבל,13
Jewish,F,מאקה,13
Jewish,F,מוני,13
Jewish,F,מוראן,13
Jewish,F,מי-יה,13
Jewish,F,מייסי,13
Jewish,F,מיירם,13
Jewish,F,מירז,13
Jewish,F,מיריה,13
Jewish,F,מירלא,13
Jewish,F,מלורי,13
Jewish,F,מליכה,13
Jewish,F,מלשאו,13
Jewish,F,מנדרה,13
Jewish,F,מעוז,13
Jewish,F,מרחביה,13
Jewish,F,נבונה,13
Jewish,F,נגינה,13
Jewish,F,נגסטה,13
Jewish,F,נטלייה,13
Jewish,F,ניחא,13
Jewish,F,ניריה,13
Jewish,F,נמי,13
Jewish,F,נסיבה,13
Jewish,F,נרדי,13
Jewish,F,נרמין,13
Jewish,F,סברה,13
Jewish,F,סונדרין,13
Jewish,F,סיאן,13
Jewish,F,סיוונה,13
Jewish,F,סילווה,13
Jewish,F,סילונה,13
Jewish,F,סילנאט,13
Jewish,F,סלבינה,13
Jewish,F,סמרוויט,13
Jewish,F,סנז,13
Jewish,F,ססקיה,13
Jewish,F,סראנש,13
Jewish,F,עד,13
Jewish,F,עזית,13
Jewish,F,עילם,13
Jewish,F,עינאדיס,13
Jewish,F,עינתי,13
Jewish,F,פאמלה,13
Jewish,F,פטגה,13
Jewish,F,פרומעט,13
Jewish,F,פרננד,13
Jewish,F,צ'ארלי,13
Jewish,F,צ'לה,13
Jewish,F,צור,13
Jewish,F,צירלה,13
Jewish,F,צלחה,13
Jewish,F,צפורת,13
Jewish,F,קאלקידן,13
Jewish,F,קאסי,13
Jewish,F,קדיסט,13
Jewish,F,קרסטינה,13
Jewish,F,קתלין,13
Jewish,F,רוול,13
Jewish,F,רוזיתה,13
Jewish,F,רוניתה,13
Jewish,F,רייאן,13
Jewish,F,רייצי,13
Jewish,F,ריקי-רבקה,13
Jewish,F,רעננה,13
Jewish,F,שבית,13
Jewish,F,שבלת,13
Jewish,F,שובלי,13
Jewish,F,שחם,13
Jewish,F,שיבא,13
Jewish,F,שרית-שרה,13
Jewish,F,תאודורה,13
Jewish,F,תגית,13
Jewish,F,תימנה,13
Jewish,F,תלי,13
Jewish,F,אבקלש,12
Jewish,F,אבראש,12
Jewish,F,אדמה,12
Jewish,F,אהלי,12
Jewish,F,אודלייה,12
Jewish,F,אומי,12
Jewish,F,אוריט,12
Jewish,F,אוריינה,12
Jewish,F,אורעד,12
Jewish,F,אושי,12
Jewish,F,אייוי,12
Jewish,F,איילור,12
Jewish,F,איילת-השחר,12
Jewish,F,איינורה,12
Jewish,F,אילתה,12
Jewish,F,אלאדה,12
Jewish,F,אלאנה,12
Jewish,F,אלהאם,12
Jewish,F,אלווינה,12
Jewish,F,אלטון,12
Jewish,F,אליאונור,12
Jewish,F,אליוט,12
Jewish,F,אליינה,12
Jewish,F,אליני,12
Jewish,F,אלינער,12
Jewish,F,אליקי,12
Jewish,F,אלירן,12
Jewish,F,אלעד,12
Jewish,F,אלפרידה,12
Jewish,F,אנאיט,12
Jewish,F,אנגודיי,12
Jewish,F,אנגליק,12
Jewish,F,אנוש,12
Jewish,F,אניסה,12
Jewish,F,אנל,12
Jewish,F,אסצ'לה,12
Jewish,F,ארגאש,12
Jewish,F,אריס,12
Jewish,F,אשרף,12
Jewish,F,אתלה,12
Jewish,F,בוסמת,12
Jewish,F,בירצ'יקו,12
Jewish,F,בנטה,12
Jewish,F,בר אל,12
Jewish,F,בר-אל,12
Jewish,F,בריט,12
Jewish,F,ברנקה,12
Jewish,F,ברקיה,12
Jewish,F,ברתה,12
Jewish,F,בת-יה,12
Jewish,F,ג'וסיאן,12
Jewish,F,ג'יזלה,12
Jewish,F,גיונל,12
Jewish,F,גיטיל,12
Jewish,F,גינדה,12
Jewish,F,גיסלן,12
Jewish,F,גיצה,12
Jewish,F,גיתה,12
Jewish,F,גלבוע,12
Jewish,F,גרייסי,12
Jewish,F,גשם,12
Jewish,F,דיאמנט,12
Jewish,F,דרית,12
Jewish,F,הודה,12
Jewish,F,היוואן,12
Jewish,F,הילא,12
Jewish,F,הילינה,12
Jewish,F,הינס,12
Jewish,F,הללה,12
Jewish,F,וובלם,12
Jewish,F,ווגנש,12
Jewish,F,וונסה,12
Jewish,F,וורקית,12
Jewish,F,ויוה,12
Jewish,F,ויק,12
Jewish,F,וירגיני,12
Jewish,F,ולנטין,12
Jewish,F,וסנה,12
Jewish,F,ז'ילה,12
Jewish,F,זאנין,12
Jewish,F,זואה,12
Jewish,F,זוודה,12
Jewish,F,זולייחה,12
Jewish,F,זילפו,12
Jewish,F,זלאטע,12
Jewish,F,זמדה,12
Jewish,F,חבטם,12
Jewish,F,חומה,12
Jewish,F,חיבו,12
Jewish,F,חיבית,12
Jewish,F,טג'טו,12
Jewish,F,טגוודה,12
Jewish,F,טהורה,12
Jewish,F,טזזאו,12
Jewish,F,טיבה,12
Jewish,F,טיילה,12
Jewish,F,טילאנש,12
Jewish,F,טירוסאו,12
Jewish,F,טסי,12
Jewish,F,טספאנש,12
Jewish,F,טעמה,12
Jewish,F,טפטה,12
Jewish,F,טקואדה,12
Jewish,F,טריינא,12
Jewish,F,יאבסרה,12
Jewish,F,יאלטה,12
Jewish,F,יוכית,12
Jewish,F,יולית,12
Jewish,F,יזולדה,12
Jewish,F,ילמוורק,12
Jewish,F,ילתא,12
Jewish,F,ימיקר,12
Jewish,F,יעקובה,12
Jewish,F,יקטירינה,12
Jewish,F,ירוסאלם,12
Jewish,F,ישומה,12
Jewish,F,ישינט,12
Jewish,F,כיסוף,12
Jewish,F,כריס,12
Jewish,F,כריסטיאן,12
Jewish,F,לבלי,12
Jewish,F,לדיה,12
Jewish,F,לוית,12
Jewish,F,לוריטה,12
Jewish,F,ליאלה,12
Jewish,F,ליודמיל,12
Jewish,F,ליזון,12
Jewish,F,ליטה,12
Jewish,F,לילא,12
Jewish,F,לקיה,12
Jewish,F,מאמה,12
Jewish,F,מגדלינה,12
Jewish,F,מהרט,12
Jewish,F,מוז'גאן,12
Jewish,F,מוצ'יט,12
Jewish,F,מורייה,12
Jewish,F,מזל-מלי,12
Jewish,F,מזנטו,12
Jewish,F,מידר,12
Jewish,F,מייב,12
Jewish,F,מינדלה,12
Jewish,F,מלין,12
Jewish,F,מלכה-מלי,12
Jewish,F,מלסץ',12
Jewish,F,מעלה,12
Jewish,F,מריזה,12
Jewish,F,מרילן,12
Jewish,F,מרנה,12
Jewish,F,מרנינה,12
Jewish,F,נואמי,12
Jewish,F,נחמה-דינה,12
Jewish,F,נינא,12
Jewish,F,ניקולי,12
Jewish,F,נללי,12
Jewish,F,נס-יה,12
Jewish,F,נצר,12
Jewish,F,נתיה,12
Jewish,F,סאסיא,12
Jewish,F,סגדה,12
Jewish,F,סוומהון,12
Jewish,F,סיביו,12
Jewish,F,סינידו,12
Jewish,F,סירנש,12
Jewish,F,סלסטה,12
Jewish,F,סם,12
Jewish,F,סנטאיהו,12
Jewish,F,עדלה,12
Jewish,F,עוזית,12
Jewish,F,עיינאדיס,12
Jewish,F,עירין,12
Jewish,F,עמבר,12
Jewish,F,עפרת,12
Jewish,F,פהימה,12
Jewish,F,פטה,12
Jewish,F,פיאונה,12
Jewish,F,פינא,12
Jewish,F,פלורנטינה,12
Jewish,F,פלקץ',12
Jewish,F,פניני,12
Jewish,F,פקרטה,12
Jewish,F,פרוזה,12
Jewish,F,פרימי,12
Jewish,F,פרימעט,12
Jewish,F,פרלט,12
Jewish,F,פרשתה,12
Jewish,F,צדיקה,12
Jewish,F,ציירדה,12
Jewish,F,ציציליה,12
Jewish,F,קימי,12
Jewish,F,קלוטילד,12
Jewish,F,קמחית,12
Jewish,F,קמר,12
Jewish,F,קנובש,12
Jewish,F,קריסטינ,12
Jewish,F,רוחל,12
Jewish,F,רולנד,12
Jewish,F,רוסיקו,12
Jewish,F,רוסלה,12
Jewish,F,רזין,12
Jewish,F,רחל-חיה,12
Jewish,F,רחל-חלי,12
Jewish,F,ריבקי,12
Jewish,F,רקלה,12
Jewish,F,שאנאל,12
Jewish,F,שארה,12
Jewish,F,שחנז,12
Jewish,F,שייבה,12
Jewish,F,שיר-ציון,12
Jewish,F,שירטל,12
Jewish,F,שלגיה,12
Jewish,F,שלי-רחל,12
Jewish,F,שרלה,12
Jewish,F,אבית,11
Jewish,F,אדיה,11
Jewish,F,אדיסאלם,11
Jewish,F,אדלוויט,11
Jewish,F,אדנקו,11
Jewish,F,אובנש,11
Jewish,F,אודייה,11
Jewish,F,אווקץ',11
Jewish,F,אוז'ני,11
Jewish,F,אוליב,11
Jewish,F,אומרי,11
Jewish,F,אוריליה,11
Jewish,F,אזבלה,11
Jewish,F,אטקה,11
Jewish,F,איאלנש,11
Jewish,F,אידמית,11
Jewish,F,איונה,11
Jewish,F,איזדורה,11
Jewish,F,איטו,11
Jewish,F,איירוסלם,11
Jewish,F,איראדה,11
Jewish,F,איתה,11
Jewish,F,אלאנור,11
Jewish,F,אלונורה,11
Jewish,F,אלי-יה,11
Jewish,F,אליזבת',11
Jewish,F,אלייזה,11
Jewish,F,אלישע,11
Jewish,F,אלסבט,11
Jewish,F,אמאוואייש,11
Jewish,F,אמארץ,11
Jewish,F,אמריקה,11
Jewish,F,אנאבלה,11
Jewish,F,אנהל,11
Jewish,F,אניש,11
Jewish,F,אנריקה,11
Jewish,F,אסל,11
Jewish,F,ארזית,11
Jewish,F,אריאלי,11
Jewish,F,ארקה,11
Jewish,F,אתיאל,11
Jewish,F,אתנה,11
Jewish,F,בדריה,11
Jewish,F,בוגדנה,11
Jewish,F,בוניה,11
Jewish,F,בזטו,11
Jewish,F,בלאן,11
Jewish,F,בנצ'יאמלק,11
Jewish,F,בנצ'מלק,11
Jewish,F,ברטוקאן,11
Jewish,F,ברניקה,11
Jewish,F,בשה,11
Jewish,F,בתחן,11
Jewish,F,ג'ובנה,11
Jewish,F,ג'וזט,11
Jewish,F,ג'יידן,11
Jewish,F,גאנין,11
Jewish,F,גוזט,11
Jewish,F,גוזל,11
Jewish,F,גורג'ט,11
Jewish,F,גיולנז,11
Jewish,F,גיזי,11
Jewish,F,גל-אור,11
Jewish,F,גנת,11
Jewish,F,גרסילה,11
Jewish,F,דגמר,11
Jewish,F,דוברה,11
Jewish,F,דודאית,11
Jewish,F,דוריתה,11
Jewish,F,דוריתי,11
Jewish,F,דייאן,11
Jewish,F,דיליה,11
Jewish,F,דפנית,11
Jewish,F,דרבה,11
Jewish,F,דרייזל,11
Jewish,F,הבתם,11
Jewish,F,הימנות,11
Jewish,F,הלרי,11
Jewish,F,הענה,11
Jewish,F,הענטשע,11
Jewish,F,וובה,11
Jewish,F,וורוניקה,11
Jewish,F,ויה,11
Jewish,F,וירוניק,11
Jewish,F,ורדין,11
Jewish,F,זולייחו,11
Jewish,F,זולפה,11
Jewish,F,זיזט,11
Jewish,F,זן,11
Jewish,F,חוליאנה,11
Jewish,F,חיבת,11
Jewish,F,חינית,11
Jewish,F,חנאל,11
Jewish,F,טגיטו,11
Jewish,F,טגנייץ,11
Jewish,F,טדלו,11
Jewish,F,טורונז',11
Jewish,F,טייקו,11
Jewish,F,טירונגו,11
Jewish,F,טמרטה,11
Jewish,F,טרואלם,11
Jewish,F,טרועלם,11
Jewish,F,טשה,11
Jewish,F,יולינה,11
Jewish,F,יונתן,11
Jewish,F,יוקרת,11
Jewish,F,יותם,11
Jewish,F,יזאבנש,11
Jewish,F,יזרעאלה,11
Jewish,F,ילגה,11
Jewish,F,ימי,11
Jewish,F,ימסרץ',11
Jewish,F,יענה,11
Jewish,F,יענטה,11
Jewish,F,יעקב,11
Jewish,F,ירוסלם,11
Jewish,F,כדן,11
Jewish,F,כסיף,11
Jewish,F,לויסה,11
Jewish,F,לומיניצה,11
Jewish,F,לי-רז,11
Jewish,F,ליון,11
Jewish,F,ליטלי,11
Jewish,F,ליטף,11
Jewish,F,לינויה,11
Jewish,F,לישן,11
Jewish,F,לקסי,11
Jewish,F,מאורין,11
Jewish,F,מאיסה,11
Jewish,F,מאליה,11
Jewish,F,מאנאסיב,11
Jewish,F,מגיב,11
Jewish,F,מולאן,11
Jewish,F,מוסי,11
Jewish,F,מוקטה,11
Jewish,F,מזלוט,11
Jewish,F,מייפל,11
Jewish,F,מיכול,11
Jewish,F,מיצי,11
Jewish,F,מיקא,11
Jewish,F,מכבית,11
Jewish,F,מלאיה,11
Jewish,F,מלישאו,11
Jewish,F,מלקה,11
Jewish,F,מנאסב,11
Jewish,F,מנטגבו,11
Jewish,F,מנטה,11
Jewish,F,מרג'י,11
Jewish,F,מרגאריטה,11
Jewish,F,מריאון,11
Jewish,F,מריאם,11
Jewish,F,מריאשה,11
Jewish,F,נאידה,11
Jewish,F,נב,11
Jewish,F,נזחנום,11
Jewish,F,נזירה,11
Jewish,F,נזר,11
Jewish,F,ניאה,11
Jewish,F,נרייה,11
Jewish,F,נרינה,11
Jewish,F,סאונט,11
Jewish,F,סאמי,11
Jewish,F,סבינדז',11
Jewish,F,סגד,11
Jewish,F,סדה,11
Jewish,F,סדי,11
Jewish,F,סוואנה,11
Jewish,F,סוליי,11
Jewish,F,סיגלה,11
Jewish,F,סיגליה,11
Jewish,F,סיטי,11
Jewish,F,סינקה,11
Jewish,F,סלומי,11
Jewish,F,סמיה,11
Jewish,F,סמינה,11
Jewish,F,סנורה,11
Jewish,F,ססיה,11
Jewish,F,עדיטל,11
Jewish,F,עיינת,11
Jewish,F,עלה,11
Jewish,F,עלווה,11
Jewish,F,ענבה,11
Jewish,F,ערנית,11
Jewish,F,פיא,11
Jewish,F,פיטפטה,11
Jewish,F,פייערל,11
Jewish,F,פלגיה,11
Jewish,F,פלישה,11
Jewish,F,פלקה,11
Jewish,F,פניר,11
Jewish,F,פעשה,11
Jewish,F,פעשי,11
Jewish,F,פרווין,11
Jewish,F,פרוונה,11
Jewish,F,פרונסין,11
Jewish,F,פרט,11
Jewish,F,צבר,11
Jewish,F,ציריל,11
Jewish,F,צפית,11
Jewish,F,צפרית,11
Jewish,F,קאילה,11
Jewish,F,קדמה,11
Jewish,F,קידסט,11
Jewish,F,קימם,11
Jewish,F,קינגה,11
Jewish,F,קמין,11
Jewish,F,קמרון,11
Jewish,F,קניה,11
Jewish,F,קראל,11
Jewish,F,קריינה,11
Jewish,F,קרייסיל,11
Jewish,F,קריס,11
Jewish,F,רבקה-ריקי,11
Jewish,F,רואן,11
Jewish,F,רומא,11
Jewish,F,רון-לי,11
Jewish,F,רוניתי,11
Jewish,F,רחומה,11
Jewish,F,ריווה,11
Jewish,F,ריילה,11
Jewish,F,ריס,11
Jewish,F,רנדה,11
Jewish,F,רעלא,11
Jewish,F,שאדי,11
Jewish,F,שארלוט,11
Jewish,F,שימה,11
Jewish,F,שירון,11
Jewish,F,שנטי,11
Jewish,F,שפיקה,11
Jewish,F,שפרית,11
Jewish,F,שקדי,11
Jewish,F,שרה-רבקה,11
Jewish,F,תהלליה,11
Jewish,F,תידהר,11
Jewish,F,תני,11
Jewish,F,אאורליה,10
Jewish,F,אבבצ',10
Jewish,F,אבג'ו,10
Jewish,F,אבטם,10
Jewish,F,אביאור,10
Jewish,F,אברהם,10
Jewish,F,אבריאלה,10
Jewish,F,אגרי,10
Jewish,F,אדגה,10
Jewish,F,אדור,10
Jewish,F,אדילה,10
Jewish,F,אדלאידה,10
Jewish,F,אהרון,10
Jewish,F,אודה-ליה,10
Jewish,F,אויטה,10
Jewish,F,אולריקה,10
Jewish,F,אוראלה,10
Jewish,F,אורילי,10
Jewish,F,אורת,10
Jewish,F,אזאונט,10
Jewish,F,אחדות,10
Jewish,F,אטלי,10
Jewish,F,איגט,10
Jewish,F,אייב,10
Jewish,F,אייגון,10
Jewish,F,אייהוש,10
Jewish,F,אילת-השחר,10
Jewish,F,איניס,10
Jewish,F,אינת,10
Jewish,F,איתל,10
Jewish,F,אלהודי,10
Jewish,F,אמלין,10
Jewish,F,אמלקה,10
Jewish,F,אנהי,10
Jewish,F,אנוצה,10
Jewish,F,אסמירלדה,10
Jewish,F,אסקיבה,10
Jewish,F,אסתר-הדסה,10
Jewish,F,אסתרי,10
Jewish,F,ארנלה,10
Jewish,F,אתליה,10
Jewish,F,בבת,10
Jewish,F,בהיה,10
Jewish,F,בהנאז,10
Jewish,F,בונצי,10
Jewish,F,ביביאנה,10
Jewish,F,ביטריס,10
Jewish,F,בלטה,10
Jewish,F,בנדטה,10
Jewish,F,בנצ'אמלק,10
Jewish,F,ברורית,10
Jewish,F,ברינדי,10
Jewish,F,בשורה,10
Jewish,F,ג'אני,10
Jewish,F,ג'ד,10
Jewish,F,ג'ליאן,10
Jewish,F,ג'סלין,10
Jewish,F,גוג'אם,10
Jewish,F,גנטה,10
Jewish,F,גרטי,10
Jewish,F,גריס,10
Jewish,F,דאון,10
Jewish,F,דאליה,10
Jewish,F,דולית,10
Jewish,F,דורונה,10
Jewish,F,דוריקה,10
Jewish,F,דלפינה,10
Jewish,F,דנור,10
Jewish,F,דניקה,10
Jewish,F,דרלי,10
Jewish,F,הוואן,10
Jewish,F,היולי,10
Jewish,F,היצל,10
Jewish,F,הנדיל,10
Jewish,F,הנריט,10
Jewish,F,ווביטו,10
Jewish,F,וורקעלם,10
Jewish,F,וינדי,10
Jewish,F,ויקטריה,10
Jewish,F,וירג'ני,10
Jewish,F,וירנה,10
Jewish,F,ורנה,10
Jewish,F,ז'ואן,10
Jewish,F,ז'והנה,10
Jewish,F,זוודיה,10
Jewish,F,זוולו,10
Jewish,F,זולייכה,10
Jewish,F,זיזה,10
Jewish,F,זכות,10
Jewish,F,זלטי,10
Jewish,F,זמם,10
Jewish,F,זמתו,10
Jewish,F,זקלינה,10
Jewish,F,חביבית,10
Jewish,F,חגי,10
Jewish,F,חוחית,10
Jewish,F,חטירה,10
Jewish,F,חיווט,10
Jewish,F,חילה,10
Jewish,F,חיסיבו,10
Jewish,F,חני-חנה,10
Jewish,F,חסדיה,10
Jewish,F,טאו,10
Jewish,F,טגנטה,10
Jewish,F,טוראן,10
Jewish,F,טיזאלו,10
Jewish,F,טירועלם,10
Jewish,F,טמה,10
Jewish,F,טפחה,10
Jewish,F,טרינגו,10
Jewish,F,יאקטרינה,10
Jewish,F,יבגנייה,10
Jewish,F,יגאלה,10
Jewish,F,יגנה,10
Jewish,F,יולונד,10
Jewish,F,יולנה,10
Jewish,F,יומי,10
Jewish,F,יוקרה,10
Jewish,F,ייטאיש,10
Jewish,F,יישיוורק,10
Jewish,F,ימסראץ',10
Jewish,F,ינקה,10
Jewish,F,יעד,10
Jewish,F,יעל-שרה,10
Jewish,F,ישאמבת,10
Jewish,F,כוכבי,10
Jewish,F,כמונה,10
Jewish,F,לאו,10
Jewish,F,לואי,10
Jewish,F,לודוביקה,10
Jewish,F,לודיבין,10
Jewish,F,לי-יו,10
Jewish,F,לי-פז,10
Jewish,F,ליגד,10
Jewish,F,ליהם,10
Jewish,F,ליוי,10
Jewish,F,ליזית,10
Jewish,F,לילינה,10
Jewish,F,ליסי,10
Jewish,F,לליאן,10
Jewish,F,לן,10
Jewish,F,מאסטואל,10
Jewish,F,מאריאל,10
Jewish,F,מגד,10
Jewish,F,מהשיד,10
Jewish,F,מולוורק,10
Jewish,F,מוניר,10
Jewish,F,מופת,10
Jewish,F,מורה,10
Jewish,F,מורז,10
Jewish,F,מטיה,10
Jewish,F,מיטר,10
Jewish,F,מייקה,10
Jewish,F,מילינה,10
Jewish,F,מינדיל,10
Jewish,F,מירום,10
Jewish,F,מירי-מרים,10
Jewish,F,מירתה,10
Jewish,F,מלי-מזל,10
Jewish,F,מלי-מלכה,10
Jewish,F,מליטה,10
Jewish,F,מלכו,10
Jewish,F,ממיי,10
Jewish,F,מנאלה,10
Jewish,F,מנדל,10
Jewish,F,מנטאמר,10
Jewish,F,מסנש,10
Jewish,F,מפרת,10
Jewish,F,מקוולה,10
Jewish,F,מריאט,10
Jewish,F,מרילי,10
Jewish,F,מרים-מירי,10
Jewish,F,מריצה,10
Jewish,F,משב,10
Jewish,F,מתנאל,10
Jewish,F,מתקה,10
Jewish,F,נאטליה,10
Jewish,F,נאלה,10
Jewish,F,נאנו,10
Jewish,F,נובל,10
Jewish,F,ניוסיה,10
Jewish,F,נייה,10
Jewish,F,נימרה,10
Jewish,F,נצ'יט,10
Jewish,F,נתן,10
Jewish,F,סאמראוויט,10
Jewish,F,סביונית,10
Jewish,F,סבינץ',10
Jewish,F,סולן,10
Jewish,F,סונדרה,10
Jewish,F,סורי,10
Jewish,F,סוריקה,10
Jewish,F,סטסי,10
Jewish,F,סטסיה,10
Jewish,F,סילאן,10
Jewish,F,סילוויה,10
Jewish,F,סלמווית,10
Jewish,F,סנדרינה,10
Jewish,F,ספרה,10
Jewish,F,סרי,10
Jewish,F,סריה,10
Jewish,F,סרנש,10
Jewish,F,עאישה,10
Jewish,F,עליתה,10
Jewish,F,ענהיה,10
Jewish,F,עניה,10
Jewish,F,ענת-חנה,10
Jewish,F,פארידה,10
Jewish,F,פדריקה,10
Jewish,F,פוליא,10
Jewish,F,פופי,10
Jewish,F,פורן,10
Jewish,F,פטריס,10
Jewish,F,פיטפט,10
Jewish,F,פלוריאנה,10
Jewish,F,פליסיטי,10
Jewish,F,פנלופה,10
Jewish,F,פרידריקה,10
Jewish,F,פרנגיס,10
Jewish,F,צ'רני,10
Jewish,F,צהאינש,10
Jewish,F,צופייה,10
Jewish,F,קדיה,10
Jewish,F,קטורת,10
Jewish,F,קידן,10
Jewish,F,קלאוד,10
Jewish,F,קלריה,10
Jewish,F,קלרינה,10
Jewish,F,קמונה,10
Jewish,F,קמם,10
Jewish,F,קסאייה,10
Jewish,F,ראה,10
Jewish,F,רדאט,10
Jewish,F,רובידה,10
Jewish,F,רוחמי,10
Jewish,F,רוטה,10
Jewish,F,רזאל,10
Jewish,F,ריבא,10
Jewish,F,ריזיל,10
Jewish,F,ריילא,10
Jewish,F,רייסי,10
Jewish,F,רילי,10
Jewish,F,רישל,10
Jewish,F,רצי,10
Jewish,F,שאיה,10
Jewish,F,שבנם,10
Jewish,F,שימא,10
Jewish,F,שלמה,10
Jewish,F,שקופה,10
Jewish,F,שרלט,10
Jewish,F,שרמיין,10
Jewish,F,ששונה,10
Jewish,F,תגסט,10
Jewish,F,תימרה,10
Jewish,F,תליה,10
Jewish,F,תקומה,10
Jewish,F,אביביה,9
Jewish,F,אבקיילש,9
Jewish,F,אברהט,9
Jewish,F,אגינצ'ה,9
Jewish,F,אדויג,9
Jewish,F,אדריה,9
Jewish,F,אודהיה,9
Jewish,F,אווטש,9
Jewish,F,אוליסיה,9
Jewish,F,אוסאן,9
Jewish,F,אור-פז,9
Jewish,F,אוריון,9
Jewish,F,אזיזה,9
Jewish,F,אזמרלדה,9
Jewish,F,אזנש,9
Jewish,F,איבה,9
Jewish,F,איין,9
Jewish,F,אילזה,9
Jewish,F,אילקה,9
Jewish,F,איסטם,9
Jewish,F,איסקו,9
Jewish,F,איפרוד,9
Jewish,F,איריסי,9
Jewish,F,אלבר,9
Jewish,F,אלברטה,9
Jewish,F,אלגרין,9
Jewish,F,אלזביטה,9
Jewish,F,אלינוע,9
Jewish,F,אליעזרה,9
Jewish,F,אמאוואיש,9
Jewish,F,אמאי,9
Jewish,F,אמה-לי,9
Jewish,F,אמורי,9
Jewish,F,אמיטל,9
Jewish,F,אנדז'לה,9
Jewish,F,אנולה,9
Jewish,F,אנושקה,9
Jewish,F,אנטיה,9
Jewish,F,אניוטה,9
Jewish,F,אנייאט,9
Jewish,F,אנסטסייה,9
Jewish,F,אנפיסה,9
Jewish,F,אנצ'ינלו,9
Jewish,F,אנתנש,9
Jewish,F,אסגוזה,9
Jewish,F,אסטה,9
Jewish,F,אסלף,9
Jewish,F,אסנה,9
Jewish,F,אסנקצ',9
Jewish,F,אספרנס,9
Jewish,F,אסקל,9
Jewish,F,אסתר-חנה,9
Jewish,F,ארוס,9
Jewish,F,ארמינה,9
Jewish,F,אשדת,9
Jewish,F,באמנת,9
Jewish,F,בולור,9
Jewish,F,בורכו,9
Jewish,F,בטוש,9
Jewish,F,ביקה,9
Jewish,F,בלייר,9
Jewish,F,במבי,9
Jewish,F,בנצ'אלם,9
Jewish,F,ברוכי,9
Jewish,F,ברזיט,9
Jewish,F,בריגט,9
Jewish,F,בריטה,9
Jewish,F,ברין,9
Jewish,F,ברכתיה,9
Jewish,F,ג'אז,9
Jewish,F,ג'אנל,9
Jewish,F,ג'והאנה,9
Jewish,F,גאורגינה,9
Jewish,F,גאניס,9
Jewish,F,גבירה,9
Jewish,F,גולייטה,9
Jewish,F,גומג'ו,9
Jewish,F,גוסטה,9
Jewish,F,גושן,9
Jewish,F,גיולי,9
Jewish,F,גיולרה,9
Jewish,F,גיזה,9
Jewish,F,גימי,9
Jewish,F,גיתי,9
Jewish,F,גליל,9
Jewish,F,גלעדה,9
Jewish,F,גסי,9
Jewish,F,גרזינה,9
Jewish,F,דאשה,9
Jewish,F,דבקה,9
Jewish,F,דבריה,9
Jewish,F,דדה,9
Jewish,F,דואן,9
Jewish,F,דוברו,9
Jewish,F,דודה,9
Jewish,F,דורותיה,9
Jewish,F,דורטה,9
Jewish,F,דז'ולטה,9
Jewish,F,דז'וליאטה,9
Jewish,F,דמקה,9
Jewish,F,דראל,9
Jewish,F,דרסה,9
Jewish,F,הגרה,9
Jewish,F,הטי,9
Jewish,F,היוון,9
Jewish,F,הינדע,9
Jewish,F,הענדי,9
Jewish,F,הרמוני,9
Jewish,F,הרמלה,9
Jewish,F,וובית,9
Jewish,F,וובסירה,9
Jewish,F,וודנש,9
Jewish,F,וולה,9
Jewish,F,וורקאי,9
Jewish,F,ויטי,9
Jewish,F,וינרה,9
Jewish,F,וירחיניה,9
Jewish,F,ולארי,9
Jewish,F,ונציה,9
Jewish,F,ז'וליאט,9
Jewish,F,ז'וליאנה,9
Jewish,F,ז'יסלן,9
Jewish,F,זולה,9
Jewish,F,זוליכה,9
Jewish,F,זורינה,9
Jewish,F,זורית,9
Jewish,F,זמיר,9
Jewish,F,זנאנש,9
Jewish,F,זנבץ',9
Jewish,F,זנבש,9
Jewish,F,זעירה,9
Jewish,F,זרטהון,9
Jewish,F,חבטאם,9
Jewish,F,חבי,9
Jewish,F,חווי,9
Jewish,F,חוסני,9
Jewish,F,חופש,9
Jewish,F,חזנה,9
Jewish,F,חיינה,9
Jewish,F,חילי,9
Jewish,F,חינקה,9
Jewish,F,חלום,9
Jewish,F,חלן,9
Jewish,F,חמה,9
Jewish,F,חנה-אנט,9
Jewish,F,חנלי,9
Jewish,F,חצב,9
Jewish,F,טאלצא,9
Jewish,F,טביין,9
Jewish,F,טגט,9
Jewish,F,טגנייץ',9
Jewish,F,טדי,9
Jewish,F,טדפלץ',9
Jewish,F,טולה,9
Jewish,F,טזאנו,9
Jewish,F,טטקו,9
Jewish,F,טיגאב,9
Jewish,F,טיהונה,9
Jewish,F,טירואיינט,9
Jewish,F,טירוסו,9
Jewish,F,טירסו,9
Jewish,F,טלין,9
Jewish,F,טלינה,9
Jewish,F,טניא,9
Jewish,F,טרן,9
Jewish,F,יאלטו,9
Jewish,F,יבלו,9
Jewish,F,יודיף,9
Jewish,F,יזבאלם,9
Jewish,F,יינית,9
Jewish,F,ימנוש,9
Jewish,F,ינאטפנטה,9
Jewish,F,ינאית,9
Jewish,F,ינסו,9
Jewish,F,יסראש,9
Jewish,F,יצחק,9
Jewish,F,ירבעלם,9
Jewish,F,ישהרג,9
Jewish,F,ישמבל,9
Jewish,F,ישמו,9
Jewish,F,כלי,9
Jewish,F,כלילת,9
Jewish,F,כתריאלה,9
Jewish,F,לאוזה,9
Jewish,F,לאוקדיה,9
Jewish,F,לאילה,9
Jewish,F,לבבית,9
Jewish,F,לדן,9
Jewish,F,לונדה,9
Jewish,F,לוצינה,9
Jewish,F,לי-אב,9
Jewish,F,ליהב,9
Jewish,F,ליזיאן,9
Jewish,F,לייו,9
Jewish,F,לינל,9
Jewish,F,למאי,9
Jewish,F,לנינה,9
Jewish,F,מאירם,9
Jewish,F,מארטה,9
Jewish,F,מאריאנה,9
Jewish,F,מאשע,9
Jewish,F,מגדולנה,9
Jewish,F,מדיקו,9
Jewish,F,מוליה,9
Jewish,F,מונטנה,9
Jewish,F,מורייל,9
Jewish,F,מחבובה,9
Jewish,F,מי-אל,9
Jewish,F,מייטה,9
Jewish,F,מייקל,9
Jewish,F,מירב-מרים,9
Jewish,F,מירייל,9
Jewish,F,מיריל,9
Jewish,F,מישאלה,9
Jewish,F,מלאניה,9
Jewish,F,מלדו,9
Jewish,F,מלכיאלה,9
Jewish,F,מלסה,9
Jewish,F,מנוחה-רחל,9
Jewish,F,מנטגווש,9
Jewish,F,מני,9
Jewish,F,מרגליטה,9
Jewish,F,מריבל,9
Jewish,F,מרילה,9
Jewish,F,מרינלה,9
Jewish,F,משא,9
Jewish,F,נאטאלי,9
Jewish,F,נבית,9
Jewish,F,נגין,9
Jewish,F,נדר,9
Jewish,F,נזיליה,9
Jewish,F,ניבית,9
Jewish,F,ניברט,9
Jewish,F,ניגאר,9
Jewish,F,ניסנה,9
Jewish,F,נללה,9
Jewish,F,נקטר,9
Jewish,F,נתנלי,9
Jewish,F,סבינז',9
Jewish,F,סולין,9
Jewish,F,סטה,9
Jewish,F,סטו,9
Jewish,F,סיבה,9
Jewish,F,סיונית,9
Jewish,F,סימה-שמחה,9
Jewish,F,סימנש,9
Jewish,F,סלבנה,9
Jewish,F,סמו,9
Jewish,F,סמנת'ה,9
Jewish,F,סמראוויט,9
Jewish,F,סנטאייהו,9
Jewish,F,סנטייהו,9
Jewish,F,ספורו,9
Jewish,F,סרקה,9
Jewish,F,עדיי,9
Jewish,F,עזיתה,9
Jewish,F,עידו,9
Jewish,F,עינאל,9
Jewish,F,עלין,9
Jewish,F,עליסיה,9
Jewish,F,ערפה,9
Jewish,F,עתרה,9
Jewish,F,פאר-לי,9
Jewish,F,פבי,9
Jewish,F,פוליט,9
Jewish,F,פזי,9
Jewish,F,פטפטיה,9
Jewish,F,פידן,9
Jewish,F,פיטגה,9
Jewish,F,פיית,9
Jewish,F,פיליפ,9
Jewish,F,פיפי,9
Jewish,F,פיקר,9
Jewish,F,פיקראדיס,9
Jewish,F,פלוריאן,9
Jewish,F,פלוריקה,9
Jewish,F,פלורן,9
Jewish,F,פנית,9
Jewish,F,פראן,9
Jewish,F,פרה,9
Jewish,F,פרונה,9
Jewish,F,פרנגיז,9
Jewish,F,פרנצסקה,9
Jewish,F,פרסיאדה,9
Jewish,F,צ'רה,9
Jewish,F,צ'רי,9
Jewish,F,צבי,9
Jewish,F,צביאלה,9
Jewish,F,ציגרדה,9
Jewish,F,ציפור,9
Jewish,F,קונסטנס,9
Jewish,F,קיה,9
Jewish,F,קילי,9
Jewish,F,קימחית,9
Jewish,F,קמלה,9
Jewish,F,קמע,9
Jewish,F,קסאנש,9
Jewish,F,קסי,9
Jewish,F,קרל,9
Jewish,F,ראנה,9
Jewish,F,ראנו,9
Jewish,F,ראשה,9
Jewish,F,רג'י,9
Jewish,F,רוגו,9
Jewish,F,רוזיה,9
Jewish,F,רוזל,9
Jewish,F,רוקסאן,9
Jewish,F,רזיטה,9
Jewish,F,רחל-לי,9
Jewish,F,רטה,9
Jewish,F,ריחנה,9
Jewish,F,רירי,9
Jewish,F,רמילה,9
Jewish,F,רנא,9
Jewish,F,רניי,9
Jewish,F,שאי,9
Jewish,F,שארלי,9
Jewish,F,שבותיה,9
Jewish,F,שגיב,9
Jewish,F,שהר,9
Jewish,F,שואנש,9
Jewish,F,שוויה,9
Jewish,F,שחלו,9
Jewish,F,שילהב,9
Jewish,F,שלוית,9
Jewish,F,שמים,9
Jewish,F,שרליז,9
Jewish,F,ששיה,9
Jewish,F,תורה,9
Jewish,F,תיפארת,9
Jewish,F,תמרת,9
Jewish,F,תשורה,9
Jewish,F,תשרי,9
Jewish,F,אאורה,8
Jewish,F,אגריטו,8
Jewish,F,אגריי,8
Jewish,F,אדסה,8
Jewish,F,אהליבה,8
Jewish,F,אודלה,8
Jewish,F,אוהלה,8
Jewish,F,אויה,8
Jewish,F,אולימפיה,8
Jewish,F,אומר,8
Jewish,F,אורגד,8
Jewish,F,אורידה,8
Jewish,F,אוריתה,8
Jewish,F,אזוונט,8
Jewish,F,אזלו,8
Jewish,F,אזליה,8
Jewish,F,אחיה,8
Jewish,F,אידר,8
Jewish,F,איזנה,8
Jewish,F,אייטן,8
Jewish,F,איינעלם,8
Jewish,F,איישה,8
Jewish,F,איליס,8
Jewish,F,אילניה,8
Jewish,F,אילת-חן,8
Jewish,F,אימבת,8
Jewish,F,אינאט,8
Jewish,F,איסטיר,8
Jewish,F,איסתם,8
Jewish,F,אירוסלם,8
Jewish,F,אירס,8
Jewish,F,איתאל,8
Jewish,F,אלזי,8
Jewish,F,אליאנא,8
Jewish,F,אליקס,8
Jewish,F,אלכסנדה,8
Jewish,F,אלכסנדריה,8
Jewish,F,אלפיה,8
Jewish,F,אלפץ',8
Jewish,F,אלת,8
Jewish,F,אמאווה,8
Jewish,F,אמביט,8
Jewish,F,אמבל,8
Jewish,F,אמוודיש,8
Jewish,F,אמי-לי,8
Jewish,F,אן-מרי,8
Jewish,F,אנאיד,8
Jewish,F,אנאסטסיה,8
Jewish,F,אנגו,8
Jewish,F,אנגוואץ',8
Jewish,F,אנדריי,8
Jewish,F,אנטהון,8
Jewish,F,אניאס,8
Jewish,F,אניד,8
Jewish,F,אנמרי,8
Jewish,F,אננא,8
Jewish,F,אנסה,8
Jewish,F,אנקואיה,8
Jewish,F,אסה,8
Jewish,F,אסטפניה,8
Jewish,F,אסטרה,8
Jewish,F,אסמרץ',8
Jewish,F,אסנקץ',8
Jewish,F,אסנתי,8
Jewish,F,אסרסץ,8
Jewish,F,אסרסש,8
Jewish,F,אסתה,8
Jewish,F,ארגוייה,8
Jewish,F,ארושה,8
Jewish,F,אריסטה,8
Jewish,F,ארלי,8
Jewish,F,אשתר,8
Jewish,F,אתטגב,8
Jewish,F,באנצ'אלם,8
Jewish,F,באנצ'גיזה,8
Jewish,F,בבט,8
Jewish,F,בטריס,8
Jewish,F,ביטי,8
Jewish,F,ביילע,8
Jewish,F,בינא,8
Jewish,F,ביקל,8
Jewish,F,בירן,8
Jewish,F,בכמל,8
Jewish,F,בלטש,8
Jewish,F,בס,8
Jewish,F,בראנא,8
Jewish,F,ברבי,8
Jewish,F,ברוניקה,8
Jewish,F,ברנש,8
Jewish,F,ברצקו,8
Jewish,F,בת-שחר,8
Jewish,F,בתלהם,8
Jewish,F,ג'ורג'ה,8
Jewish,F,ג'ימי,8
Jewish,F,ג'מיליה,8
Jewish,F,ג'נפר,8
Jewish,F,גאיאנה,8
Jewish,F,גדיי,8
Jewish,F,גדמנש,8
Jewish,F,גדעונה,8
Jewish,F,גודאיי,8
Jewish,F,גוהן,8
Jewish,F,גוהנה,8
Jewish,F,גוהרה,8
Jewish,F,גוייס,8
Jewish,F,גולט,8
Jewish,F,גולנז,8
Jewish,F,גולנר,8
Jewish,F,גולצ'חרה,8
Jewish,F,גונדריט,8
Jewish,F,גורדנה,8
Jewish,F,גיינה,8
Jewish,F,גלדה,8
Jewish,F,גלין,8
Jewish,F,גננדיל,8
Jewish,F,גפני,8
Jewish,F,גרה,8
Jewish,F,גרטרודה,8
Jewish,F,גרמין,8
Jewish,F,דאיה,8
Jewish,F,דאני,8
Jewish,F,דבס,8
Jewish,F,דג'טנו,8
Jewish,F,דז'מילה,8
Jewish,F,די,8
Jewish,F,דייה,8
Jewish,F,דנאי,8
Jewish,F,דניזי,8
Jewish,F,דנייל,8
Jewish,F,דרין,8
Jewish,F,דרעזל,8
Jewish,F,הדרית,8
Jewish,F,הודיא,8
Jewish,F,הולואגריש,8
Jewish,F,הילה-רחל,8
Jewish,F,היליה,8
Jewish,F,הילנה,8
Jewish,F,הנית,8
Jewish,F,הענטשי,8
Jewish,F,וובאלו,8
Jewish,F,ווביה,8
Jewish,F,וובלו,8
Jewish,F,ווגאי,8
Jewish,F,וורקי,8
Jewish,F,ויאוריקה,8
Jewish,F,וסינה,8
Jewish,F,ורג'יני,8
Jewish,F,ז'וזט,8
Jewish,F,ז'לה,8
Jewish,F,ז'רמן,8
Jewish,F,זאודי,8
Jewish,F,זאודיתו,8
Jewish,F,זואיה,8
Jewish,F,זואלו,8
Jewish,F,זוהרת,8
Jewish,F,זוואלו,8
Jewish,F,זוזפין,8
Jewish,F,זוחרה,8
Jewish,F,זולייכו,8
Jewish,F,זולמה,8
Jewish,F,זופאן,8
Jewish,F,זיויה,8
Jewish,F,זכריני,8
Jewish,F,זלה,8
Jewish,F,זמירית,8
Jewish,F,זמן,8
Jewish,F,זנאידה,8
Jewish,F,זרפיה,8
Jewish,F,חבסי,8
Jewish,F,חגיתי,8
Jewish,F,חגלה,8
Jewish,F,חומור,8
Jewish,F,חטונה,8
Jewish,F,חיים,8
Jewish,F,חיענא,8
Jewish,F,חנא,8
Jewish,F,חנה-לאה,8
Jewish,F,חנו,8
Jewish,F,חשא,8
Jewish,F,טאיו,8
Jewish,F,טאנגוט,8
Jewish,F,טבת,8
Jewish,F,טגניו,8
Jewish,F,טגנץ',8
Jewish,F,טובע,8
Jewish,F,טטי,8
Jewish,F,טיאן,8
Jewish,F,טיגט,8
Jewish,F,טילנש,8
Jewish,F,טיקיקיל,8
Jewish,F,טירואינט,8
Jewish,F,טלל,8
Jewish,F,טלשוורק,8
Jewish,F,טשארנע,8
Jewish,F,יאנטה,8
Jewish,F,יבנה,8
Jewish,F,יואלי,8
Jewish,F,יוה,8
Jewish,F,יול,8
Jewish,F,יוספין,8
Jewish,F,יופי,8
Jewish,F,יוקה,8
Jewish,F,יוקו,8
Jewish,F,יוקי,8
Jewish,F,יזנו,8
Jewish,F,יטובה,8
Jewish,F,יטלא,8
Jewish,F,ילם,8
Jewish,F,ילפין,8
Jewish,F,ינוורק,8
Jewish,F,יניטה,8
Jewish,F,יעל-חיה,8
Jewish,F,יעלם,8
Jewish,F,ירון,8
Jewish,F,ירמה,8
Jewish,F,כמיסה,8
Jewish,F,כמליה,8
Jewish,F,לאוטה,8
Jewish,F,לאי,8
Jewish,F,לארי,8
Jewish,F,לארן,8
Jewish,F,לבית,8
Jewish,F,לדי,8
Jewish,F,לה,8
Jewish,F,לואר,8
Jewish,F,לוטה,8
Jewish,F,לוי,8
Jewish,F,לוינה,8
Jewish,F,לוסינה,8
Jewish,F,לוצי,8
Jewish,F,לורליי,8
Jewish,F,לי-בר,8
Jewish,F,ליאני,8
Jewish,F,ליהא,8
Jewish,F,לייקה,8
Jewish,F,לימורי,8
Jewish,F,לינאי,8
Jewish,F,ליסבט,8
Jewish,F,ליצ'י,8
Jewish,F,ללין,8
Jewish,F,לנורה,8
Jewish,F,מאבה,8
Jewish,F,מאירית,8
Jewish,F,מאלאני,8
Jewish,F,מאריי,8
Jewish,F,מגב,8
Jewish,F,מוזלי,8
Jewish,F,מטקה,8
Jewish,F,מייטי,8
Jewish,F,מיכל-אסתר,8
Jewish,F,מיכל-רחל,8
Jewish,F,מילאי,8
Jewish,F,מילדרד,8
Jewish,F,מילת,8
Jewish,F,מינטאמיר,8
Jewish,F,מיני,8
Jewish,F,מירם,8
Jewish,F,מלסו,8
Jewish,F,מנבר,8
Jewish,F,מנזול,8
Jewish,F,מניז'ה,8
Jewish,F,מנתמר,8
Jewish,F,מערא,8
Jewish,F,מקס,8
Jewish,F,מרג'רי,8
Jewish,F,מרגול,8
Jewish,F,מרגי,8
Jewish,F,מרגליא,8
Jewish,F,מרטי,8
Jewish,F,מרי-אן,8
Jewish,F,מריאנלה,8
Jewish,F,מרייטה,8
Jewish,F,מרצ'י,8
Jewish,F,משגב,8
Jewish,F,נאות,8
Jewish,F,נאטאליה,8
Jewish,F,נאינה,8
Jewish,F,נאלי,8
Jewish,F,נארה,8
Jewish,F,נג'יה,8
Jewish,F,נגמה,8
Jewish,F,נדירה,8
Jewish,F,נהירה,8
Jewish,F,נועה-לי,8
Jewish,F,נוריתי,8
Jewish,F,נורנה,8
Jewish,F,נטו,8
Jewish,F,נילוס,8
Jewish,F,ניס,8
Jewish,F,ניצחונה,8
Jewish,F,ניצי,8
Jewish,F,ניקודם,8
Jewish,F,נסיכה,8
Jewish,F,נפרת,8
Jewish,F,נפת,8
Jewish,F,נצנה,8
Jewish,F,נרד,8
Jewish,F,נרה,8
Jewish,F,סאידה,8
Jewish,F,סבי,8
Jewish,F,סבריה,8
Jewish,F,סגי,8
Jewish,F,סופיו,8
Jewish,F,סיאלו,8
Jewish,F,סיאם,8
Jewish,F,סיטורה,8
Jewish,F,סיילו,8
Jewish,F,סילה,8
Jewish,F,סימחה,8
Jewish,F,סימן,8
Jewish,F,סיפראש,8
Jewish,F,סלאווי,8
Jewish,F,סלאמאוויט,8
Jewish,F,סלנט,8
Jewish,F,סלסט,8
Jewish,F,ספירו,8
Jewish,F,ספראש,8
Jewish,F,סתר,8
Jewish,F,עילא,8
Jewish,F,עילאיה,8
Jewish,F,עיני,8
Jewish,F,עלמוש,8
Jewish,F,עלמיה,8
Jewish,F,עמיתי,8
Jewish,F,עמק,8
Jewish,F,ערטל,8
Jewish,F,פאריה,8
Jewish,F,פלומבה,8
Jewish,F,פלישיה,8
Jewish,F,פלקו,8
Jewish,F,פנטאייה,8
Jewish,F,פנלופי,8
Jewish,F,פערלה,8
Jewish,F,פרולה,8
Jewish,F,פריידע,8
Jewish,F,פרנאז,8
Jewish,F,פרנוש,8
Jewish,F,פרנסיסקה,8
Jewish,F,צ'ימן,8
Jewish,F,צ'יני,8
Jewish,F,צארטל,8
Jewish,F,צברה,8
Jewish,F,צהייטו,8
Jewish,F,ציגה,8
Jewish,F,ציפרא,8
Jewish,F,קאמיל,8
Jewish,F,קונסטנסה,8
Jewish,F,קטה,8
Jewish,F,קטליה,8
Jewish,F,קיאן,8
Jewish,F,קידר,8
Jewish,F,קירסטן,8
Jewish,F,קלה,8
Jewish,F,קלו,8
Jewish,F,קלוודיה,8
Jewish,F,קנדל,8
Jewish,F,קריינא,8
Jewish,F,קרלינה,8
Jewish,F,קרן-אסתר,8
Jewish,F,ראשא,8
Jewish,F,ראשונה,8
Jewish,F,רבה,8
Jewish,F,רדיאט,8
Jewish,F,רובנה,8
Jewish,F,רוז'נה,8
Jewish,F,רוזלה,8
Jewish,F,רוחמא,8
Jewish,F,רוטל,8
Jewish,F,רויטלי,8
Jewish,F,רולין,8
Jewish,F,רונת,8
Jewish,F,רוסאנה,8
Jewish,F,רחליה,8
Jewish,F,רילה,8
Jewish,F,ריצל,8
Jewish,F,רלין,8
Jewish,F,רפית,8
Jewish,F,רשה,8
Jewish,F,שאשי,8
Jewish,F,שהרזאד,8
Jewish,F,שהרזד,8
Jewish,F,שחנוזה,8
Jewish,F,שיטה,8
Jewish,F,שילו,8
Jewish,F,שינטל,8
Jewish,F,שיפרו,8
Jewish,F,שיר-שירה,8
Jewish,F,שירה-חיה,8
Jewish,F,שירלין,8
Jewish,F,שירתיה,8
Jewish,F,שלאמצא,8
Jewish,F,שלום,8
Jewish,F,שמחי,8
Jewish,F,שמרה,8
Jewish,F,שריד,8
Jewish,F,שרנה,8
Jewish,F,שררה,8
Jewish,F,תאיס,8
Jewish,F,תאם,8
Jewish,F,תהל-אור,8
Jewish,F,תודיה,8
Jewish,F,אאוגניה,7
Jewish,F,אאורורה,7
Jewish,F,אאוריקה,7
Jewish,F,אבב,7
Jewish,F,אבגר,7
Jewish,F,אבזיה,7
Jewish,F,אבטה,7
Jewish,F,אביאת,7
Jewish,F,אביוט,7
Jewish,F,אבירה,7
Jewish,F,אבנת,7
Jewish,F,אברי,7
Jewish,F,אגדה,7
Jewish,F,אדאל,7
Jewish,F,אדוארד,7
Jewish,F,אדווינה,7
Jewish,F,אדיסיי,7
Jewish,F,אדלאוויט,7
Jewish,F,אהטנש,7
Jewish,F,אהל,7
Jewish,F,אהלה,7
Jewish,F,אובל,7
Jewish,F,אובלם,7
Jewish,F,אוגוסט,7
Jewish,F,אודיט,7
Jewish,F,אודלי,7
Jewish,F,אוהד,7
Jewish,F,אוזני,7
Jewish,F,אומידה,7
Jewish,F,אונדין,7
Jewish,F,אופרת,7
Jewish,F,אור-לב,7
Jewish,F,אורדית,7
Jewish,F,אורהלי,7
Jewish,F,אורים,7
Jewish,F,אוריקה,7
Jewish,F,אורלה,7
Jewish,F,אורנע,7
Jewish,F,אושירה,7
Jewish,F,אזבל,7
Jewish,F,אזר,7
Jewish,F,אטאקלט,7
Jewish,F,אטו,7
Jewish,F,איגי,7
Jewish,F,איהו,7
Jewish,F,איזי,7
Jewish,F,איליסה,7
Jewish,F,אילעי,7
Jewish,F,אילריה,7
Jewish,F,אימיליה,7
Jewish,F,אינדז'י,7
Jewish,F,אינקה,7
Jewish,F,איתם,7
Jewish,F,איתמר,7
Jewish,F,אל-אור,7
Jewish,F,אלאני,7
Jewish,F,אלומית,7
Jewish,F,אליאונו,7
Jewish,F,אליאני,7
Jewish,F,אלייני,7
Jewish,F,אליסו,7
Jewish,F,אלישיה,7
Jewish,F,אלמורק,7
Jewish,F,אלנא,7
Jewish,F,אלנז,7
Jewish,F,אלעדה,7
Jewish,F,אלקא,7
Jewish,F,אלקס,7
Jewish,F,אמארו,7
Jewish,F,אמוואיש,7
Jewish,F,אמיאל,7
Jewish,F,אמיטו,7
Jewish,F,אמילין,7
Jewish,F,אמר,7
Jewish,F,אנאידה,7
Jewish,F,אנאלי,7
Jewish,F,אנבאל,7
Jewish,F,אנגוץ',7
Jewish,F,אנדיהו,7
Jewish,F,אנטואנטה,7
Jewish,F,אנטי,7
Jewish,F,אניי,7
Jewish,F,אנילה,7
Jewish,F,אנקואהונה,7
Jewish,F,אנקויה,7
Jewish,F,אסטאר,7
Jewish,F,אסטרייה,7
Jewish,F,אסמה,7
Jewish,F,אספרנסה,7
Jewish,F,אספש,7
Jewish,F,אסרסאץ,7
Jewish,F,אסתריקה,7
Jewish,F,אצ'אש,7
Jewish,F,אצ'ש,7
Jewish,F,אקסיניה,7
Jewish,F,ארונה,7
Jewish,F,ארי-יה,7
Jewish,F,ארנקה,7
Jewish,F,אשגרה,7
Jewish,F,אתנת,7
Jewish,F,באיה,7
Jewish,F,באנצ'גזיה,7
Jewish,F,באנצ'יגיזה,7
Jewish,F,באנצ'יעמלק,7
Jewish,F,בארית,7
Jewish,F,בזו,7
Jewish,F,בזנש,7
Jewish,F,בטה,7
Jewish,F,בטושבה,7
Jewish,F,בי,7
Jewish,F,ביקי,7
Jewish,F,בירהאנה,7
Jewish,F,בירהנה,7
Jewish,F,ביריטו,7
Jewish,F,בירצ'קו,7
Jewish,F,בירקנש,7
Jewish,F,בנבנידה,7
Jewish,F,בנצ'עלם,7
Jewish,F,ברוניסל,7
Jewish,F,ברינדיל,7
Jewish,F,ברניסלבה,7
Jewish,F,ג'ונה,7
Jewish,F,ג'ונו,7
Jewish,F,ג'יג'י,7
Jewish,F,ג'ייל,7
Jewish,F,ג'מבר,7
Jewish,F,ג'נביב,7
Jewish,F,גאולית,7
Jewish,F,גדאם,7
Jewish,F,גודדה,7
Jewish,F,גולה,7
Jewish,F,גוליאטה,7
Jewish,F,גולנזי,7
Jewish,F,גולשן,7
Jewish,F,גורג'יה,7
Jewish,F,גיולסורך,7
Jewish,F,גיזוורק,7
Jewish,F,גיטנה,7
Jewish,F,גילנה,7
Jewish,F,גיסיה,7
Jewish,F,גיסלין,7
Jewish,F,גלורי,7
Jewish,F,גמא,7
Jewish,F,גרסיילה,7
Jewish,F,גרצילה,7
Jewish,F,דגנש,7
Jewish,F,דדי,7
Jewish,F,דובלט,7
Jewish,F,דולה,7
Jewish,F,דונטלה,7
Jewish,F,דוסיה,7
Jewish,F,דורוטיה,7
Jewish,F,דיבה,7
Jewish,F,דידה,7
Jewish,F,דיין,7
Jewish,F,דייסי,7
Jewish,F,דימבולו,7
Jewish,F,דלינה,7
Jewish,F,דלל,7
Jewish,F,דמוז,7
Jewish,F,דמקץ,7
Jewish,F,דנל,7
Jewish,F,דנקיה,7
Jewish,F,דסיסלבה,7
Jewish,F,דעה,7
Jewish,F,דפנא,7
Jewish,F,דרומה,7
Jewish,F,דרורי,7
Jewish,F,דרייזי,7
Jewish,F,דריל,7
Jewish,F,הארייט,7
Jewish,F,הביסטה,7
Jewish,F,הדס-אסתר,7
Jewish,F,הדרת,7
Jewish,F,הודי,7
Jewish,F,הוויה,7
Jewish,F,הוני,7
Jewish,F,הידה,7
Jewish,F,היזל,7
Jewish,F,הייקה,7
Jewish,F,הילארי,7
Jewish,F,הילן,7
Jewish,F,הימנוט,7
Jewish,F,העניה,7
Jewish,F,ואנדה,7
Jewish,F,וובאלץ',7
Jewish,F,ווזרו,7
Jewish,F,ויאל,7
Jewish,F,ויבקה,7
Jewish,F,ויקטורה,7
Jewish,F,וירז'יני,7
Jewish,F,ורונה,7
Jewish,F,ורורה,7
Jewish,F,ז'סיקה,7
Jewish,F,ז'קלינה,7
Jewish,F,זוי,7
Jewish,F,זולאיחו,7
Jewish,F,זיבה,7
Jewish,F,זיונית,7
Jewish,F,זכיה,7
Jewish,F,זלי,7
Jewish,F,זמה,7
Jewish,F,זמורה,7
Jewish,F,זמט,7
Jewish,F,זנבץ,7
Jewish,F,זניפר,7
Jewish,F,זקיה,7
Jewish,F,חאשע,7
Jewish,F,חייט,7
Jewish,F,חיימנוט,7
Jewish,F,חמודה,7
Jewish,F,חן-רחל,7
Jewish,F,חנה-אנה,7
Jewish,F,חשה,7
Jewish,F,טאודג',7
Jewish,F,טאודורה,7
Jewish,F,טאזה,7
Jewish,F,טאייץ',7
Jewish,F,טאילו,7
Jewish,F,טאלי,7
Jewish,F,טאקלו,7
Jewish,F,טגאב,7
Jewish,F,טגבנש,7
Jewish,F,טגניץ',7
Jewish,F,טהל,7
Jewish,F,טובאל,7
Jewish,F,טוודג',7
Jewish,F,טורס,7
Jewish,F,טיזלו,7
Jewish,F,טייבי,7
Jewish,F,טיציאנה,7
Jewish,F,טירנגו,7
Jewish,F,טל-לי,7
Jewish,F,טליה-חנה,7
Jewish,F,טפו,7
Jewish,F,טפטו,7
Jewish,F,טרזיה,7
Jewish,F,טרינה,7
Jewish,F,יאבגניה,7
Jewish,F,יאנט,7
Jewish,F,יבדית,7
Jewish,F,ידנק,7
Jewish,F,יואן,7
Jewish,F,יואננה,7
Jewish,F,יוגניה,7
Jewish,F,יווגנש,7
Jewish,F,יולייה,7
Jewish,F,יוסטינה,7
Jewish,F,יוסלין,7
Jewish,F,יופיה,7
Jewish,F,יופית,7
Jewish,F,יורה,7
Jewish,F,יורן,7
Jewish,F,יזבה,7
Jewish,F,יטנורה,7
Jewish,F,ימאיה,7
Jewish,F,ימיסראץ',7
Jewish,F,ימסרץ,7
Jewish,F,ינטע,7
Jewish,F,יננה,7
Jewish,F,יעל-אסתר,7
Jewish,F,יעל-חנה,7
Jewish,F,יעלית,7
Jewish,F,יפטוסירה,7
Jewish,F,יקוטה,7
Jewish,F,יקיטה,7
Jewish,F,יראל,7
Jewish,F,ירה,7
Jewish,F,ישאמוש,7
Jewish,F,ישום,7
Jewish,F,כספית,7
Jewish,F,לאומה,7
Jewish,F,לאורל,7
Jewish,F,לאקץ,7
Jewish,F,להאור,7
Jewish,F,להט,7
Jewish,F,לויז,7
Jewish,F,לונא,7
Jewish,F,לוסין,7
Jewish,F,לוקא,7
Jewish,F,לוראן,7
Jewish,F,לוראנס,7
Jewish,F,לוריאנה,7
Jewish,F,לטיטיה,7
Jewish,F,לי-און,7
Jewish,F,לי-אורה,7
Jewish,F,ליאושר,7
Jewish,F,ליבנית,7
Jewish,F,ליבקו,7
Jewish,F,לייל,7
Jewish,F,ליימה,7
Jewish,F,לילייה,7
Jewish,F,לינאל,7
Jewish,F,לירה,7
Jewish,F,לירוני,7
Jewish,F,למיה,7
Jewish,F,לנקה,7
Jewish,F,לקו,7
Jewish,F,לרי,7
Jewish,F,מאלדו,7
Jewish,F,מארשה,7
Jewish,F,מדהניט,7
Jewish,F,מהריטו,7
Jewish,F,מולה,7
Jewish,F,מולוגוג'אם,7
Jewish,F,מולוהבט,7
Jewish,F,מולנש,7
Jewish,F,מוריסט,7
Jewish,F,מושגן,7
Jewish,F,מושקט,7
Jewish,F,מזה,7
Jewish,F,מיאן,7
Jewish,F,מיה-לי,7
Jewish,F,מיהל,7
Jewish,F,מייטב,7
Jewish,F,מילייה,7
Jewish,F,מילניה,7
Jewish,F,מינלו,7
Jewish,F,מינתאמיר,7
Jewish,F,מיר,7
Jewish,F,מירבלה,7
Jewish,F,מירטל,7
Jewish,F,מיריאנה,7
Jewish,F,מירללה,7
Jewish,F,מירסה,7
Jewish,F,מכלה,7
Jewish,F,מלאק,7
Jewish,F,מלק,7
Jewish,F,ממאי,7
Jewish,F,ממיטה,7
Jewish,F,מנדנה,7
Jewish,F,מנו,7
Jewish,F,מנטוואב,7
Jewish,F,מנטווב,7
Jewish,F,מסרק,7
Jewish,F,מקיילה,7
Jewish,F,מראל,7
Jewish,F,מרג'אן,7
Jewish,F,מריא,7
Jewish,F,מרילו,7
Jewish,F,מריסל,7
Jewish,F,מריתו,7
Jewish,F,מרסייה,7
Jewish,F,מרצ'לה,7
Jewish,F,משל,7
Jewish,F,מתנת,7
Jewish,F,נאה,7
Jewish,F,נאיר,7
Jewish,F,נאניה,7
Jewish,F,נביאת,7
Jewish,F,נגילה,7
Jewish,F,נהורי,7
Jewish,F,נהורין,7
Jewish,F,נהרא,7
Jewish,F,נובר,7
Jewish,F,נוסיה,7
Jewish,F,נזנין,7
Jewish,F,נחלי,7
Jewish,F,ניארה,7
Jewish,F,ניטל,7
Jewish,F,ניטסו,7
Jewish,F,ניכול,7
Jewish,F,נילדה,7
Jewish,F,נינטה,7
Jewish,F,נעכה,7
Jewish,F,נעכע,7
Jewish,F,נערה,7
Jewish,F,נצה,7
Jewish,F,נצחית,7
Jewish,F,נרגיס,7
Jewish,F,נרגס,7
Jewish,F,נתבן,7
Jewish,F,סאבינה,7
Jewish,F,סאנדרה,7
Jewish,F,סאסיל,7
Jewish,F,סאשע,7
Jewish,F,סבילה,7
Jewish,F,סבינדג',7
Jewish,F,סוהיילה,7
Jewish,F,סוונט,7
Jewish,F,סולדד,7
Jewish,F,סוניטה,7
Jewish,F,סורית,7
Jewish,F,סטללה,7
Jewish,F,סטרה,7
Jewish,F,סילויאן,7
Jewish,F,סילי,7
Jewish,F,סילקא,7
Jewish,F,סימניש,7
Jewish,F,סינטאייהו,7
Jewish,F,סיסאיי,7
Jewish,F,סיסאיינש,7
Jewish,F,סלאוה,7
Jewish,F,סלאמוויט,7
Jewish,F,סלוה,7
Jewish,F,סליאור,7
Jewish,F,סלנאט,7
Jewish,F,סמונש,7
Jewish,F,סמן,7
Jewish,F,סמנש,7
Jewish,F,סמר,7
Jewish,F,סניז'נה,7
Jewish,F,סניית,7
Jewish,F,ספירונס,7
Jewish,F,ספרש,7
Jewish,F,סרה,7
Jewish,F,עדי-שרה,7
Jewish,F,עוגניה,7
Jewish,F,עוצמה,7
Jewish,F,עושרה,7
Jewish,F,עזו,7
Jewish,F,עטקה,7
Jewish,F,עיבל,7
Jewish,F,עלמאדיס,7
Jewish,F,עלמאז,7
Jewish,F,עמיאל,7
Jewish,F,ענית,7
Jewish,F,פאלומה,7
Jewish,F,פאנה,7
Jewish,F,פוליאנה,7
Jewish,F,פורטונטה,7
Jewish,F,פוריאל,7
Jewish,F,פייא,7
Jewish,F,פייג',7
Jewish,F,פלאיה,7
Jewish,F,פלורטה,7
Jewish,F,פנתה,7
Jewish,F,פעשע,7
Jewish,F,פקראדיס,7
Jewish,F,פראדא,7
Jewish,F,פרדוס,7
Jewish,F,פרדס,7
Jewish,F,פרהיווט,7
Jewish,F,פרחי,7
Jewish,F,פריאלה,7
Jewish,F,פריבא,7
Jewish,F,פריהיווט,7
Jewish,F,פריידיל,7
Jewish,F,פריל,7
Jewish,F,פרנסט,7
Jewish,F,פרנקי,7
Jewish,F,פרסילה,7
Jewish,F,פשא,7
Jewish,F,צ'רלי,7
Jewish,F,צהיה,7
Jewish,F,צוק,7
Jewish,F,ציבה,7
Jewish,F,צערל,7
Jewish,F,צפורית,7
Jewish,F,צפרירית,7
Jewish,F,קאדן,7
Jewish,F,קאילי,7
Jewish,F,קאלה,7
Jewish,F,קאמיי,7
Jewish,F,קאסו,7
Jewish,F,קארלי,7
Jewish,F,קדסת,7
Jewish,F,קהלת,7
Jewish,F,קונג'ו,7
Jewish,F,קוקו,7
Jewish,F,קוקי,7
Jewish,F,קיילין,7
Jewish,F,קיקי,7
Jewish,F,קישינה,7
Jewish,F,קלאו,7
Jewish,F,קלאריס,7
Jewish,F,קליאו,7
Jewish,F,קלימה,7
Jewish,F,קלינה,7
Jewish,F,קלכידן,7
Jewish,F,קלמונס,7
Jewish,F,קראסל,7
Jewish,F,קריה,7
Jewish,F,קרסטין,7
Jewish,F,ראי,7
Jewish,F,ראיין,7
Jewish,F,ראכי,7
Jewish,F,ראל,7
Jewish,F,ראמה,7
Jewish,F,ראצי,7
Jewish,F,רביבית,7
Jewish,F,רביקה,7
Jewish,F,רוגה,7
Jewish,F,רוזיטל,7
Jewish,F,רוזת,7
Jewish,F,רון-אל,7
Jewish,F,רוני-לי,7
Jewish,F,רוני-ציון,7
Jewish,F,רוננה,7
Jewish,F,רוסלי,7
Jewish,F,רוסלינה,7
Jewish,F,רוקסנדרה,7
Jewish,F,רייה,7
Jewish,F,רינט,7
Jewish,F,רליה,7
Jewish,F,רמש,7
Jewish,F,רניאל,7
Jewish,F,רסיא,7
Jewish,F,רסל,7
Jewish,F,רען,7
Jewish,F,רשאל,7
Jewish,F,רשף,7
Jewish,F,שבט,7
Jewish,F,שגא,7
Jewish,F,שדרה,7
Jewish,F,שובאל,7
Jewish,F,שומרת,7
Jewish,F,שטרענא,7
Jewish,F,שי-לה,7
Jewish,F,שיאונה,7
Jewish,F,שייאן,7
Jewish,F,שיילין,7
Jewish,F,שירני,7
Jewish,F,שישי,7
Jewish,F,שלומה,7
Jewish,F,שלומיה,7
Jewish,F,שמי,7
Jewish,F,שמית,7
Jewish,F,שמרי,7
Jewish,F,שפר,7
Jewish,F,שראי,7
Jewish,F,שרה-אסתר,7
Jewish,F,שרה-חיה,7
Jewish,F,שרה-לאה,7
Jewish,F,שריס,7
Jewish,F,תגואדה,7
Jewish,F,תהיר,7
Jewish,F,תהליה,7
Jewish,F,תילתן,7
Jewish,F,תירוש,7
Jewish,F,תמנת,7
Jewish,F,תנאל,7
Jewish,F,תניב,7
Jewish,F,תפרח,7
Jewish,F,תשובה,7
Jewish,F,תשועה,7
Jewish,F,אאוחניה,6
Jewish,F,אבאיינש,6
Jewish,F,אבגאיל,6
Jewish,F,אבון,6
Jewish,F,אבירמה,6
Jewish,F,אבסלט,6
Jewish,F,אגליה,6
Jewish,F,אגמי,6
Jewish,F,אדבבאי,6
Jewish,F,אדליין,6
Jewish,F,אדנץ,6
Jewish,F,אדנש,6
Jewish,F,אדרי,6
Jewish,F,אהב,6
Jewish,F,אהבת,6
Jewish,F,אהרונית,6
Jewish,F,אואנה,6
Jewish,F,אובלו,6
Jewish,F,אוויטה,6
Jewish,F,אופז,6
Jewish,F,אור-אלי,6
Jewish,F,אורגיל,6
Jewish,F,אוריי,6
Jewish,F,אורנא,6
Jewish,F,אורניה,6
Jewish,F,אורקנש,6
Jewish,F,אזאלץ',6
Jewish,F,אחלמה,6
Jewish,F,אטגן,6
Jewish,F,אטר,6
Jewish,F,איבן,6
Jewish,F,אידיה,6
Jewish,F,אידיל,6
Jewish,F,איוטה,6
Jewish,F,איון,6
Jewish,F,איזאבל,6
Jewish,F,איזאורה,6
Jewish,F,איטקה,6
Jewish,F,איידלא,6
Jewish,F,אילמירה,6
Jewish,F,אילתי,6
Jewish,F,אימבייט,6
Jewish,F,אימוויש,6
Jewish,F,אימונה,6
Jewish,F,אימלי,6
Jewish,F,אינאידה,6
Jewish,F,אינאנה,6
Jewish,F,אינאנו,6
Jewish,F,אינווה,6
Jewish,F,אינטנש,6
Jewish,F,איניה,6
Jewish,F,איסה,6
Jewish,F,איסתר,6
Jewish,F,איראן,6
Jewish,F,אלויר,6
Jewish,F,אלטלנה,6
Jewish,F,אליסבת,6
Jewish,F,אליעד,6
Jewish,F,אלמג,6
Jewish,F,אלמור,6
Jewish,F,אלמיתו,6
Jewish,F,אלמנאט,6
Jewish,F,אלף,6
Jewish,F,אלפה,6
Jewish,F,אלצ'ין,6
Jewish,F,אם,6
Jewish,F,אמא,6
Jewish,F,אמאל,6
Jewish,F,אמוהאי,6
Jewish,F,אמייטו,6
Jewish,F,אמילה,6
Jewish,F,אמריה,6
Jewish,F,אמרל,6
Jewish,F,אמרלד,6
Jewish,F,אמשה,6
Jewish,F,אמת,6
Jewish,F,אנג'לי,6
Jewish,F,אנגווץ',6
Jewish,F,אנגריד,6
Jewish,F,אנה-בל,6
Jewish,F,אנהלי,6
Jewish,F,אנז'ליק,6
Jewish,F,אניב,6
Jewish,F,אניטל,6
Jewish,F,אנייט,6
Jewish,F,אננדה,6
Jewish,F,אננית,6
Jewish,F,אנצ'נלו,6
Jewish,F,אנקוי,6
Jewish,F,אנקוייה,6
Jewish,F,אנריאט,6
Jewish,F,אנריאטה,6
Jewish,F,אסגדצ',6
Jewish,F,אסטי,6
Jewish,F,אסטרליה,6
Jewish,F,אסיי,6
Jewish,F,אסין,6
Jewish,F,אסלי,6
Jewish,F,אסמיר,6
Jewish,F,אסנאקו,6
Jewish,F,אסצילה,6
Jewish,F,אסקבה,6
Jewish,F,אסרסצ',6
Jewish,F,אפג,6
Jewish,F,אפט,6
Jewish,F,אצ'דה,6
Jewish,F,אצ'ם,6
Jewish,F,אקי,6
Jewish,F,אקל,6
Jewish,F,אקלנש,6
Jewish,F,ארדן,6
Jewish,F,ארה,6
Jewish,F,אריין,6
Jewish,F,ארלטה,6
Jewish,F,אשגרץ',6
Jewish,F,אתקלט,6
Jewish,F,באייץ',6
Jewish,F,בארנו,6
Jewish,F,בונינה,6
Jewish,F,ביאטריקס,6
Jewish,F,ביט,6
Jewish,F,בייצ'ש,6
Jewish,F,בילגה,6
Jewish,F,בילו,6
Jewish,F,בינקה,6
Jewish,F,בירגיטה,6
Jewish,F,בירהן,6
Jewish,F,ביתלחם,6
Jewish,F,בני,6
Jewish,F,בנציאמלק,6
Jewish,F,בר-ברכה,6
Jewish,F,בראני,6
Jewish,F,ברהניה,6
Jewish,F,ברוך,6
Jewish,F,ברונווין,6
Jewish,F,בריטל,6
Jewish,F,ברכת,6
Jewish,F,ברנסלבה,6
Jewish,F,ברקאי,6
Jewish,F,בתאור,6
Jewish,F,בתשי,6
Jewish,F,ג'ול,6
Jewish,F,ג'וסטין,6
Jewish,F,ג'ורג'י,6
Jewish,F,ג'ורגט,6
Jewish,F,ג'יזלי,6
Jewish,F,ג'יירן,6
Jewish,F,ג'ס,6
Jewish,F,גאינה,6
Jewish,F,גבאיינש,6
Jewish,F,גדאי,6
Jewish,F,גוליטה,6
Jewish,F,גולצ'רה,6
Jewish,F,גונאי,6
Jewish,F,גוסטין,6
Jewish,F,גור,6
Jewish,F,גורגינה,6
Jewish,F,גורה,6
Jewish,F,גורי,6
Jewish,F,גי,6
Jewish,F,גיאן,6
Jewish,F,גימול,6
Jewish,F,גיננדיל,6
Jewish,F,גישה,6
Jewish,F,גל-ים,6
Jewish,F,גלאדיס,6
Jewish,F,גניט,6
Jewish,F,גנסיה,6
Jewish,F,גסיגה,6
Jewish,F,געלי,6
Jewish,F,גרגיה,6
Jewish,F,גריטה,6
Jewish,F,גריסלדה,6
Jewish,F,גרס,6
Jewish,F,דאה,6
Jewish,F,דאפי,6
Jewish,F,דארינה,6
Jewish,F,דבוניא,6
Jewish,F,דברו,6
Jewish,F,דברי,6
Jewish,F,דהיינש,6
Jewish,F,דומניק,6
Jewish,F,דורט,6
Jewish,F,דורייה,6
Jewish,F,דוריין,6
Jewish,F,דז'באיל,6
Jewish,F,דיאנא,6
Jewish,F,דיווה,6
Jewish,F,דילה,6
Jewish,F,דלאל,6
Jewish,F,דלין,6
Jewish,F,דלפי,6
Jewish,F,דמק,6
Jewish,F,דנאור,6
Jewish,F,דנה-דינה,6
Jewish,F,דנה-רבקה,6
Jewish,F,דניטה,6
Jewish,F,דנקנש,6
Jewish,F,דסלו,6
Jewish,F,דרייה,6
Jewish,F,דרנגוט,6
Jewish,F,דרעזי,6
Jewish,F,הבה,6
Jewish,F,הבטנש,6
Jewish,F,הביסט,6
Jewish,F,הד,6
Jewish,F,הודיאל,6
Jewish,F,הולגר,6
Jewish,F,הילאור,6
Jewish,F,הילדגרד,6
Jewish,F,הלל-שרה,6
Jewish,F,הלמה,6
Jewish,F,המור,6
Jewish,F,הנרי,6
Jewish,F,הסט,6
Jewish,F,הרי,6
Jewish,F,ואלנטינה,6
Jewish,F,וובטה,6
Jewish,F,וובלה,6
Jewish,F,ווגאיה,6
Jewish,F,וויולט,6
Jewish,F,ווילמה,6
Jewish,F,וויקטוריה,6
Jewish,F,וורט,6
Jewish,F,וורקינש,6
Jewish,F,וטה,6
Jewish,F,ויוין,6
Jewish,F,ויני,6
Jewish,F,ונזיה,6
Jewish,F,ורג'יניה,6
Jewish,F,ורגיניה,6
Jewish,F,ז'אלה,6
Jewish,F,ז'וז'ה,6
Jewish,F,ז'ינט,6
Jewish,F,ז'ן,6
Jewish,F,ז'סמין,6
Jewish,F,זאביש,6
Jewish,F,זאבית,6
Jewish,F,זאודו,6
Jewish,F,זאין,6
Jewish,F,זהורה,6
Jewish,F,זוהיא,6
Jewish,F,זוהריה,6
Jewish,F,זוזה,6
Jewish,F,זומנש,6
Jewish,F,זוסיה,6
Jewish,F,זילברט,6
Jewish,F,זינא,6
Jewish,F,זינבול,6
Jewish,F,זלאטי,6
Jewish,F,זמילה,6
Jewish,F,זמניי,6
Jewish,F,זניט,6
Jewish,F,זננש,6
Jewish,F,זקי,6
Jewish,F,זרמן,6
Jewish,F,חדי,6
Jewish,F,חורש,6
Jewish,F,חותם,6
Jewish,F,חיאת,6
Jewish,F,חיוט,6
Jewish,F,חילא,6
Jewish,F,חיפה,6
Jewish,F,חלימה,6
Jewish,F,חלינה,6
Jewish,F,חמיסה,6
Jewish,F,חמית,6
Jewish,F,חן-חיה,6
Jewish,F,חנה-חני,6
Jewish,F,חנה-רבקה,6
Jewish,F,חנה-רחל,6
Jewish,F,חנצה,6
Jewish,F,חסית,6
Jewish,F,חסמין,6
Jewish,F,טאדפה,6
Jewish,F,טאל,6
Jewish,F,טאנצ'יוודיה,6
Jewish,F,טארין,6
Jewish,F,טבוס,6
Jewish,F,טגבה,6
Jewish,F,טגודה,6
Jewish,F,טגוואדה,6
Jewish,F,טוורס,6
Jewish,F,טולין,6
Jewish,F,טומה,6
Jewish,F,טונינה,6
Jewish,F,טורונש,6
Jewish,F,טזלו,6
Jewish,F,טייה,6
Jewish,F,טיינה,6
Jewish,F,טימאה,6
Jewish,F,טימי,6
Jewish,F,טירסה,6
Jewish,F,טל-טליה,6
Jewish,F,טלית,6
Jewish,F,טמו,6
Jewish,F,טרו-וורק,6
Jewish,F,טרם,6
Jewish,F,טרס,6
Jewish,F,טרפץ',6
Jewish,F,טשאמוש,6
Jewish,F,טשרנה,6
Jewish,F,יאב,6
Jewish,F,יאורית,6
Jewish,F,יאטביאנש,6
Jewish,F,יאיש,6
Jewish,F,יאלגה,6
Jewish,F,יאלה,6
Jewish,F,יאלין,6
Jewish,F,יגארדו,6
Jewish,F,ידביגה,6
Jewish,F,ידויגה,6
Jewish,F,יהודה,6
Jewish,F,יהלם,6
Jewish,F,יודי,6
Jewish,F,יוענה,6
Jewish,F,יורדאנוס,6
Jewish,F,יורדנה,6
Jewish,F,יטכא,6
Jewish,F,ייבגניה,6
Jewish,F,ייבה,6
Jewish,F,ייטא,6
Jewish,F,יימנגיסט,6
Jewish,F,יימקיר,6
Jewish,F,יירגדו,6
Jewish,F,יישארג,6
Jewish,F,יישעלם,6
Jewish,F,ילדיז,6
Jewish,F,ינגוסיה,6
Jewish,F,ינינש,6
Jewish,F,יניק,6
Jewish,F,יסאסו,6
Jewish,F,יען,6
Jewish,F,יקטיה,6
Jewish,F,יראבלט,6
Jewish,F,ירדנוס,6
Jewish,F,ירצ'ו,6
Jewish,F,ירשו,6
Jewish,F,ישומנש,6
Jewish,F,ישטו,6
Jewish,F,יתאיש,6
Jewish,F,כדית,6
Jewish,F,כמיליה,6
Jewish,F,כרמיתי,6
Jewish,F,כרסטינה,6
Jewish,F,כתון,6
Jewish,F,לאורט,6
Jewish,F,לאטיסיה,6
Jewish,F,לאקו,6
Jewish,F,לבה,6
Jewish,F,להבית,6
Jewish,F,לואה,6
Jewish,F,לואיזט,6
Jewish,F,לובא,6
Jewish,F,לווטה,6
Jewish,F,לון,6
Jewish,F,לונדון,6
Jewish,F,לוסינדה,6
Jewish,F,לוצ'יאנה,6
Jewish,F,לורדס,6
Jewish,F,לוריסה,6
Jewish,F,לי-גל,6
Jewish,F,לי-דור,6
Jewish,F,ליאי,6
Jewish,F,ליאת-רחל,6
Jewish,F,ליגיה,6
Jewish,F,לידייה,6
Jewish,F,ליז-עליזה,6
Jewish,F,לילב,6
Jewish,F,לימז,6
Jewish,F,לינא,6
Jewish,F,ליסן,6
Jewish,F,ליצי,6
Jewish,F,ליראז,6
Jewish,F,למור,6
Jewish,F,לקש,6
Jewish,F,מאיו,6
Jewish,F,מאילן,6
Jewish,F,מאלני,6
Jewish,F,מאמאי,6
Jewish,F,מאמו,6
Jewish,F,מאניה,6
Jewish,F,מאריקה,6
Jewish,F,מארל,6
Jewish,F,מארלי,6
Jewish,F,מבראט,6
Jewish,F,מדהנית,6
Jewish,F,מדיאה,6
Jewish,F,מהווש,6
Jewish,F,מוהר,6
Jewish,F,מוזה,6
Jewish,F,מור-לי,6
Jewish,F,מור-מרים,6
Jewish,F,מורן-מרים,6
Jewish,F,מזל-פורטונה,6
Jewish,F,מטה,6
Jewish,F,מטקיה,6
Jewish,F,מיבר,6
Jewish,F,מיזאן,6
Jewish,F,מיי-טל,6
Jewish,F,מיילה,6
Jewish,F,מיילו,6
Jewish,F,מיירן,6
Jewish,F,מיכל-חיה,6
Jewish,F,מילאני,6
Jewish,F,מילאת,6
Jewish,F,מילני,6
Jewish,F,מינלה,6
Jewish,F,מיעד,6
Jewish,F,מירב-רחל,6
Jewish,F,מירו,6
Jewish,F,מירקה,6
Jewish,F,מלדה,6
Jewish,F,מלו,6
Jewish,F,מליהה,6
Jewish,F,מלכת,6
Jewish,F,מלקיטו,6
Jewish,F,מנבילו,6
Jewish,F,מנטאמיר,6
Jewish,F,מנטגביש,6
Jewish,F,מניזה,6
Jewish,F,מנסיב,6
Jewish,F,מנצה,6
Jewish,F,מסודה,6
Jewish,F,מקדה,6
Jewish,F,מקנזי,6
Jewish,F,מריט,6
Jewish,F,מרייל,6
Jewish,F,מרים-חיה,6
Jewish,F,מרלינה,6
Jewish,F,מרן,6
Jewish,F,מרסלין,6
Jewish,F,מרציה,6
Jewish,F,מרתא,6
Jewish,F,מתוקו,6
Jewish,F,נאטה,6
Jewish,F,נאמי,6
Jewish,F,נבבו,6
Jewish,F,נגסה,6
Jewish,F,נדיזדה,6
Jewish,F,נדייה,6
Jewish,F,נהורית,6
Jewish,F,נהידה,6
Jewish,F,נוילי,6
Jewish,F,נוע,6
Jewish,F,נועה-חיה,6
Jewish,F,נורינה,6
Jewish,F,נזיה,6
Jewish,F,נטהלי,6
Jewish,F,נטעאל,6
Jewish,F,ניגורה,6
Jewish,F,נידיה,6
Jewish,F,נידר,6
Jewish,F,ניליה,6
Jewish,F,ניסיה,6
Jewish,F,ניקולינה,6
Jewish,F,ניתי,6
Jewish,F,נמה,6
Jewish,F,נמרה,6
Jewish,F,נסריה,6
Jewish,F,נעכי,6
Jewish,F,נעמת,6
Jewish,F,נענע,6
Jewish,F,נפקוט,6
Jewish,F,נרולי,6
Jewish,F,נריאל,6
Jewish,F,נשה,6
Jewish,F,נשמת,6
Jewish,F,סאבה,6
Jewish,F,סאסיה,6
Jewish,F,סבח,6
Jewish,F,סביונה,6
Jewish,F,סבלוורק,6
Jewish,F,סואד,6
Jewish,F,סוונה,6
Jewish,F,סולאנג,6
Jewish,F,סולונז',6
Jewish,F,סולנה,6
Jewish,F,סוניא,6
Jewish,F,סוסי,6
Jewish,F,סוסיה,6
Jewish,F,סופיקו,6
Jewish,F,סורור,6
Jewish,F,סוריאה,6
Jewish,F,סושה,6
Jewish,F,סטיבי,6
Jewish,F,סטיפני,6
Jewish,F,סידונה,6
Jewish,F,סיטה,6
Jewish,F,סיל,6
Jewish,F,סימונטה,6
Jewish,F,סינייה,6
Jewish,F,סיס,6
Jewish,F,סיסאינש,6
Jewish,F,סיפורה,6
Jewish,F,סיציליה,6
Jewish,F,סלאווה,6
Jewish,F,סלובה,6
Jewish,F,סלומיה,6
Jewish,F,סמאי,6
Jewish,F,סמאיין,6
Jewish,F,סמאין,6
Jewish,F,סמדרי,6
Jewish,F,סמונה,6
Jewish,F,סמין,6
Jewish,F,סנאי,6
Jewish,F,סנטיהו,6
Jewish,F,סעדת,6
Jewish,F,ספיה,6
Jewish,F,ספינש,6
Jewish,F,ספירי,6
Jewish,F,סריל,6
Jewish,F,סרפינה,6
Jewish,F,עדי-אסתר,6
Jewish,F,עדי-חן,6
Jewish,F,עולם,6
Jewish,F,עזת,6
Jewish,F,עיידה,6
Jewish,F,עילה,6
Jewish,F,עימנואלה,6
Jewish,F,עינית,6
Jewish,F,עינר,6
Jewish,F,עלומית,6
Jewish,F,עלמסרה,6
Jewish,F,ענברי,6
Jewish,F,ענגי,6
Jewish,F,עתאל,6
Jewish,F,עתי,6
Jewish,F,פאול,6
Jewish,F,פאלינה,6
Jewish,F,פביולה,6
Jewish,F,פבלה,6
Jewish,F,פגה,6
Jewish,F,פדורה,6
Jewish,F,פופה,6
Jewish,F,פטמה,6
Jewish,F,פטריסה,6
Jewish,F,פטריצה,6
Jewish,F,פטרסיה,6
Jewish,F,פיאה,6
Jewish,F,פיגע,6
Jewish,F,פילאר,6
Jewish,F,פיני,6
Jewish,F,פיניקס,6
Jewish,F,פיקי,6
Jewish,F,פלורונס,6
Jewish,F,פלורינדה,6
Jewish,F,פליה,6
Jewish,F,פנטיי,6
Jewish,F,פנינו,6
Jewish,F,פעסלא,6
Jewish,F,פקרה,6
Jewish,F,פרדיל,6
Jewish,F,פרואנה,6
Jewish,F,פריבש,6
Jewish,F,פריס,6
Jewish,F,פרנסון,6
Jewish,F,פרעל,6
Jewish,F,פרת,6
Jewish,F,צ'אקליט,6
Jewish,F,צ'ימנז,6
Jewish,F,צבטנה,6
Jewish,F,צגיה,6
Jewish,F,צדפית,6
Jewish,F,צהלית,6
Jewish,F,צופן,6
Jewish,F,צורטל,6
Jewish,F,צח,6
Jewish,F,ציאורי,6
Jewish,F,צייטא,6
Jewish,F,צילינה,6
Jewish,F,צילית,6
Jewish,F,צימל,6
Jewish,F,ציסאנה,6
Jewish,F,ציקי,6
Jewish,F,קאנו,6
Jewish,F,קארל,6
Jewish,F,קאתרין,6
Jewish,F,קבנש,6
Jewish,F,קולה,6
Jewish,F,קימה,6
Jewish,F,קירי,6
Jewish,F,קל,6
Jewish,F,קלאיר,6
Jewish,F,קלאר,6
Jewish,F,קלערל,6
Jewish,F,קלקידאן,6
Jewish,F,קלרטה,6
Jewish,F,קמרה,6
Jewish,F,קסנה,6
Jewish,F,קסנייה,6
Jewish,F,קריסטי,6
Jewish,F,קריסטיאן,6
Jewish,F,ראדיל,6
Jewish,F,ראדל,6
Jewish,F,ראיי,6
Jewish,F,ראימונד,6
Jewish,F,ראלה,6
Jewish,F,ראצא,6
Jewish,F,ראצה,6
Jewish,F,רבין,6
Jewish,F,רבקה-לאה,6
Jewish,F,רואיה,6
Jewish,F,רוזלינדה,6
Jewish,F,רוזמארי,6
Jewish,F,רוזני,6
Jewish,F,רויטל-רבקה,6
Jewish,F,רומיאנה,6
Jewish,F,רונט,6
Jewish,F,רונל,6
Jewish,F,רוס,6
Jewish,F,רוקסי,6
Jewish,F,רושנה,6
Jewish,F,רז'ינה,6
Jewish,F,רטי,6
Jewish,F,ריבטה,6
Jewish,F,ריווא,6
Jewish,F,ריחנית,6
Jewish,F,רייבן,6
Jewish,F,רייגן,6
Jewish,F,רייזע,6
Jewish,F,רינת-יה,6
Jewish,F,ריספו,6
Jewish,F,רישרדה,6
Jewish,F,רלית,6
Jewish,F,רנני,6
Jewish,F,רנתיה,6
Jewish,F,רעי,6
Jewish,F,רעכא,6
Jewish,F,רקיק,6
Jewish,F,רקסנה,6
Jewish,F,שאן,6
Jewish,F,שאנז,6
Jewish,F,שאשיה,6
Jewish,F,שבח,6
Jewish,F,שבל,6
Jewish,F,שגי,6
Jewish,F,שהלא,6
Jewish,F,שועא,6
Jewish,F,שורק,6
Jewish,F,שושנה-שני,6
Jewish,F,שיאון,6
Jewish,F,שיידה,6
Jewish,F,"שיל""ת",6
Jewish,F,שיראלה,6
Jewish,F,שירה-חנה,6
Jewish,F,שירי-שרה,6
Jewish,F,שכינה,6
Jewish,F,שלומי,6
Jewish,F,שמחה-סימה,6
Jewish,F,שמיים,6
Jewish,F,שמסי,6
Jewish,F,שמעון,6
Jewish,F,שני-שושנה,6
Jewish,F,שניה,6
Jewish,F,שנין,6
Jewish,F,שנתל,6
Jewish,F,שפיגה,6
Jewish,F,שרולטה,6
Jewish,F,ששי,6
Jewish,F,תגא,6
Jewish,F,תגה,6
Jewish,F,תהאל,6
Jewish,F,תומה,6
Jewish,F,תיאודורה,6
Jewish,F,תיתי,6
Jewish,F,תמור,6
Jewish,F,תמר-שרה,6
Jewish,F,תקלה,6
Jewish,F,תרון,6
Jewish,F,אבבי,5
Jewish,F,אבביהו,5
Jewish,F,אבגה,5
Jewish,F,אבגוסטה,5
Jewish,F,אבטץ',5
Jewish,F,אביטה,5
Jewish,F,אביטלי,5
Jewish,F,אביעד,5
Jewish,F,אברהיט,5
Jewish,F,אברהת,5
Jewish,F,אג'ה,5
Jewish,F,אגדס,5
Jewish,F,אגניהוש,5
Jewish,F,אגניו,5
Jewish,F,אגנצ'ה,5
Jewish,F,אדוויג',5
Jewish,F,אדוינה,5
Jewish,F,אדום,5
Jewish,F,אדורה,5
Jewish,F,אדייטו,5
Jewish,F,אדנק,5
Jewish,F,אדנקוש,5
Jewish,F,אדסיה,5
Jewish,F,אהבתיה,5
Jewish,F,אהרנה,5
Jewish,F,אוגול,5
Jewish,F,אוד,5
Jewish,F,אוהליה,5
Jewish,F,אוויה,5
Jewish,F,אוונגלינה,5
Jewish,F,אוחניה,5
Jewish,F,אולגה-רחל,5
Jewish,F,אוליויה,5
Jewish,F,אולכסנדרה,5
Jewish,F,אולקר,5
Jewish,F,אוסנט,5
Jewish,F,אוראם,5
Jewish,F,אורדן,5
Jewish,F,אורית-חנה,5
Jewish,F,אורלינה,5
Jewish,F,אורסלה,5
Jewish,F,אורשולה,5
Jewish,F,אושיה,5
Jewish,F,אזדה,5
Jewish,F,אזלץ',5
Jewish,F,אזנגו,5
Jewish,F,אזני,5
Jewish,F,אזניה,5
Jewish,F,אטדה,5
Jewish,F,אטדל,5
Jewish,F,אטייה,5
Jewish,F,אטינה,5
Jewish,F,אטלין,5
Jewish,F,אטלקה,5
Jewish,F,אטנאט,5
Jewish,F,אטקליט,5
Jewish,F,איאן,5
Jewish,F,אידיליה,5
Jewish,F,אידיס,5
Jewish,F,אידלה,5
Jewish,F,אידליה,5
Jewish,F,איוונקה,5
Jewish,F,איזבאל,5
Jewish,F,איטנש,5
Jewish,F,אייבט,5
Jewish,F,אייגול,5
Jewish,F,איילון,5
Jewish,F,איירינה,5
Jewish,F,איירן,5
Jewish,F,אילהי,5
Jewish,F,אילחה,5
Jewish,F,אילייה,5
Jewish,F,אילמה,5
Jewish,F,אימאן,5
Jewish,F,אימילי,5
Jewish,F,אימלדה,5
Jewish,F,אינבל,5
Jewish,F,אינגודאיי,5
Jewish,F,אינור,5
Jewish,F,אינורה,5
Jewish,F,אינז'י,5
Jewish,F,אינטה,5
Jewish,F,איסטט,5
Jewish,F,איסיה,5
Jewish,F,איסייה,5
Jewish,F,אירודה,5
Jewish,F,אישה,5
Jewish,F,אל-ים,5
Jewish,F,אלאן,5
Jewish,F,אלברט,5
Jewish,F,אלגום,5
Jewish,F,אלגית,5
Jewish,F,אלהה,5
Jewish,F,אלוויר,5
Jewish,F,אלורה,5
Jewish,F,אלטי,5
Jewish,F,אליאה,5
Jewish,F,אליאם,5
Jewish,F,אליביה,5
Jewish,F,אליונור,5
Jewish,F,אלייט,5
Jewish,F,אלינועה,5
Jewish,F,אליסבטה,5
Jewish,F,אליצ'ה,5
Jewish,F,אלישמע,5
Jewish,F,אלכסי,5
Jewish,F,אלמבנצ'י,5
Jewish,F,אלמוגה,5
Jewish,F,אלמצהי,5
Jewish,F,אלנוי,5
Jewish,F,אלסבת,5
Jewish,F,אלסירה,5
Jewish,F,אלפרדה,5
Jewish,F,אלקסי,5
Jewish,F,אלרואי,5
Jewish,F,אלרום,5
Jewish,F,אלרז,5
Jewish,F,אלרי,5
Jewish,F,אלשבע,5
Jewish,F,אלתה,5
Jewish,F,אם-לי,5
Jewish,F,אמאוויש,5
Jewish,F,אמאנש,5
Jewish,F,אמדה,5
Jewish,F,אמוו,5
Jewish,F,אמוואי,5
Jewish,F,אמווייש,5
Jewish,F,אמטבאל,5
Jewish,F,אמיליאן,5
Jewish,F,אמיליאנה,5
Jewish,F,אמילייה,5
Jewish,F,אמיתה,5
Jewish,F,אמיתי,5
Jewish,F,אמנט,5
Jewish,F,אמסאל,5
Jewish,F,אמתלאי,5
Jewish,F,אנאהל,5
Jewish,F,אנאו,5
Jewish,F,אנאית,5
Jewish,F,אנאליה,5
Jewish,F,אנאנא,5
Jewish,F,אנאני,5
Jewish,F,אנאניט,5
Jewish,F,אנאנייה,5
Jewish,F,אנגואצ',5
Jewish,F,אנגווץ,5
Jewish,F,אנגילינה,5
Jewish,F,אנדאגר,5
Jewish,F,אנדרייה,5
Jewish,F,אנדשאש,5
Jewish,F,אנוה,5
Jewish,F,אנווא,5
Jewish,F,אנור,5
Jewish,F,אנורה,5
Jewish,F,אנטונט,5
Jewish,F,אנילי,5
Jewish,F,אניצה,5
Jewish,F,אנישוארה,5
Jewish,F,אננט,5
Jewish,F,אנסטאסיה,5
Jewish,F,אנצ'נאלו,5
Jewish,F,אנקואיהוש,5
Jewish,F,אסא,5
Jewish,F,אסאסו,5
Jewish,F,אסמארו,5
Jewish,F,אסמי,5
Jewish,F,אסנאקץ',5
Jewish,F,אסנקאו,5
Jewish,F,אסף,5
Jewish,F,אסתיר,5
Jewish,F,אפסאנה,5
Jewish,F,אפקה,5
Jewish,F,אקו,5
Jewish,F,ארגנש,5
Jewish,F,ארי-אל,5
Jewish,F,ארייא,5
Jewish,F,ארליט,5
Jewish,F,ארמידה,5
Jewish,F,ארמל,5
Jewish,F,ארנסטין,5
Jewish,F,ארסטיה,5
Jewish,F,ארצה,5
Jewish,F,אשגר,5
Jewish,F,אשגרץ,5
Jewish,F,אשה,5
Jewish,F,אשכול,5
Jewish,F,אשלה,5
Jewish,F,אתלי,5
Jewish,F,באזטו,5
Jewish,F,באנצ'אמלאק,5
Jewish,F,באנצ'יאיהו,5
Jewish,F,באנצי,5
Jewish,F,באנציעלם,5
Jewish,F,באפי,5
Jewish,F,בהט,5
Jewish,F,בוגלץ',5
Jewish,F,בוזנה,5
Jewish,F,בוסתן,5
Jewish,F,בוקי,5
Jewish,F,בורטוקן,5
Jewish,F,בזאוויט,5
Jewish,F,בחלה,5
Jewish,F,ביאה,5
Jewish,F,ביזואיו,5
Jewish,F,ביזן,5
Jewish,F,ביטדג,5
Jewish,F,ביטיה,5
Jewish,F,ביטניה,5
Jewish,F,ביינש,5
Jewish,F,ביני,5
Jewish,F,ביסט,5
Jewish,F,בלא,5
Jewish,F,בלום,5
Jewish,F,בלוסום,5
Jewish,F,בלטצ',5
Jewish,F,בלידה,5
Jewish,F,בלנה,5
Jewish,F,בנו,5
Jewish,F,בנצ'יעלם,5
Jewish,F,בנצ'לם,5
Jewish,F,בנצי,5
Jewish,F,בר-מזל,5
Jewish,F,ברונית,5
Jewish,F,ברז'יט,5
Jewish,F,ברטל,5
Jewish,F,ברידג'ט,5
Jewish,F,ברכה-רבקה,5
Jewish,F,ברכיה,5
Jewish,F,ברלה,5
Jewish,F,ברנרדה,5
Jewish,F,ברציקו,5
Jewish,F,ברקיי,5
Jewish,F,ברקנש,5
Jewish,F,בשי,5
Jewish,F,בתיה-בטי,5
Jewish,F,ג'אלה,5
Jewish,F,ג'ואלה,5
Jewish,F,ג'ודיט,5
Jewish,F,ג'וזלין,5
Jewish,F,ג'ורג'יט,5
Jewish,F,ג'נאביב,5
Jewish,F,ג'קולין,5
Jewish,F,ג'רמין,5
Jewish,F,גבריאלי,5
Jewish,F,גוזלין,5
Jewish,F,גולמירה,5
Jewish,F,גולסורך,5
Jewish,F,גולסרה,5
Jewish,F,גולצ'כרה,5
Jewish,F,גולר,5
Jewish,F,גונדר,5
Jewish,F,גונדרית,5
Jewish,F,גידי,5
Jewish,F,גיסטמן,5
Jewish,F,גיסלאן,5
Jewish,F,גישא,5
Jewish,F,גלדס,5
Jewish,F,גליקה,5
Jewish,F,גלן,5
Jewish,F,גלנש,5
Jewish,F,גמי,5
Jewish,F,גן-יה,5
Jewish,F,גנזב,5
Jewish,F,גנטי,5
Jewish,F,גננדי,5
Jewish,F,גפנה,5
Jewish,F,גרז'ינה,5
Jewish,F,גרטל,5
Jewish,F,גריסל,5
Jewish,F,דאיינה,5
Jewish,F,דארין,5
Jewish,F,דבריתו,5
Jewish,F,דגיטנו,5
Jewish,F,דגמוויט,5
Jewish,F,דובי,5
Jewish,F,דולסה,5
Jewish,F,דונטה,5
Jewish,F,דוני,5
Jewish,F,דז'וליטה,5
Jewish,F,דז'מיליה,5
Jewish,F,דיאה,5
Jewish,F,דיואן,5
Jewish,F,דיורה,5
Jewish,F,דילטה,5
Jewish,F,דינה-דנה,5
Jewish,F,דינקיה,5
Jewish,F,דינת,5
Jewish,F,דלידה,5
Jewish,F,דמילה,5
Jewish,F,דנקיטו,5
Jewish,F,דסטאי,5
Jewish,F,דרומית,5
Jewish,F,דריאל,5
Jewish,F,דריאן,5
Jewish,F,דריאנה,5
Jewish,F,האדיא,5
Jewish,F,הבטאמנש,5
Jewish,F,הבטמה,5
Jewish,F,הדראל,5
Jewish,F,הודיה-חיה,5
Jewish,F,הודיה-רחל,5
Jewish,F,הווט,5
Jewish,F,הויה,5
Jewish,F,הולו,5
Jewish,F,הוליה,5
Jewish,F,היאוט,5
Jewish,F,הילאיי,5
Jewish,F,הנגמה,5
Jewish,F,הנטשי,5
Jewish,F,הנטשע,5
Jewish,F,הנייה,5
Jewish,F,הנלי,5
Jewish,F,הסי,5
Jewish,F,הרגואה,5
Jewish,F,הריאטה,5
Jewish,F,הריט,5
Jewish,F,הרייטה,5
Jewish,F,הרלי,5
Jewish,F,הרמין,5
Jewish,F,ואל,5
Jewish,F,וואגאנש,5
Jewish,F,וודיי,5
Jewish,F,ווטת,5
Jewish,F,וויטא,5
Jewish,F,וויטני,5
Jewish,F,וויכנא,5
Jewish,F,ווינדי,5
Jewish,F,וויקי,5
Jewish,F,ווסנה,5
Jewish,F,וורד,5
Jewish,F,וורקאלם,5
Jewish,F,וורקיי,5
Jewish,F,וורקלם,5
Jewish,F,ויאנה,5
Jewish,F,ויארה,5
Jewish,F,ויויין,5
Jewish,F,וילדן,5
Jewish,F,ולדילנה,5
Jewish,F,וניס,5
Jewish,F,וניסה,5
Jewish,F,ז'אד,5
Jewish,F,ז'וזפינה,5
Jewish,F,ז'וליאטה,5
Jewish,F,ז'וליטה,5
Jewish,F,ז'ינה,5
Jewish,F,ז'רלדין,5
Jewish,F,זאנטה,5
Jewish,F,זאני,5
Jewish,F,זאפו,5
Jewish,F,זהב,5
Jewish,F,זואוב,5
Jewish,F,זואן,5
Jewish,F,זוודיתו,5
Jewish,F,זוזלין,5
Jewish,F,זוליחו,5
Jewish,F,זומא,5
Jewish,F,זומאנש,5
Jewish,F,זורז'ט,5
Jewish,F,זורזיט,5
Jewish,F,זורזת,5
Jewish,F,זזו,5
Jewish,F,זיגין,5
Jewish,F,זילה,5
Jewish,F,זימרית,5
Jewish,F,זינאדה,5
Jewish,F,זינב,5
Jewish,F,זינת,5
Jewish,F,זיסלה,5
Jewish,F,זיסליה,5
Jewish,F,זיסע,5
Jewish,F,זית,5
Jewish,F,זכה,5
Jewish,F,זכית,5
Jewish,F,זלוטה,5
Jewish,F,זמדי,5
Jewish,F,זמירנדה,5
Jewish,F,זננה,5
Jewish,F,זסיקה,5
Jewish,F,זסלין,5
Jewish,F,זסמין,5
Jewish,F,זעלדה,5
Jewish,F,זריאנה,5
Jewish,F,זרין,5
Jewish,F,חבתם,5
Jewish,F,חגילה,5
Jewish,F,חואניטה,5
Jewish,F,חוגלה,5
Jewish,F,חוה-לאה,5
Jewish,F,חורחלינה,5
Jewish,F,חטיה,5
Jewish,F,חיה-מושקה,5
Jewish,F,חיהלה,5
Jewish,F,חימנות,5
Jewish,F,חיקה,5
Jewish,F,חיריה,5
Jewish,F,חלוה,5
Jewish,F,חנה-יהודית,5
Jewish,F,חנהלה,5
Jewish,F,חנומה,5
Jewish,F,חניטה,5
Jewish,F,חנים,5
Jewish,F,חנצי,5
Jewish,F,חנציא,5
Jewish,F,חסיבו,5
Jewish,F,חסינטה,5
Jewish,F,טאזאש,5
Jewish,F,טאירה,5
Jewish,F,טאנה,5
Jewish,F,טאקטו,5
Jewish,F,טבעונה,5
Jewish,F,טהייה,5
Jewish,F,טוטו,5
Jewish,F,טוטי,5
Jewish,F,טולצא,5
Jewish,F,טונזלה,5
Jewish,F,טוסיה,5
Jewish,F,טורינה,5
Jewish,F,טזאלו,5
Jewish,F,טזטה,5
Jewish,F,טזנו,5
Jewish,F,טזתה,5
Jewish,F,טחמינה,5
Jewish,F,טיארה,5
Jewish,F,טיגסת,5
Jewish,F,טיזזאו,5
Jewish,F,טיילר,5
Jewish,F,טייק,5
Jewish,F,טיירה,5
Jewish,F,טירהס,5
Jewish,F,טמונה,5
Jewish,F,טנז,5
Jewish,F,טפץ',5
Jewish,F,טראנא,5
Jewish,F,טרואיינט,5
Jewish,F,טרומד,5
Jewish,F,טרועינת,5
Jewish,F,טריה,5
Jewish,F,טריסי,5
Jewish,F,יאגוט,5
Jewish,F,יאיר,5
Jewish,F,יאכט,5
Jewish,F,יאלמסרה,5
Jewish,F,יאמזה,5
Jewish,F,יאניטה,5
Jewish,F,יאקוט,5
Jewish,F,יהבי,5
Jewish,F,יהבית,5
Jewish,F,יהועדן,5
Jewish,F,יובל-חנה,5
Jewish,F,יוהאנה,5
Jewish,F,יולדוז,5
Jewish,F,יוניק,5
Jewish,F,יוסיאן,5
Jewish,F,יורי,5
Jewish,F,יזאב,5
Jewish,F,יזבל,5
Jewish,F,יטיש,5
Jewish,F,ייווה,5
Jewish,F,יימקר,5
Jewish,F,ייני,5
Jewish,F,ייננש,5
Jewish,F,יירצ'ו,5
Jewish,F,ייש,5
Jewish,F,יישוורק,5
Jewish,F,ילטו,5
Jewish,F,ימאטה,5
Jewish,F,ימבל,5
Jewish,F,ימרות,5
Jewish,F,ינגה,5
Jewish,F,ינגוסנש,5
Jewish,F,יניקה,5
Jewish,F,יניר,5
Jewish,F,ינסה,5
Jewish,F,יעל-טובה,5
Jewish,F,יעל-מרים,5
Jewish,F,יפאת,5
Jewish,F,יצהר,5
Jewish,F,יקאנו,5
Jewish,F,יקות,5
Jewish,F,יקטה,5
Jewish,F,ירבב,5
Jewish,F,ירח,5
Jewish,F,ירנה,5
Jewish,F,ישאמבט,5
Jewish,F,ישטלה,5
Jewish,F,ישיעלם,5
Jewish,F,ישכה,5
Jewish,F,ישרה,5
Jewish,F,יתיר,5
Jewish,F,כוכביה,5
Jewish,F,כוכבת,5
Jewish,F,כרכום,5
Jewish,F,כרלה,5
Jewish,F,לאה-לילי,5
Jewish,F,לאוניה,5
Jewish,F,לביניה,5
Jewish,F,לויבה,5
Jewish,F,לוליה,5
Jewish,F,לומי,5
Jewish,F,לותם,5
Jewish,F,לי-בת,5
Jewish,F,ליאד,5
Jewish,F,ליבוב,5
Jewish,F,ליהל,5
Jewish,F,ליודה,5
Jewish,F,ליונה,5
Jewish,F,ליזבטה,5
Jewish,F,ליזבת,5
Jewish,F,ליזיקה,5
Jewish,F,ליזל,5
Jewish,F,ליחיה,5
Jewish,F,ליטיסיה,5
Jewish,F,לייאל,5
Jewish,F,לילוש,5
Jewish,F,לילי-לאה,5
Jewish,F,לים,5
Jewish,F,לימה,5
Jewish,F,לינאה,5
Jewish,F,לינזי,5
Jewish,F,ליסול,5
Jewish,F,ליעז,5
Jewish,F,ליפשה,5
Jewish,F,ליקי,5
Jewish,F,ליקיה,5
Jewish,F,ליריה,5
Jewish,F,ליריק,5
Jewish,F,לירל,5
Jewish,F,לישר,5
Jewish,F,למזירה,5
Jewish,F,לנא,5
Jewish,F,לעילא,5
Jewish,F,לקיטו,5
Jewish,F,לקצ',5
Jewish,F,לריס,5
Jewish,F,מאזי,5
Jewish,F,מאיא,5
Jewish,F,מאיה-לי,5
Jewish,F,מאיה-מזל,5
Jewish,F,מאיה-מרים,5
Jewish,F,מאיירה,5
Jewish,F,מאיקה,5
Jewish,F,מאיר,5
Jewish,F,מאליא,5
Jewish,F,מאלפיה,5
Jewish,F,מאמא,5
Jewish,F,מאנבילו,5
Jewish,F,מאנצ'י,5
Jewish,F,מאסרשה,5
Jewish,F,מאריא,5
Jewish,F,מאריאן,5
Jewish,F,מארן,5
Jewish,F,מג,5
Jewish,F,מגאלי,5
Jewish,F,מגית,5
Jewish,F,מגנאניה,5
Jewish,F,מדאיה,5
Jewish,F,מדבר,5
Jewish,F,מדה,5
Jewish,F,מדו,5
Jewish,F,מוזגאן,5
Jewish,F,מוזגן,5
Jewish,F,מולוגביה,5
Jewish,F,מולוגוג'ם,5
Jewish,F,מולוייה,5
Jewish,F,מוללי,5
Jewish,F,מולש,5
Jewish,F,מונן,5
Jewish,F,מוראיה,5
Jewish,F,מורוטו,5
Jewish,F,מורום,5
Jewish,F,מזאלה,5
Jewish,F,מזלות,5
Jewish,F,מחה,5
Jewish,F,מטלה,5
Jewish,F,מיאלי,5
Jewish,F,מיטבאל,5
Jewish,F,מיטביה,5
Jewish,F,מיטין,5
Jewish,F,מיינה,5
Jewish,F,מיירי,5
Jewish,F,מינט,5
Jewish,F,מינטמיר,5
Jewish,F,מיניה,5
Jewish,F,מיסאנש,5
Jewish,F,מיסרק,5
Jewish,F,מיראלה,5
Jewish,F,מיריין,5
Jewish,F,מירינה,5
Jewish,F,מירסלבה,5
Jewish,F,מירצא,5
Jewish,F,מכל,5
Jewish,F,מלא,5
Jewish,F,מלאט,5
Jewish,F,מלאכי,5
Jewish,F,מלבה,5
Jewish,F,מלגוזטה,5
Jewish,F,מלודיה,5
Jewish,F,מלחט,5
Jewish,F,מלכם,5
Jewish,F,מלן,5
Jewish,F,מלסץ,5
Jewish,F,מלשיאו,5
Jewish,F,מנאסבוש,5
Jewish,F,מנטואב,5
Jewish,F,מניג'ה,5
Jewish,F,מנסב,5
Jewish,F,מנסבוש,5
Jewish,F,מסנבט,5
Jewish,F,מעייני,5
Jewish,F,מקדאס,5
Jewish,F,מקליט,5
Jewish,F,מרגית,5
Jewish,F,מרגרידה,5
Jewish,F,מרדכי,5
Jewish,F,מרט,5
Jewish,F,מרטנש,5
Jewish,F,מריולה,5
Jewish,F,מרים-חנה,5
Jewish,F,מרים-מירב,5
Jewish,F,מרים-מירה,5
Jewish,F,מרים-מירית,5
Jewish,F,מרישה,5
Jewish,F,מרליין,5
Jewish,F,מרליס,5
Jewish,F,מרסייל,5
Jewish,F,מרק,5
Jewish,F,משית,5
Jewish,F,משלין,5
Jewish,F,מתדל,5
Jewish,F,נא-אל,5
Jewish,F,נאאל,5
Jewish,F,נאומי,5
Jewish,F,נאטלה,5
Jewish,F,נאי,5
Jewish,F,נאייה,5
Jewish,F,נביאה,5
Jewish,F,נגסת,5
Jewish,F,נגר,5
Jewish,F,נדא,5
Jewish,F,נדביה,5
Jewish,F,נדיר,5
Jewish,F,נהל,5
Jewish,F,נואלה,5
Jewish,F,נוי-יה,5
Jewish,F,נויאת,5
Jewish,F,נוסרת,5
Jewish,F,נוקי,5
Jewish,F,נוראי,5
Jewish,F,נורייה,5
Jewish,F,נורן,5
Jewish,F,נזמית,5
Jewish,F,נזקט,5
Jewish,F,נטיעה,5
Jewish,F,נטרץ',5
Jewish,F,ניילי,5
Jewish,F,נינלי,5
Jewish,F,ניסנית,5
Jewish,F,ניצוח,5
Jewish,F,ניצחית,5
Jewish,F,ניקולא,5
Jewish,F,נלדה,5
Jewish,F,נליני,5
Jewish,F,נמו,5
Jewish,F,נסאל,5
Jewish,F,נעומית,5
Jewish,F,נעמו,5
Jewish,F,נעמי-חיה,5
Jewish,F,נפקו,5
Jewish,F,נפר,5
Jewish,F,נצוח,5
Jewish,F,נקדאם,5
Jewish,F,נרגיזי,5
Jewish,F,סאולה,5
Jewish,F,סאיה,5
Jewish,F,סאליליש,5
Jewish,F,סאלם,5
Jewish,F,סאמר,5
Jewish,F,סאנאז,5
Jewish,F,סאנשיין,5
Jewish,F,סאסו,5
Jewish,F,סבאש,5
Jewish,F,סביו,5
Jewish,F,סוהלה,5
Jewish,F,סויה,5
Jewish,F,סויטה,5
Jewish,F,סוילה,5
Jewish,F,סוסיא,5
Jewish,F,סוריא,5
Jewish,F,סורל,5
Jewish,F,סטאסי,5
Jewish,F,סטאפני,5
Jewish,F,סטיבן,5
Jewish,F,סטיסי,5
Jewish,F,סטריה,5
Jewish,F,סיאה,5
Jewish,F,סיארה,5
Jewish,F,סידל,5
Jewish,F,סיטל,5
Jewish,F,סיטרה,5
Jewish,F,סייג',5
Jewish,F,סייה,5
Jewish,F,סייל,5
Jewish,F,סילנה,5
Jewish,F,סילקה,5
Jewish,F,סימיין,5
Jewish,F,סינאי,5
Jewish,F,סינטייהו,5
Jewish,F,סיריל,5
Jewish,F,סירלה,5
Jewish,F,סירנוש,5
Jewish,F,סירפה,5
Jewish,F,סיתוונית,5
Jewish,F,סלאמנש,5
Jewish,F,סלוינה,5
Jewish,F,סלמאווית,5
Jewish,F,סמאיה,5
Jewish,F,סמה,5
Jewish,F,סמילה,5
Jewish,F,סעדיה,5
Jewish,F,סעודה,5
Jewish,F,ספיאגר,5
Jewish,F,ספיעלם,5
Jewish,F,סראוורק,5
Jewish,F,סרוורק,5
Jewish,F,סתווית,5
Jewish,F,עגור,5
Jewish,F,עד-אל,5
Jewish,F,עדהאל,5
Jewish,F,עדי-אל,5
Jewish,F,עדי-חנה,5
Jewish,F,עדי-יהודית,5
Jewish,F,עדי-רחל,5
Jewish,F,עדיאור,5
Jewish,F,עדל,5
Jewish,F,עדלינה,5
Jewish,F,עדן-אור,5
Jewish,F,עוזיאלה,5
Jewish,F,עולמית,5
Jewish,F,עיטם,5
Jewish,F,עיילה,5
Jewish,F,עייני,5
Jewish,F,עימבר,5
Jewish,F,עין-בר,5
Jewish,F,עינן,5
Jewish,F,עלזה,5
Jewish,F,עליזה-אליס,5
Jewish,F,עלמיא,5
Jewish,F,עלמנאט,5
Jewish,F,עלמקן,5
Jewish,F,עמיר,5
Jewish,F,עמיתה,5
Jewish,F,ענבל-רחל,5
Jewish,F,ענבלי,5
Jewish,F,עניתה,5
Jewish,F,עפיה,5
Jewish,F,עצמאות,5
Jewish,F,עשהאל,5
Jewish,F,עשורה,5
Jewish,F,פאוזיה,5
Jewish,F,פביאולה,5
Jewish,F,פדיה,5
Jewish,F,פטיגה,5
Jewish,F,פטיה,5
Jewish,F,פטנו,5
Jewish,F,פיוט,5
Jewish,F,פייבן,5
Jewish,F,פלאית,5
Jewish,F,פלבי,5
Jewish,F,פלגה,5
Jewish,F,פלוריט,5
Jewish,F,פלורנץ,5
Jewish,F,פלייר,5
Jewish,F,פלין,5
Jewish,F,פליפה,5
Jewish,F,פליצ'יה,5
Jewish,F,פלמירה,5
Jewish,F,פמי,5
Jewish,F,פנה,5
Jewish,F,פנטאה,5
Jewish,F,פנלה,5
Jewish,F,פנלופ,5
Jewish,F,פקרתה,5
Jewish,F,פרדריך,5
Jewish,F,פרזאנה,5
Jewish,F,פרחנאז,5
Jewish,F,פרידריק,5
Jewish,F,פריווא,5
Jewish,F,פרין,5
Jewish,F,פרני,5
Jewish,F,פרנסי,5
Jewish,F,פשי,5
Jewish,F,צ'ילוט,5
Jewish,F,צ'ינציה,5
Jewish,F,צבטלינה,5
Jewish,F,צביחה,5
Jewish,F,צדק,5
Jewish,F,צהאיה,5
Jewish,F,ציטא,5
Jewish,F,ציניה,5
Jewish,F,צעריל,5
Jewish,F,צפונה,5
Jewish,F,צפור,5
Jewish,F,צקולה,5
Jewish,F,צריל,5
Jewish,F,קאסאייה,5
Jewish,F,קארוליין,5
Jewish,F,קארולין,5
Jewish,F,קארלה,5
Jewish,F,קוללץ',5
Jewish,F,קונסואלה,5
Jewish,F,קונסואלו,5
Jewish,F,קוקיט,5
Jewish,F,קטו,5
Jewish,F,קטינה,5
Jewish,F,קירינה,5
Jewish,F,קלוא,5
Jewish,F,קלודיט,5
Jewish,F,קלודת,5
Jewish,F,קלם,5
Jewish,F,קלמוורק,5
Jewish,F,קמיי,5
Jewish,F,קמיע,5
Jewish,F,קני,5
Jewish,F,קסאיא,5
Jewish,F,קסו,5
Jewish,F,קריינדי,5
Jewish,F,קרימה,5
Jewish,F,קריסטה,5
Jewish,F,קריסטן,5
Jewish,F,קרליין,5
Jewish,F,קשינה,5
Jewish,F,קשירו,5
Jewish,F,ראבקה,5
Jewish,F,ראובן,5
Jewish,F,ראציל,5
Jewish,F,רבנה,5
Jewish,F,רגי,5
Jewish,F,רואית,5
Jewish,F,רוזאליה,5
Jewish,F,רוזמרין,5
Jewish,F,רוטם,5
Jewish,F,רויא,5
Jewish,F,רומנה,5
Jewish,F,רונלה,5
Jewish,F,רוספו,5
Jewish,F,רוקי,5
Jewish,F,רוקסולנה,5
Jewish,F,רושן,5
Jewish,F,רזיאל,5
Jewish,F,רחי,5
Jewish,F,רחימה,5
Jewish,F,רחל-רלי,5
Jewish,F,רחנה,5
Jewish,F,רי,5
Jewish,F,ריאלה,5
Jewish,F,ריבר,5
Jewish,F,ריהאנה,5
Jewish,F,ריוי,5
Jewish,F,ריילין,5
Jewish,F,ריימונדה,5
Jewish,F,רינת-רגינה,5
Jewish,F,ריסטה,5
Jewish,F,ריסיא,5
Jewish,F,ריסן,5
Jewish,F,ריספה,5
Jewish,F,ריצה,5
Jewish,F,רכל,5
Jewish,F,רלי-רחל,5
Jewish,F,רליצה,5
Jewish,F,רמו,5
Jewish,F,רנין,5
Jewish,F,רעייה,5
Jewish,F,רקה,5
Jewish,F,רשלי,5
Jewish,F,שאילה,5
Jewish,F,שאנטי,5
Jewish,F,שאשטו,5
Jewish,F,שבו,5
Jewish,F,שגאיה,5
Jewish,F,שגאנש,5
Jewish,F,שולא,5
Jewish,F,שוליקה,5
Jewish,F,שומרית,5
Jewish,F,שושיה,5
Jewish,F,שטערנא-שרה,5
Jewish,F,שטרנע,5
Jewish,F,שיבון,5
Jewish,F,שידה,5
Jewish,F,שיוה,5
Jewish,F,שילגית,5
Jewish,F,שימרת,5
Jewish,F,שיסל,5
Jewish,F,שיפרא,5
Jewish,F,שיפרית,5
Jewish,F,שיר-שרה,5
Jewish,F,שיראלי,5
Jewish,F,שירי-לי,5
Jewish,F,שירציון,5
Jewish,F,שירתאל,5
Jewish,F,שלב,5
Jewish,F,שלהבית,5
Jewish,F,שלוו,5
Jewish,F,שלויה,5
Jewish,F,שלומצא,5
Jewish,F,שלין,5
Jewish,F,שלמור,5
Jewish,F,שמואל,5
Jewish,F,שמחת,5
Jewish,F,שמר,5
Jewish,F,שנאן,5
Jewish,F,שנהאל,5
Jewish,F,שעיה,5
Jewish,F,שפית,5
Jewish,F,שפרינצי,5
Jewish,F,שרה-שרי,5
Jewish,F,שרי-שרה,5
Jewish,F,שריג,5
Jewish,F,שרילין,5
Jewish,F,שריקה,5
Jewish,F,תאיו,5
Jewish,F,תהלל,5
Jewish,F,תורכיה,5
Jewish,F,תיא,5
Jewish,F,תיקווה,5
Jewish,F,תמרין,5
Jewish,F,תריק,5
Jewish,M,דוד,97218
Jewish,M,יוסף,81906
Jewish,M,משה,78676
Jewish,M,אברהם,70846
Jewish,M,יעקב,65203
Jewish,M,דניאל,61351
Jewish,M,יצחק,59198
Jewish,M,מיכאל,52531
Jewish,M,אורי,47687
Jewish,M,חיים,45212
Jewish,M,נועם,42506
Jewish,M,ישראל,41899
Jewish,M,שלמה,40824
Jewish,M,יהודה,40061
Jewish,M,איתי,40054
Jewish,M,שמואל,37625
Jewish,M,אריאל,37350
Jewish,M,שמעון,36481
Jewish,M,מאיר,33969
Jewish,M,אליהו,33301
Jewish,M,מרדכי,31755
Jewish,M,יהונתן,31381
Jewish,M,יונתן,30957
Jewish,M,רפאל,30570
Jewish,M,אהרון,30183
Jewish,M,גיא,29758
Jewish,M,איתן,29501
Jewish,M,רועי,28673
Jewish,M,אלכסנדר,27893
Jewish,M,יאיר,27382
Jewish,M,עידו,27041
Jewish,M,אלון,26628
Jewish,M,עמית,26066
Jewish,M,שי,25878
Jewish,M,עומר,25686
Jewish,M,ליאור,24519
Jewish,M,בנימין,24284
Jewish,M,יובל,23087
Jewish,M,אייל,23016
Jewish,M,נתנאל,22325
Jewish,M,אסף,21705
Jewish,M,בן,21560
Jewish,M,איתמר,21534
Jewish,M,אור,20649
Jewish,M,תומר,20503
Jewish,M,עידן,20159
Jewish,M,מנחם,19576
Jewish,M,טל,18996
Jewish,M,יואב,17141
Jewish,M,צבי,17051
Jewish,M,רון,17020
Jewish,M,נדב,16702
Jewish,M,שלום,16701
Jewish,M,ניר,16490
Jewish,M,מתן,16125
Jewish,M,שחר,16075
Jewish,M,אריה,16069
Jewish,M,אילן,15948
Jewish,M,נתן,15633
Jewish,M,לביא,15234
Jewish,M,אליה,15017
Jewish,M,אורן,14834
Jewish,M,מאור,14745
Jewish,M,אמיר,14702
Jewish,M,דן,14638
Jewish,M,עומרי,14506
Jewish,M,אלעד,14497
Jewish,M,גבריאל,14351
Jewish,M,הראל,14120
Jewish,M,יניב,14007
Jewish,M,אופיר,13958
Jewish,M,אדם,13769
Jewish,M,אלי,13638
Jewish,M,אביב,13209
Jewish,M,גל,12968
Jewish,M,ישי,12773
Jewish,M,גיל,12325
Jewish,M,עופר,12320
Jewish,M,נהוראי,12236
Jewish,M,ניסים,12134
Jewish,M,יהושע,11693
Jewish,M,אבי,11552
Jewish,M,ראובן,11425
Jewish,M,אשר,11307
Jewish,M,פנחס,11294
Jewish,M,דור,11112
Jewish,M,ארי,11101
Jewish,M,אליעזר,11039
Jewish,M,רונן,10886
Jewish,M,ערן,10639
Jewish,M,עילאי,10487
Jewish,M,ארז,10434
Jewish,M,דורון,10399
Jewish,M,בוריס,10255
Jewish,M,ירון,10206
Jewish,M,ברוך,10055
Jewish,M,גלעד,9989
Jewish,M,אפרים,9769
Jewish,M,ליאם,9764
Jewish,M,רן,9756
Jewish,M,אוריאל,9226
Jewish,M,איגור,9050
Jewish,M,אופק,8741
Jewish,M,זיו,8645
Jewish,M,יגאל,8635
Jewish,M,יואל,8423
Jewish,M,ניתאי,8335
Jewish,M,בר,8333
Jewish,M,דביר,8323
Jewish,M,ולדימיר,8192
Jewish,M,דרור,7966
Jewish,M,עדי,7950
Jewish,M,דמיטרי,7895
Jewish,M,אביתר,7891
Jewish,M,הלל,7784
Jewish,M,אלחנן,7636
Jewish,M,יחיאל,7611
Jewish,M,אוהד,7607
Jewish,M,יבגני,7508
Jewish,M,ציון,7452
Jewish,M,אלעזר,7386
Jewish,M,מרק,7383
Jewish,M,שגיא,7329
Jewish,M,יחזקאל,7301
Jewish,M,שרון,7248
Jewish,M,אוראל,7238
Jewish,M,רוני,7225
Jewish,M,לאוניד,7198
Jewish,M,נחמן,7155
Jewish,M,שאול,7142
Jewish,M,אדיר,7115
Jewish,M,ירין,7078
Jewish,M,ינון,7066
Jewish,M,זאב,7027
Jewish,M,כפיר,6781
Jewish,M,ינאי,6780
Jewish,M,יורם,6757
Jewish,M,תמיר,6742
Jewish,M,אבישי,6709
Jewish,M,אלירן,6655
Jewish,M,נפתלי,6645
Jewish,M,אביאל,6643
Jewish,M,יוסי,6620
Jewish,M,בועז,6546
Jewish,M,עודד,6502
Jewish,M,יותם,6484
Jewish,M,ברק,6405
Jewish,M,תום,6401
Jewish,M,ניב,6291
Jewish,M,רותם,6287
Jewish,M,דב,6260
Jewish,M,עוז,6174
Jewish,M,רז,6082
Jewish,M,לירן,6067
Jewish,M,אימרי,6029
Jewish,M,נריה,6006
Jewish,M,יורי,5927
Jewish,M,חן,5770
Jewish,M,זוהר,5727
Jewish,M,אושר,5714
Jewish,M,יהלי,5651
Jewish,M,רום,5640
Jewish,M,אהוד,5563
Jewish,M,אלמוג,5552
Jewish,M,בניה,5522
Jewish,M,עמנואל,5415
Jewish,M,איליה,5388
Jewish,M,ידידיה,5368
Jewish,M,אבנר,5346
Jewish,M,סרגיי,5329
Jewish,M,נוה,5328
Jewish,M,שלומי,5325
Jewish,M,אמיתי,5317
Jewish,M,ויקטור,5288
Jewish,M,לוי,5209
Jewish,M,חגי,5202
Jewish,M,עמוס,5192
Jewish,M,נבו,5126
Jewish,M,אביעד,5075
Jewish,M,נאור,5058
Jewish,M,רומן,5049
Jewish,M,שילה,5028
Jewish,M,שמחה,5006
Jewish,M,רמי,4930
Jewish,M,ירדן,4889
Jewish,M,אוריה,4884
Jewish,M,אביחי,4865
Jewish,M,עזרא,4837
Jewish,M,שקד,4836
Jewish,M,לירון,4791
Jewish,M,אליאב,4789
Jewish,M,רוי,4737
Jewish,M,אמנון,4704
Jewish,M,אולג,4685
Jewish,M,בארי,4655
Jewish,M,מעיין,4655
Jewish,M,יהב,4651
Jewish,M,דני,4620
Jewish,M,שלו,4593
Jewish,M,מקסים,4582
Jewish,M,רחמים,4565
Jewish,M,סהר,4519
Jewish,M,אדוארד,4487
Jewish,M,אריק,4462
Jewish,M,אלברט,4434
Jewish,M,עילי,4383
Jewish,M,עדן,4382
Jewish,M,ליעד,4314
Jewish,M,גדעון,4251
Jewish,M,שון,4172
Jewish,M,ליאב,4014
Jewish,M,מנשה,3952
Jewish,M,נחום,3947
Jewish,M,מלאכי,3905
Jewish,M,גריגורי,3869
Jewish,M,אושרי,3859
Jewish,M,איליי,3852
Jewish,M,יקיר,3828
Jewish,M,גד,3813
Jewish,M,רואי,3768
Jewish,M,שליו,3731
Jewish,M,לידור,3606
Jewish,M,יוחאי,3582
Jewish,M,ליאל,3529
Jewish,M,אלרואי,3525
Jewish,M,עמיחי,3467
Jewish,M,נמרוד,3455
Jewish,M,חנן,3431
Jewish,M,ראם,3418
Jewish,M,אליאור,3369
Jewish,M,עקיבא,3361
Jewish,M,שניאור,3360
Jewish,M,ניצן,3317
Jewish,M,אלכסיי,3298
Jewish,M,לב,3189
Jewish,M,אילון,3188
Jewish,M,פלג,3158
Jewish,M,יגל,3141
Jewish,M,ארקדי,3100
Jewish,M,עובדיה,3071
Jewish,M,רוברט,3035
Jewish,M,פבל,2997
Jewish,M,דין,2975
Jewish,M,מור,2947
Jewish,M,ליאו,2932
Jewish,M,שמשון,2900
Jewish,M,בני,2859
Jewish,M,עמרם,2844
Jewish,M,גולן,2835
Jewish,M,צחי,2822
Jewish,M,אלימלך,2801
Jewish,M,יפתח,2797
Jewish,M,מוטי,2770
Jewish,M,יוחנן,2760
Jewish,M,סער,2757
Jewish,M,הרצל,2748
Jewish,M,סמיון,2732
Jewish,M,אנטולי,2663
Jewish,M,רם,2653
Jewish,M,ריף,2649
Jewish,M,ודים,2643
Jewish,M,גנאדי,2586
Jewish,M,אלישע,2555
Jewish,M,ויטלי,2546
Jewish,M,חנוך,2541
Jewish,M,ארבל,2497
Jewish,M,יוגב,2479
Jewish,M,אלדד,2469
Jewish,M,דולב,2462
Jewish,M,לירוי,2445
Jewish,M,יאן,2440
Jewish,M,סתיו,2434
Jewish,M,סימון,2420
Jewish,M,קובי,2420
Jewish,M,ולרי,2417
Jewish,M,יונה,2414
Jewish,M,ניסן,2412
Jewish,M,טום,2402
Jewish,M,הדר,2390
Jewish,M,שניר,2355
Jewish,M,קורן,2295
Jewish,M,אלן,2290
Jewish,M,עדיאל,2287
Jewish,M,מוריס,2263
Jewish,M,רני,2260
Jewish,M,אנדריי,2253
Jewish,M,רפי,2240
Jewish,M,נטע,2234
Jewish,M,מישל,2231
Jewish,M,אחיה,2230
Jewish,M,גרשון,2203
Jewish,M,ישעיהו,2172
Jewish,M,חי,2163
Jewish,M,בצלאל,2153
Jewish,M,שוהם,2149
Jewish,M,יריב,2144
Jewish,M,ריי,2110
Jewish,M,סטניסלב,2101
Jewish,M,ויאצ'סלב,2089
Jewish,M,יהל,2080
Jewish,M,ולדיסלב,2075
Jewish,M,חנניה,2067
Jewish,M,אלכס,2066
Jewish,M,עוזי,2056
Jewish,M,אבינועם,2042
Jewish,M,אדר,2039
Jewish,M,דניס,2020
Jewish,M,ים,2010
Jewish,M,אבירם,2009
Jewish,M,יפים,2002
Jewish,M,עופרי,1970
Jewish,M,עמי,1923
Jewish,M,יוני,1911
Jewish,M,צור,1911
Jewish,M,נח,1908
Jewish,M,טוביה,1906
Jewish,M,ארתור,1894
Jewish,M,לאון,1892
Jewish,M,פליקס,1888
Jewish,M,ששון,1849
Jewish,M,אבשלום,1820
Jewish,M,עברי,1796
Jewish,M,עמיר,1779
Jewish,M,הילל,1755
Jewish,M,קונסטנטין,1745
Jewish,M,ארנון,1671
Jewish,M,סלומון,1670
Jewish,M,אמרי,1651
Jewish,M,ליאון,1650
Jewish,M,ישעיה,1646
Jewish,M,שחף,1646
Jewish,M,גפן,1642
Jewish,M,איציק,1638
Jewish,M,גדי,1626
Jewish,M,סמי,1624
Jewish,M,עתי,1613
Jewish,M,דותן,1610
Jewish,M,יששכר,1609
Jewish,M,שגב,1605
Jewish,M,דקל,1599
Jewish,M,נחמיה,1597
Jewish,M,אנדרי,1583
Jewish,M,לני,1568
Jewish,M,אלדר,1538
Jewish,M,שבתאי,1531
Jewish,M,פיליפ,1503
Jewish,M,מורן,1470
Jewish,M,כרמל,1463
Jewish,M,מתתיהו,1457
Jewish,M,אראל,1454
Jewish,M,אמיל,1452
Jewish,M,שגיב,1447
Jewish,M,מיכה,1421
Jewish,M,גור,1411
Jewish,M,מתנאל,1409
Jewish,M,יקותיאל,1406
Jewish,M,מתניה,1401
Jewish,M,חננאל,1393
Jewish,M,טומי,1391
Jewish,M,אלקנה,1375
Jewish,M,אביגדור,1374
Jewish,M,סטיבן,1361
Jewish,M,בניהו,1350
Jewish,M,גבע,1332
Jewish,M,אנטון,1324
Jewish,M,אורון,1320
Jewish,M,רזיאל,1287
Jewish,M,ניקולאי,1286
Jewish,M,אליעד,1279
Jewish,M,טוהר,1274
Jewish,M,עזריאל,1270
Jewish,M,מייקל,1258
Jewish,M,זכריה,1250
Jewish,M,רביד,1242
Jewish,M,מקס,1222
Jewish,M,סמואל,1210
Jewish,M,ניל,1204
Jewish,M,אודי,1194
Jewish,M,גיורא,1186
Jewish,M,שרגא,1184
Jewish,M,גבי,1182
Jewish,M,אביהו,1177
Jewish,M,אפיק,1158
Jewish,M,אלישיב,1155
Jewish,M,רענן,1152
Jewish,M,ברי,1128
Jewish,M,עירן,1114
Jewish,M,רעי,1114
Jewish,M,סולומון,1112
Jewish,M,ארטיום,1096
Jewish,M,צח,1088
Jewish,M,אורין,1082
Jewish,M,רוסלן,1068
Jewish,M,מעוז,1057
Jewish,M,יניר,1054
Jewish,M,ענבר,1046
Jewish,M,ארד,1040
Jewish,M,הוד,1038
Jewish,M,מרטין,1027
Jewish,M,סיני,1027
Jewish,M,דורי,1012
Jewish,M,אבירן,1008
Jewish,M,אליסף,1002
Jewish,M,הנרי,989
Jewish,M,מרום,983
Jewish,M,אילי,981
Jewish,M,איתיאל,981
Jewish,M,שיר,972
Jewish,M,אפק,970
Jewish,M,גאורגי,962
Jewish,M,עמירם,954
Jewish,M,מירון,952
Jewish,M,גנדי,945
Jewish,M,ליעם,944
Jewish,M,אדי,936
Jewish,M,ג'רמי,934
Jewish,M,גילי,925
Jewish,M,אלרועי,906
Jewish,M,צדוק,906
Jewish,M,ניקיטה,904
Jewish,M,אסי,898
Jewish,M,קיריל,894
Jewish,M,אליאס,893
Jewish,M,צוריאל,890
Jewish,M,אלנתן,889
Jewish,M,לי,880
Jewish,M,קאי,877
Jewish,M,סטפן,876
Jewish,M,זלמן,874
Jewish,M,נוריאל,873
Jewish,M,פאר,861
Jewish,M,כרמי,856
Jewish,M,חביב,854
Jewish,M,עוזיאל,846
Jewish,M,אליאל,836
Jewish,M,בראל,831
Jewish,M,דילן,821
Jewish,M,פטריק,819
Jewish,M,אביה,808
Jewish,M,און,806
Jewish,M,פז,791
Jewish,M,מני,789
Jewish,M,סאן,785
Jewish,M,רביב,779
Jewish,M,פיוטר,776
Jewish,M,צורי,772
Jewish,M,יאר,769
Jewish,M,אגם,758
Jewish,M,מאורי,755
Jewish,M,פטר,753
Jewish,M,גדליה,750
Jewish,M,אלברטו,749
Jewish,M,ירחמיאל,744
Jewish,M,איוון,737
Jewish,M,פסח,728
Jewish,M,שובל,726
Jewish,M,מימון,723
Jewish,M,אוריאן,720
Jewish,M,אדריאן,714
Jewish,M,אלאור,713
Jewish,M,יועד,712
Jewish,M,גרי,709
Jewish,M,מיקי,707
Jewish,M,מנדל,703
Jewish,M,אסיף,702
Jewish,M,איסק,674
Jewish,M,מכלוף,671
Jewish,M,רגב,671
Jewish,M,ירמיהו,669
Jewish,M,מיכאיל,669
Jewish,M,עמיאל,669
Jewish,M,חזי,664
Jewish,M,להב,659
Jewish,M,מישאל,659
Jewish,M,צפריר,658
Jewish,M,ברנרד,651
Jewish,M,נוי,648
Jewish,M,תם,638
Jewish,M,ישכר,637
Jewish,M,תבור,637
Jewish,M,נחשון,626
Jewish,M,איתם,621
Jewish,M,משולם,619
Jewish,M,פרץ,617
Jewish,M,דיויד,612
Jewish,M,יום,612
Jewish,M,מרסלו,606
Jewish,M,מריו,604
Jewish,M,פאול,603
Jewish,M,שמריהו,602
Jewish,M,אלירז,598
Jewish,M,אביאור,596
Jewish,M,אפי,592
Jewish,M,מייק,592
Jewish,M,מנור,592
Jewish,M,טימור,587
Jewish,M,יזהר,586
Jewish,M,לואיס,584
Jewish,M,פול,584
Jewish,M,נרי,576
Jewish,M,צביקה,569
Jewish,M,קלמן,562
Jewish,M,מתי,551
Jewish,M,שמעיה,546
Jewish,M,פרדי,543
Jewish,M,פרוספר,543
Jewish,M,מיתר,541
Jewish,M,לאו,540
Jewish,M,ג'פרי,539
Jewish,M,רונאל,536
Jewish,M,אנטוני,530
Jewish,M,מסעוד,530
Jewish,M,דגן,526
Jewish,M,אלעאי,524
Jewish,M,פבלו,523
Jewish,M,שרלי,521
Jewish,M,גוני,514
Jewish,M,אבידן,507
Jewish,M,מורי,507
Jewish,M,נגב,507
Jewish,M,אלחי,499
Jewish,M,קלוד,499
Jewish,M,אלתר,498
Jewish,M,עובד,498
Jewish,M,שני,498
Jewish,M,בריאן,490
Jewish,M,מבשר,486
Jewish,M,פרנק,486
Jewish,M,איב,484
Jewish,M,אדוארדו,483
Jewish,M,ענר,483
Jewish,M,סטיב,482
Jewish,M,קרלוס,482
Jewish,M,ולנטין,481
Jewish,M,סיון,479
Jewish,M,גרמן,477
Jewish,M,סעדיה,476
Jewish,M,ניקולס,475
Jewish,M,ארטור,469
Jewish,M,ג'ורג',468
Jewish,M,דודו,465
Jewish,M,מרקו,465
Jewish,M,לוטם,462
Jewish,M,סול,460
Jewish,M,טמיר,456
Jewish,M,עיליי,456
Jewish,M,כרם,455
Jewish,M,גדליהו,454
Jewish,M,ג'ק,452
Jewish,M,ירוחם,451
Jewish,M,ז'אן,448
Jewish,M,ספיר,443
Jewish,M,שם,440
Jewish,M,אביר,439
Jewish,M,מרט,437
Jewish,M,שראל,437
Jewish,M,אליק,434
Jewish,M,אסא,429
Jewish,M,ארמנד,429
Jewish,M,ריצ'רד,429
Jewish,M,אליקים,425
Jewish,M,יולי,424
Jewish,M,לירז,419
Jewish,M,ג'ונתן,416
Jewish,M,ארן,414
Jewish,M,זבולון,414
Jewish,M,אילעי,413
Jewish,M,אליוט,409
Jewish,M,עילם,409
Jewish,M,אל,408
Jewish,M,רוברטו,406
Jewish,M,לוטן,405
Jewish,M,גונן,404
Jewish,M,מרקוס,403
Jewish,M,קדם,399
Jewish,M,מרסל,398
Jewish,M,רונלד,395
Jewish,M,ג'ון,394
Jewish,M,נורי,391
Jewish,M,לזר,390
Jewish,M,אדמונד,388
Jewish,M,אנדרו,388
Jewish,M,לישי,388
Jewish,M,עשהאל,387
Jewish,M,שביט,385
Jewish,M,רובי,384
Jewish,M,חורחה,383
Jewish,M,יער,380
Jewish,M,ויליאם,379
Jewish,M,דודי,378
Jewish,M,דוראל,378
Jewish,M,ליבי,378
Jewish,M,בן-ציון,377
Jewish,M,הרי,377
Jewish,M,עמיקם,377
Jewish,M,מידן,374
Jewish,M,סרג',373
Jewish,M,צמח,372
Jewish,M,ראול,372
Jewish,M,נתיב,371
Jewish,M,רובין,369
Jewish,M,שירן,369
Jewish,M,פיטר,368
Jewish,M,לורן,367
Jewish,M,ריקרדו,367
Jewish,M,אלטר,366
Jewish,M,מאי,366
Jewish,M,גלי,362
Jewish,M,עזריה,361
Jewish,M,זמיר,360
Jewish,M,סרגי,359
Jewish,M,ואדים,354
Jewish,M,פריאל,353
Jewish,M,שוקי,353
Jewish,M,נאום,352
Jewish,M,אוליבר,351
Jewish,M,גוסטבו,348
Jewish,M,גרגורי,346
Jewish,M,רווה,346
Jewish,M,רוסטיסלב,345
Jewish,M,תבל,345
Jewish,M,ג'ורדן,344
Jewish,M,ג'קי,344
Jewish,M,סיימון,343
Jewish,M,אוסקר,341
Jewish,M,חזקיהו,340
Jewish,M,ארנולד,336
Jewish,M,אדיסו,335
Jewish,M,בכור,335
Jewish,M,שרל,335
Jewish,M,איילון,334
Jewish,M,אלישי,334
Jewish,M,עזר,334
Jewish,M,אנדרה,333
Jewish,M,גורג,333
Jewish,M,אייר,332
Jewish,M,ליעוז,330
Jewish,M,קווין,330
Jewish,M,אלחנדרו,329
Jewish,M,ארנסט,329
Jewish,M,משיח,329
Jewish,M,תומס,329
Jewish,M,אלפרד,325
Jewish,M,יחיא,325
Jewish,M,מלכיאל,325
Jewish,M,רנה,325
Jewish,M,אלרום,324
Jewish,M,רומי,322
Jewish,M,זק,319
Jewish,M,יעיש,319
Jewish,M,מטר,319
Jewish,M,תובל,319
Jewish,M,הילאי,318
Jewish,M,לאונרדו,318
Jewish,M,שבתי,317
Jewish,M,וורקו,316
Jewish,M,פיני,316
Jewish,M,טוני,315
Jewish,M,צוף,315
Jewish,M,דר,314
Jewish,M,חוסה,312
Jewish,M,אליחי,311
Jewish,M,מתיו,309
Jewish,M,עינב,309
Jewish,M,פלא,308
Jewish,M,גמליאל,307
Jewish,M,ז'ק,307
Jewish,M,סשה,307
Jewish,M,רודי,307
Jewish,M,גלב,306
Jewish,M,זכר,306
Jewish,M,שריה,306
Jewish,M,אנדי,305
Jewish,M,עלי,305
Jewish,M,קלאודיו,305
Jewish,M,מכאל,304
Jewish,M,ארמונד,301
Jewish,M,וסילי,300
Jewish,M,סבסטיאן,300
Jewish,M,ברונו,299
Jewish,M,נתי,299
Jewish,M,אילעאי,296
Jewish,M,לורנס,296
Jewish,M,ליאוניד,294
Jewish,M,דון,292
Jewish,M,דוריאן,292
Jewish,M,דיאגו,289
Jewish,M,ניק,289
Jewish,M,אבבה,287
Jewish,M,כדורי,286
Jewish,M,פורת,285
Jewish,M,אבא,284
Jewish,M,אלכסי,283
Jewish,M,ג'ושוע,282
Jewish,M,גון,281
Jewish,M,טמסגן,281
Jewish,M,דמיאן,278
Jewish,M,אווקה,277
Jewish,M,ג'ייסון,273
Jewish,M,ג'אן,272
Jewish,M,שאלתיאל,271
Jewish,M,איזק,270
Jewish,M,הארי,270
Jewish,M,שמאי,270
Jewish,M,פרי,269
Jewish,M,יוהן,267
Jewish,M,עמיעד,267
Jewish,M,נתניאל,266
Jewish,M,מנואל,265
Jewish,M,פרדריק,264
Jewish,M,ריצרד,263
Jewish,M,אליצור,261
Jewish,M,גואל,261
Jewish,M,הבטמו,261
Jewish,M,ג'וליאן,259
Jewish,M,ריו,259
Jewish,M,אלרוי,258
Jewish,M,ברהנו,258
Jewish,M,לירם,258
Jewish,M,יגור,256
Jewish,M,יהורם,256
Jewish,M,נגה,256
Jewish,M,סיסאי,256
Jewish,M,טדי,255
Jewish,M,מוריאל,255
Jewish,M,דניל,254
Jewish,M,טירן,254
Jewish,M,ידין,253
Jewish,M,לוריא,253
Jewish,M,אשל,252
Jewish,M,מלקמו,252
Jewish,M,רנן,251
Jewish,M,מיכל,250
Jewish,M,עז,250
Jewish,M,אלרן,249
Jewish,M,מטביי,249
Jewish,M,סרגיו,248
Jewish,M,תאי,247
Jewish,M,נור,245
Jewish,M,לאל,244
Jewish,M,חובב,242
Jewish,M,אביטל,241
Jewish,M,אמרה,240
Jewish,M,יפת,240
Jewish,M,ליר,240
Jewish,M,נצח,239
Jewish,M,שחק,239
Jewish,M,מיאל,238
Jewish,M,סאלי,238
Jewish,M,פביאן,238
Jewish,M,תומאס,237
Jewish,M,בנג'מין,235
Jewish,M,טאי,235
Jewish,M,לידן,234
Jewish,M,פרננדו,234
Jewish,M,מידד,233
Jewish,M,שימי,232
Jewish,M,נעים,231
Jewish,M,שלוה,229
Jewish,M,טובי,228
Jewish,M,יוליאן,227
Jewish,M,ז'אק,226
Jewish,M,טומס,226
Jewish,M,עירא,226
Jewish,M,ארסן,225
Jewish,M,סלמון,225
Jewish,M,עיטם,225
Jewish,M,ריימונד,225
Jewish,M,אנדרס,224
Jewish,M,טלאור,223
Jewish,M,קים,223
Jewish,M,ראיין,223
Jewish,M,מנדי,222
Jewish,M,עזרי,222
Jewish,M,ריין,222
Jewish,M,לייב,221
Jewish,M,מילאן,220
Jewish,M,סורין,220
Jewish,M,תדהר,219
Jewish,M,תיאו,219
Jewish,M,אחיקם,217
Jewish,M,אתי,217
Jewish,M,סלע,217
Jewish,M,שמוליק,217
Jewish,M,אדיב,216
Jewish,M,רובן,216
Jewish,M,מוני,215
Jewish,M,מטיאס,215
Jewish,M,איסר,214
Jewish,M,גטנט,214
Jewish,M,אייזיק,213
Jewish,M,אשד,213
Jewish,M,יואן,213
Jewish,M,שיאל,213
Jewish,M,חושן,212
Jewish,M,אלישמע,211
Jewish,M,ג'יימס,211
Jewish,M,שילו,211
Jewish,M,מלסה,210
Jewish,M,אדנה,209
Jewish,M,איאן,209
Jewish,M,אמוץ,209
Jewish,M,ברנרדו,209
Jewish,M,גשאו,209
Jewish,M,לאונרד,209
Jewish,M,גארי,208
Jewish,M,אדגר,207
Jewish,M,צ'רלס,207
Jewish,M,סרחיו,206
Jewish,M,ג'סי,203
Jewish,M,הרמן,203
Jewish,M,ידיד,203
Jewish,M,יערי,203
Jewish,M,סם,203
Jewish,M,ימין,202
Jewish,M,עירד,202
Jewish,M,גפרי,201
Jewish,M,גידי,200
Jewish,M,מסגנאו,200
Jewish,M,פייר,200
Jewish,M,ששי,200
Jewish,M,נדיר,199
Jewish,M,קינן,199
Jewish,M,סימן,197
Jewish,M,אלירם,195
Jewish,M,רולנד,195
Jewish,M,ריאן,195
Jewish,M,מולה,194
Jewish,M,סידני,194
Jewish,M,יחיעם,193
Jewish,M,רחמין,193
Jewish,M,יהודא,192
Jewish,M,מיגל,192
Jewish,M,לוקה,190
Jewish,M,מוזס,190
Jewish,M,ניראל,190
Jewish,M,רמון,190
Jewish,M,זינובי,189
Jewish,M,אלמו,188
Jewish,M,נוח,188
Jewish,M,סמיר,188
Jewish,M,שר,187
Jewish,M,אלארי,186
Jewish,M,ליב,186
Jewish,M,מורד,186
Jewish,M,סרג'יו,186
Jewish,M,כתריאל,185
Jewish,M,דייויד,184
Jewish,M,עדין,184
Jewish,M,בנציון,183
Jewish,M,מצליח,183
Jewish,M,נבות,183
Jewish,M,נצר,183
Jewish,M,פיודור,182
Jewish,M,רישרד,182
Jewish,M,אמציה,181
Jewish,M,חזקיה,181
Jewish,M,סלמן,181
Jewish,M,סקוט,181
Jewish,M,ערד,180
Jewish,M,אברי,179
Jewish,M,רפיק,179
Jewish,M,אומרי,178
Jewish,M,עמינדב,178
Jewish,M,זקי,177
Jewish,M,ירום,177
Jewish,M,סלבה,177
Jewish,M,ספי,177
Jewish,M,זרח,176
Jewish,M,יונס,176
Jewish,M,אספה,175
Jewish,M,דסה,175
Jewish,M,זליג,175
Jewish,M,תימור,175
Jewish,M,צפניה,174
Jewish,M,ניסון,173
Jewish,M,אור אל,172
Jewish,M,ג'וזף,172
Jewish,M,אנריקה,171
Jewish,M,וולף,171
Jewish,M,חואן,171
Jewish,M,טוב,171
Jewish,M,מויסיי,171
Jewish,M,מולוקן,171
Jewish,M,ג'וני,170
Jewish,M,טדסה,170
Jewish,M,צליל,170
Jewish,M,מואיז,169
Jewish,M,מריוס,169
Jewish,M,רימון,168
Jewish,M,גי,167
Jewish,M,עצמון,167
Jewish,M,טיירי,166
Jewish,M,סאני,166
Jewish,M,פנטהון,166
Jewish,M,שאולי,166
Jewish,M,שי-אל,166
Jewish,M,דומיניק,165
Jewish,M,סוף,164
Jewish,M,וויליאם,163
Jewish,M,זאן,163
Jewish,M,יארוסלב,163
Jewish,M,ליונל,163
Jewish,M,אריאן,162
Jewish,M,בוגדן,162
Jewish,M,ליפא,162
Jewish,M,עלאי,162
Jewish,M,שלם,162
Jewish,M,אחיעד,161
Jewish,M,איינאו,161
Jewish,M,ג'ואל,161
Jewish,M,אברה,160
Jewish,M,יהוידע,160
Jewish,M,נירן,160
Jewish,M,תאיר,160
Jewish,M,דימה,159
Jewish,M,ירוסלב,158
Jewish,M,ישורון,158
Jewish,M,מריאן,157
Jewish,M,דריו,156
Jewish,M,יגיל,156
Jewish,M,נהר,156
Jewish,M,גב,155
Jewish,M,טים,155
Jewish,M,רע,154
Jewish,M,לירי,153
Jewish,M,אופרי,152
Jewish,M,נורמן,152
Jewish,M,נס,152
Jewish,M,איזי,151
Jewish,M,תאודור,151
Jewish,M,טיראן,150
Jewish,M,ישעי,150
Jewish,M,רושל,150
Jewish,M,זאק,149
Jewish,M,מלקו,149
Jewish,M,סאם,149
Jewish,M,רהב,149
Jewish,M,דנאל,148
Jewish,M,ויצ'סלב,148
Jewish,M,לורנט,148
Jewish,M,סילבן,148
Jewish,M,איוב,147
Jewish,M,גומא,147
Jewish,M,אלדן,146
Jewish,M,מאוריסיו,146
Jewish,M,איידן,145
Jewish,M,ויצמן,145
Jewish,M,גלבוע,144
Jewish,M,יהונדב,144
Jewish,M,מומי,144
Jewish,M,איזיק,143
Jewish,M,סלים,143
Jewish,M,ברוס,142
Jewish,M,זורב,142
Jewish,M,זכרי,142
Jewish,M,חוליו,142
Jewish,M,רשף,142
Jewish,M,אידן,141
Jewish,M,אמור,141
Jewish,M,אסמרה,141
Jewish,M,ארסני,141
Jewish,M,מולוגטה,141
Jewish,M,מריק,141
Jewish,M,שיראל,141
Jewish,M,אלירון,140
Jewish,M,אלכסנדרו,140
Jewish,M,גטו,140
Jewish,M,הרן,140
Jewish,M,סטנלי,140
Jewish,M,עקיבה,140
Jewish,M,רוג'ר,140
Jewish,M,ברוק,138
Jewish,M,זאור,138
Jewish,M,גק,137
Jewish,M,חגאי,137
Jewish,M,מתיאס,137
Jewish,M,תומי,137
Jewish,M,תור,137
Jewish,M,מישה,136
Jewish,M,סרג,136
Jewish,M,שמיר,136
Jewish,M,שעיה,136
Jewish,M,הווארד,135
Jewish,M,הרולד,135
Jewish,M,סבי,135
Jewish,M,שנהב,135
Jewish,M,אבן,134
Jewish,M,גסטון,134
Jewish,M,יוראי,134
Jewish,M,דייגו,133
Jewish,M,וילי,133
Jewish,M,לאור,133
Jewish,M,סולי,133
Jewish,M,רודולף,133
Jewish,M,שי-לי,133
Jewish,M,אהוביה,132
Jewish,M,גטהון,131
Jewish,M,ירמיה,131
Jewish,M,פדריקו,131
Jewish,M,פקדו,131
Jewish,M,בלטה,130
Jewish,M,כליל,130
Jewish,M,מרכוס,130
Jewish,M,קנט,130
Jewish,M,קסם,130
Jewish,M,אביעזר,129
Jewish,M,לוקאס,129
Jewish,M,מולו,129
Jewish,M,שלמי,129
Jewish,M,הקטור,128
Jewish,M,סילביו,128
Jewish,M,סימיון,128
Jewish,M,סעיד,128
Jewish,M,איזידור,127
Jewish,M,שושן,127
Jewish,M,תמר,127
Jewish,M,ליאונל,126
Jewish,M,רמין,126
Jewish,M,אדמון,125
Jewish,M,אוראן,125
Jewish,M,ארנסטו,125
Jewish,M,דידיה,125
Jewish,M,טקלה,125
Jewish,M,יונדב,125
Jewish,M,מתיתיהו,125
Jewish,M,נוב,125
Jewish,M,פרד,125
Jewish,M,צרלס,125
Jewish,M,איבן,124
Jewish,M,ג'אק,124
Jewish,M,ויקי,124
Jewish,M,זכאי,124
Jewish,M,לארי,124
Jewish,M,סמואיל,124
Jewish,M,ג'ייקוב,123
Jewish,M,חביאר,123
Jewish,M,ניקו,123
Jewish,M,קוין,123
Jewish,M,קרול,123
Jewish,M,שוטה,123
Jewish,M,דובער,122
Jewish,M,אביחיל,121
Jewish,M,גדיאל,121
Jewish,M,יתיר,121
Jewish,M,גררד,120
Jewish,M,הוגו,120
Jewish,M,נורברט,120
Jewish,M,אשגרה,119
Jewish,M,טדלה,119
Jewish,M,יקי,119
Jewish,M,מריאנו,119
Jewish,M,נואל,119
Jewish,M,שריאל,119
Jewish,M,ירמי,118
Jewish,M,בנאל,117
Jewish,M,ג'יי,117
Jewish,M,ג'ימי,117
Jewish,M,זמנה,117
Jewish,M,טימופיי,117
Jewish,M,לשם,117
Jewish,M,מוגס,117
Jewish,M,שמיל,117
Jewish,M,טספהון,116
Jewish,M,מיטשל,116
Jewish,M,פביו,116
Jewish,M,אבגני,115
Jewish,M,אבישלום,115
Jewish,M,אור-אל,115
Jewish,M,אשחר,115
Jewish,M,ג'ררד,115
Jewish,M,ליאן,115
Jewish,M,מגן,115
Jewish,M,נעמן,115
Jewish,M,ריצ'ארד,115
Jewish,M,רנאל,115
Jewish,M,אבבאו,114
Jewish,M,ג'רום,114
Jewish,M,חנוכה,114
Jewish,M,לידר,114
Jewish,M,מקונן,114
Jewish,M,דסלין,113
Jewish,M,מיטב,113
Jewish,M,קרל,113
Jewish,M,אדיק,111
Jewish,M,ארוין,111
Jewish,M,הנריק,111
Jewish,M,ישועה,111
Jewish,M,בן-אל,110
Jewish,M,ג'סטין,110
Jewish,M,דובי,110
Jewish,M,טהר,110
Jewish,M,דייב,109
Jewish,M,זן,109
Jewish,M,לירום,109
Jewish,M,רבי,109
Jewish,M,אוליביה,108
Jewish,M,ג'וש,108
Jewish,M,דסטאו,108
Jewish,M,ויאצסלב,108
Jewish,M,יהלום,108
Jewish,M,פדרו,108
Jewish,M,אוהב,107
Jewish,M,איילין,107
Jewish,M,אליאן,107
Jewish,M,גילברט,107
Jewish,M,רודיון,107
Jewish,M,רפאיל,107
Jewish,M,שלווה,107
Jewish,M,עוזר,106
Jewish,M,אברם,105
Jewish,M,אידו,105
Jewish,M,אלקסנדר,105
Jewish,M,בנצי,105
Jewish,M,לי-ים,105
Jewish,M,מרו,105
Jewish,M,פסקל,105
Jewish,M,צ'רלי,105
Jewish,M,אביי,104
Jewish,M,ויטאלי,104
Jewish,M,נחל,104
Jewish,M,פאבל,104
Jewish,M,פבריס,104
Jewish,M,צוק,104
Jewish,M,אבידור,103
Jewish,M,אתגר,103
Jewish,M,בריהון,103
Jewish,M,ג'יל,103
Jewish,M,דוויט,103
Jewish,M,דקר,103
Jewish,M,וורן,103
Jewish,M,רימונד,103
Jewish,M,אלידור,102
Jewish,M,אליעז,102
Jewish,M,יעל,102
Jewish,M,מייקי,102
Jewish,M,סטיוארט,102
Jewish,M,רלף,102
Jewish,M,אספאו,101
Jewish,M,בדרי,101
Jewish,M,דרורי,101
Jewish,M,עתניאל,101
Jewish,M,קולין,101
Jewish,M,רוסטם,101
Jewish,M,שיין,101
Jewish,M,איסאק,100
Jewish,M,ארמון,100
Jewish,M,אשרי,100
Jewish,M,כוכב,100
Jewish,M,עמירן,100
Jewish,M,גאן,99
Jewish,M,יוסף-חיים,99
Jewish,M,לואי,99
Jewish,M,ליהוא,99
Jewish,M,לרי,99
Jewish,M,מתתיה,99
Jewish,M,נדיב,99
Jewish,M,אנזור,98
Jewish,M,בנו,98
Jewish,M,מירוסלב,98
Jewish,M,ניקי,98
Jewish,M,באביי,97
Jewish,M,ברט,97
Jewish,M,ויטוריו,97
Jewish,M,רזי,97
Jewish,M,אליהב,96
Jewish,M,ג'ואי,96
Jewish,M,לאנדרו,96
Jewish,M,פרנסיס,96
Jewish,M,שמי,96
Jewish,M,אמין,95
Jewish,M,חניאל,95
Jewish,M,צביאל,95
Jewish,M,תיאודור,95
Jewish,M,גרמאו,94
Jewish,M,דניאיל,94
Jewish,M,ויטל,94
Jewish,M,וסבולוד,94
Jewish,M,יעד,94
Jewish,M,מקוננט,94
Jewish,M,רעם,94
Jewish,M,אלדור,93
Jewish,M,ג'רי,93
Jewish,M,גורי,93
Jewish,M,גיאורגי,93
Jewish,M,דרבה,93
Jewish,M,נסי,93
Jewish,M,עטר,93
Jewish,M,אלין,92
Jewish,M,מהרי,92
Jewish,M,מולט,92
Jewish,M,מורדי,92
Jewish,M,מילן,92
Jewish,M,פלטיאל,92
Jewish,M,אלקס,91
Jewish,M,אשטו,91
Jewish,M,בברט,91
Jewish,M,וצ'סלב,91
Jewish,M,יצהר,91
Jewish,M,מבורך,91
Jewish,M,מתאו,91
Jewish,M,מתיא,91
Jewish,M,עמיהוד,91
Jewish,M,שבי,91
Jewish,M,ברדלי,90
Jewish,M,וולטר,90
Jewish,M,ולדלן,90
Jewish,M,טלהון,90
Jewish,M,ייטב,90
Jewish,M,ליחי,90
Jewish,M,מהרט,90
Jewish,M,סטבן,90
Jewish,M,סנדר,90
Jewish,M,אולי,89
Jewish,M,אלרם,89
Jewish,M,ארמן,89
Jewish,M,דרסו,89
Jewish,M,עמיצור,89
Jewish,M,תלם,89
Jewish,M,אורעד,88
Jewish,M,אלק,88
Jewish,M,גבור,88
Jewish,M,זושא,88
Jewish,M,כלב,88
Jewish,M,מרבי,88
Jewish,M,נגוסה,88
Jewish,M,שובאל,88
Jewish,M,הרנן,87
Jewish,M,טופז,87
Jewish,M,מלך,87
Jewish,M,נסטור,87
Jewish,M,סיריל,87
Jewish,M,אהליאב,86
Jewish,M,גרמי,86
Jewish,M,דגו,86
Jewish,M,הרש,86
Jewish,M,חנינא,86
Jewish,M,ברוניסלב,85
Jewish,M,ג'ו,85
Jewish,M,גנטו,85
Jewish,M,ז'קי,85
Jewish,M,סטס,85
Jewish,M,סמן,85
Jewish,M,רוגר,85
Jewish,M,אליאסף,84
Jewish,M,אסממאו,84
Jewish,M,ארם,84
Jewish,M,ג'רלד,84
Jewish,M,גיל-עד,84
Jewish,M,הדי,84
Jewish,M,חוני,84
Jewish,M,מירב,84
Jewish,M,סטוארט,84
Jewish,M,עמרן,84
Jewish,M,קורי,84
Jewish,M,קסהון,84
Jewish,M,אורגד,83
Jewish,M,ברקאי,83
Jewish,M,גבריל,83
Jewish,M,דרג'ה,83
Jewish,M,זאבי,83
Jewish,M,מקסימיליאן,83
Jewish,M,עימנואל,83
Jewish,M,קלמנט,83
Jewish,M,אביקם,82
Jewish,M,אוריון,82
Jewish,M,אמית,82
Jewish,M,דמקה,82
Jewish,M,זכי,82
Jewish,M,יואש,82
Jewish,M,לוסיאן,82
Jewish,M,מירן,82
Jewish,M,סלביק,82
Jewish,M,עזיז,82
Jewish,M,תהל,82
Jewish,M,אלפונסו,81
Jewish,M,אשכול,81
Jewish,M,דעאל,81
Jewish,M,מסרשה,81
Jewish,M,קרייג,81
Jewish,M,רועה,81
Jewish,M,איזיה,80
Jewish,M,אלבי,80
Jewish,M,גלאור,80
Jewish,M,טלמן,80
Jewish,M,ילון,80
Jewish,M,ליביו,80
Jewish,M,קנאו,80
Jewish,M,אדוורד,79
Jewish,M,גאל,79
Jewish,M,גירמאו,79
Jewish,M,דדי,79
Jewish,M,כמוס,79
Jewish,M,לוקס,79
Jewish,M,מחלוף,79
Jewish,M,אוון,78
Jewish,M,אלבר,78
Jewish,M,דסאלין,78
Jewish,M,הדס,78
Jewish,M,זולטן,78
Jewish,M,נורברטו,78
Jewish,M,סטוטאו,78
Jewish,M,סיטוטאו,78
Jewish,M,רחמיאל,78
Jewish,M,אבינדב,77
Jewish,M,אליאם,77
Jewish,M,אלרון,77
Jewish,M,אנרי,77
Jewish,M,גאשאו,77
Jewish,M,גורגי,77
Jewish,M,גלן,77
Jewish,M,יאשיהו,77
Jewish,M,יהוסף,77
Jewish,M,נוף,77
Jewish,M,סביאטוסלב,77
Jewish,M,איטן,76
Jewish,M,אלראי,76
Jewish,M,גילאור,76
Jewish,M,ולד,76
Jewish,M,טיבריו,76
Jewish,M,לבן,76
Jewish,M,שבח,76
Jewish,M,ג'קוב,75
Jewish,M,הנריך,75
Jewish,M,הרשל,75
Jewish,M,טרי,75
Jewish,M,לי-אור,75
Jewish,M,ליבר,75
Jewish,M,מלקאמו,75
Jewish,M,אלישר,74
Jewish,M,אלפרדו,74
Jewish,M,ברנדון,74
Jewish,M,גרישה,74
Jewish,M,דיין,74
Jewish,M,טבע,74
Jewish,M,יחיה,74
Jewish,M,מרון,74
Jewish,M,קמרן,74
Jewish,M,דידי,73
Jewish,M,ינקו,73
Jewish,M,מודי,73
Jewish,M,פישל,73
Jewish,M,צוריה,73
Jewish,M,רבין,73
Jewish,M,שימעון,73
Jewish,M,שלדון,73
Jewish,M,שרלס,73
Jewish,M,תנחום,73
Jewish,M,הרווה,72
Jewish,M,ויטו,72
Jewish,M,מאורו,72
Jewish,M,מולי,72
Jewish,M,פימה,72
Jewish,M,צדיק,72
Jewish,M,אלאורי,71
Jewish,M,אללין,71
Jewish,M,דונלד,71
Jewish,M,וורטאו,71
Jewish,M,עזי,71
Jewish,M,עינן,71
Jewish,M,פליפה,71
Jewish,M,פתחיה,71
Jewish,M,ראי,71
Jewish,M,גברה,70
Jewish,M,חיימה,70
Jewish,M,יורה,70
Jewish,M,יורן,70
Jewish,M,לסלו,70
Jewish,M,מברטו,70
Jewish,M,ניקולאס,70
Jewish,M,נלסון,70
Jewish,M,פטרו,70
Jewish,M,שיאון,70
Jewish,M,שמחוני,70
Jewish,M,אלאן,69
Jewish,M,אסטבן,69
Jewish,M,ג'יימי,69
Jewish,M,הירש,69
Jewish,M,יון,69
Jewish,M,ליבנה,69
Jewish,M,מלחז,69
Jewish,M,נוהר,69
Jewish,M,פאולו,69
Jewish,M,צבר,69
Jewish,M,קסאו,69
Jewish,M,אנטוניו,68
Jewish,M,אקסל,68
Jewish,M,בונים,68
Jewish,M,דובב,68
Jewish,M,הושע,68
Jewish,M,מארו,68
Jewish,M,מנגיסטו,68
Jewish,M,צ'ארלס,68
Jewish,M,שארל,68
Jewish,M,גקי,67
Jewish,M,הוורד,67
Jewish,M,יוג'ין,67
Jewish,M,ישר,67
Jewish,M,סאמי,67
Jewish,M,פיקדו,67
Jewish,M,שלי,67
Jewish,M,תאו,67
Jewish,M,אייבי,66
Jewish,M,אירקלי,66
Jewish,M,גרשום,66
Jewish,M,דנייל,66
Jewish,M,וורקנך,66
Jewish,M,טיבור,66
Jewish,M,לסלי,66
Jewish,M,מושיק,66
Jewish,M,סלי,66
Jewish,M,עתיר,66
Jewish,M,קנת,66
Jewish,M,אליס,65
Jewish,M,אנוש,65
Jewish,M,ג'ייק,65
Jewish,M,לי-שי,65
Jewish,M,מוריץ,65
Jewish,M,פואד,65
Jewish,M,פרנסואה,65
Jewish,M,אשלי,64
Jewish,M,הרברט,64
Jewish,M,כליפה,64
Jewish,M,סלח,64
Jewish,M,סמסון,64
Jewish,M,קרן,64
Jewish,M,רומה,64
Jewish,M,ריצארד,64
Jewish,M,שמר,64
Jewish,M,אושריאל,63
Jewish,M,איון,63
Jewish,M,אלמנך,63
Jewish,M,בוריסלב,63
Jewish,M,בר אל,63
Jewish,M,בר-אל,63
Jewish,M,ג'ונס,63
Jewish,M,חוליאן,63
Jewish,M,חמי,63
Jewish,M,יבגניי,63
Jewish,M,יוהאן,63
Jewish,M,יוהד,63
Jewish,M,סימו,63
Jewish,M,שוני,63
Jewish,M,אדיס,62
Jewish,M,איבגני,62
Jewish,M,אליעם,62
Jewish,M,בירן,62
Jewish,M,ברהן,62
Jewish,M,גן,62
Jewish,M,טיימורז,62
Jewish,M,טנא,62
Jewish,M,יאלי,62
Jewish,M,כריסטיאן,62
Jewish,M,לאונל,62
Jewish,M,מוראל,62
Jewish,M,מישי,62
Jewish,M,סבלי,62
Jewish,M,רודריגו,62
Jewish,M,רולן,62
Jewish,M,רוס,62
Jewish,M,אליעוז,61
Jewish,M,אנתוני,61
Jewish,M,ארווין,61
Jewish,M,ארון,61
Jewish,M,ג'יסון,61
Jewish,M,גטצ'או,61
Jewish,M,גידו,61
Jewish,M,טספה,61
Jewish,M,יובב,61
Jewish,M,מאוריציו,61
Jewish,M,מסרט,61
Jewish,M,אושיק,60
Jewish,M,ארול,60
Jewish,M,בבר,60
Jewish,M,ג'רר,60
Jewish,M,דדה,60
Jewish,M,הרווי,60
Jewish,M,טגבו,60
Jewish,M,טשומה,60
Jewish,M,יאשה,60
Jewish,M,לאורנס,60
Jewish,M,לוק,60
Jewish,M,מאירי,60
Jewish,M,מושיקו,60
Jewish,M,מטויי,60
Jewish,M,ניסו,60
Jewish,M,פניאל,60
Jewish,M,רצון,60
Jewish,M,אדגרדו,59
Jewish,M,אדוניה,59
Jewish,M,אור-חיים,59
Jewish,M,אורחן,59
Jewish,M,אחי,59
Jewish,M,אלקן,59
Jewish,M,אנדריו,59
Jewish,M,ארטם,59
Jewish,M,בהרם,59
Jewish,M,גביאו,59
Jewish,M,גליל,59
Jewish,M,ולדי,59
Jewish,M,ולדמיר,59
Jewish,M,טוד,59
Jewish,M,יאסו,59
Jewish,M,לי-און,59
Jewish,M,ליאונרד,59
Jewish,M,מויסס,59
Jewish,M,ניאו,59
Jewish,M,ניתן,59
Jewish,M,סבח,59
Jewish,M,רחמן,59
Jewish,M,שהרם,59
Jewish,M,שחם,59
Jewish,M,אבישר,58
Jewish,M,אילור,58
Jewish,M,אל-חי,58
Jewish,M,זמנו,58
Jewish,M,חוזה,58
Jewish,M,לוקא,58
Jewish,M,מרקיאל,58
Jewish,M,סנטיאגו,58
Jewish,M,צרלי,58
Jewish,M,קרני,58
Jewish,M,אורטל,57
Jewish,M,אורפז,57
Jewish,M,ברל,57
Jewish,M,זאודו,57
Jewish,M,טרפה,57
Jewish,M,יראל,57
Jewish,M,כורש,57
Jewish,M,פיקאדו,57
Jewish,M,פנטה,57
Jewish,M,אדווין,56
Jewish,M,אסנקאו,56
Jewish,M,ארנו,56
Jewish,M,ארנן,56
Jewish,M,האבטאמו,56
Jewish,M,חבייר,56
Jewish,M,חסד,56
Jewish,M,טומש,56
Jewish,M,מיקל,56
Jewish,M,מלאקו,56
Jewish,M,מקסימיליאנו,56
Jewish,M,עציון,56
Jewish,M,קפאלה,56
Jewish,M,ראוף,56
Jewish,M,איילי,55
Jewish,M,אלוני,55
Jewish,M,אנג'ל,55
Jewish,M,אנג'לו,55
Jewish,M,אנריקו,55
Jewish,M,בירהנו,55
Jewish,M,זוריק,55
Jewish,M,טוביאס,55
Jewish,M,ינקל,55
Jewish,M,ישמבל,55
Jewish,M,מוסה,55
Jewish,M,מרדושי,55
Jewish,M,סאסי,55
Jewish,M,פלד,55
Jewish,M,פריד,55
Jewish,M,רנט,55
Jewish,M,רנטו,55
Jewish,M,אבל,54
Jewish,M,אומר,54
Jewish,M,אזקיאל,54
Jewish,M,אטרסאו,54
Jewish,M,אלידע,54
Jewish,M,בלאי,54
Jewish,M,היליי,54
Jewish,M,וורקה,54
Jewish,M,זונדל,54
Jewish,M,יוליוס,54
Jewish,M,יינון,54
Jewish,M,מהבאו,54
Jewish,M,מולאט,54
Jewish,M,מיילו,54
Jewish,M,ניגון,54
Jewish,M,סולל,54
Jewish,M,סיאל,54
Jewish,M,עוזיה,54
Jewish,M,ענב,54
Jewish,M,קוה,54
Jewish,M,אוליבייה,53
Jewish,M,אורם,53
Jewish,M,אזמראו,53
Jewish,M,אליו,53
Jewish,M,אלעי,53
Jewish,M,אלקיים,53
Jewish,M,בונם,53
Jewish,M,גוליאן,53
Jewish,M,גרש,53
Jewish,M,יוחי,53
Jewish,M,יוסיף,53
Jewish,M,לאיו,53
Jewish,M,מוקט,53
Jewish,M,מקואננט,53
Jewish,M,קלונימוס,53
Jewish,M,שדה,53
Jewish,M,ארין,52
Jewish,M,ברכיה,52
Jewish,M,ברנט,52
Jewish,M,גטאצ'או,52
Jewish,M,ואלרי,52
Jewish,M,זזה,52
Jewish,M,טספאי,52
Jewish,M,טשגר,52
Jewish,M,יוסוף,52
Jewish,M,מטיו,52
Jewish,M,ממו,52
Jewish,M,סט,52
Jewish,M,רמז,52
Jewish,M,שולם,52
Jewish,M,שמריה,52
Jewish,M,אומיד,51
Jewish,M,אייזק,51
Jewish,M,אנדלאו,51
Jewish,M,בהרוז,51
Jewish,M,גוד,51
Jewish,M,גורדון,51
Jewish,M,ולאד,51
Jewish,M,זיגמונד,51
Jewish,M,טאדסה,51
Jewish,M,מנדפרו,51
Jewish,M,סאשה,51
Jewish,M,סטיין,51
Jewish,M,פלקה,51
Jewish,M,אבג'ה,50
Jewish,M,אדולפו,50
Jewish,M,אמיליו,50
Jewish,M,אנר,50
Jewish,M,ארגמן,50
Jewish,M,ג'וי,50
Jewish,M,הוברט,50
Jewish,M,זמר,50
Jewish,M,חבר,50
Jewish,M,מולועלם,50
Jewish,M,מנשיר,50
Jewish,M,מרשה,50
Jewish,M,נבון,50
Jewish,M,נואה,50
Jewish,M,רובל,50
Jewish,M,ריאל,50
Jewish,M,שגאו,50
Jewish,M,אזנאו,49
Jewish,M,אמארה,49
Jewish,M,אמסלו,49
Jewish,M,ארמיאס,49
Jewish,M,בקלה,49
Jewish,M,ג'ן,49
Jewish,M,ג'רד,49
Jewish,M,גילרמו,49
Jewish,M,גרלד,49
Jewish,M,דרסה,49
Jewish,M,וובט,49
Jewish,M,ווסיהון,49
Jewish,M,וינסנט,49
Jewish,M,מורל,49
Jewish,M,מילטון,49
Jewish,M,מרצל,49
Jewish,M,עיברי,49
Jewish,M,פטריס,49
Jewish,M,פרג'י,49
Jewish,M,רודיאון,49
Jewish,M,רויאל,49
Jewish,M,שולי,49
Jewish,M,שמרי,49
Jewish,M,תו,49
Jewish,M,אברום,48
Jewish,M,אלחן,48
Jewish,M,ג'מס,48
Jewish,M,גוצ'ה,48
Jewish,M,גלה,48
Jewish,M,גרג,48
Jewish,M,וולדימיר,48
Jewish,M,ולטר,48
Jewish,M,טמז,48
Jewish,M,יהוא,48
Jewish,M,מיקאל,48
Jewish,M,נינו,48
Jewish,M,ניקולה,48
Jewish,M,עונג,48
Jewish,M,עמישב,48
Jewish,M,פלורין,48
Jewish,M,פרדריך,48
Jewish,M,קייל,48
Jewish,M,רייאן,48
Jewish,M,אבאי,47
Jewish,M,אורלב,47
Jewish,M,אליהוא,47
Jewish,M,ברקו,47
Jewish,M,ג'וסף,47
Jewish,M,ג'ורג,47
Jewish,M,דוגלס,47
Jewish,M,זלקה,47
Jewish,M,חוף,47
Jewish,M,חנינה,47
Jewish,M,טנגיז,47
Jewish,M,כריסטופר,47
Jewish,M,מיסגנאו,47
Jewish,M,פרדה,47
Jewish,M,קאסאו,47
Jewish,M,קול,47
Jewish,M,ראל,47
Jewish,M,רוניאל,47
Jewish,M,ריילי,47
Jewish,M,אלדו,46
Jewish,M,אלצ'ין,46
Jewish,M,אמי,46
Jewish,M,אשטה,46
Jewish,M,באוקט,46
Jewish,M,גטה,46
Jewish,M,גריק,46
Jewish,M,דנילה,46
Jewish,M,דרן,46
Jewish,M,הוארד,46
Jewish,M,הילטון,46
Jewish,M,וידל,46
Jewish,M,טאודור,46
Jewish,M,לי שי,46
Jewish,M,נהור,46
Jewish,M,סדריק,46
Jewish,M,עודי,46
Jewish,M,שייקה,46
Jewish,M,שריג,46
Jewish,M,אבו,45
Jewish,M,אבייתר,45
Jewish,M,ארמנדו,45
Jewish,M,גידעון,45
Jewish,M,דארן,45
Jewish,M,דג'ן,45
Jewish,M,דמיר,45
Jewish,M,הבטו,45
Jewish,M,טדלו,45
Jewish,M,יוהנס,45
Jewish,M,לוני,45
Jewish,M,מוחמד,45
Jewish,M,מורג,45
Jewish,M,מלוין,45
Jewish,M,נרקיס,45
Jewish,M,סולימן,45
Jewish,M,סמאי,45
Jewish,M,צלח,45
Jewish,M,רעואל,45
Jewish,M,שלה,45
Jewish,M,אברהם-אבי,44
Jewish,M,אוניל,44
Jewish,M,איסיי,44
Jewish,M,אנדועלם,44
Jewish,M,ארגאו,44
Jewish,M,גטנך,44
Jewish,M,דמוז,44
Jewish,M,דריוש,44
Jewish,M,הנוק,44
Jewish,M,זאקרי,44
Jewish,M,טגניה,44
Jewish,M,טד,44
Jewish,M,טיילר,44
Jewish,M,יכין,44
Jewish,M,מלכי,44
Jewish,M,סת,44
Jewish,M,רדיון,44
Jewish,M,רמיל,44
Jewish,M,אלנה,43
Jewish,M,אמנואל,43
Jewish,M,אנזו,43
Jewish,M,אתיאל,43
Jewish,M,בניאל,43
Jewish,M,בריין,43
Jewish,M,ג'ימס,43
Jewish,M,גורם,43
Jewish,M,גורן,43
Jewish,M,גרא,43
Jewish,M,ז'ן,43
Jewish,M,טאדלה,43
Jewish,M,טדרוס,43
Jewish,M,טופיק,43
Jewish,M,ין,43
Jewish,M,ליים,43
Jewish,M,מלקולם,43
Jewish,M,סטיפן,43
Jewish,M,עוגן,43
Jewish,M,איאיו,42
Jewish,M,בזזאו,42
Jewish,M,בירהאנו,42
Jewish,M,בקאלו,42
Jewish,M,בראין,42
Jewish,M,ג'ונה,42
Jewish,M,ג'ילברט,42
Jewish,M,גאורג,42
Jewish,M,גנריך,42
Jewish,M,דמיטרו,42
Jewish,M,הד,42
Jewish,M,וובה,42
Jewish,M,טיאגו,42
Jewish,M,יונו,42
Jewish,M,ירגה,42
Jewish,M,לויס,42
Jewish,M,מיקו,42
Jewish,M,ממוקה,42
Jewish,M,מרצלו,42
Jewish,M,מתן-אל,42
Jewish,M,נגטו,42
Jewish,M,נטליו,42
Jewish,M,סיומה,42
Jewish,M,פרהד,42
Jewish,M,שפר,42
Jewish,M,אסרסה,41
Jewish,M,גרנט,41
Jewish,M,דורן,41
Jewish,M,הבטה,41
Jewish,M,וגיף,41
Jewish,M,חייא,41
Jewish,M,חנניא,41
Jewish,M,יצחק-צחי,41
Jewish,M,לאול,41
Jewish,M,ליאונרדו,41
Jewish,M,מיילס,41
Jewish,M,מרווין,41
Jewish,M,נוגזר,41
Jewish,M,נודר,41
Jewish,M,סני,41
Jewish,M,שכנא,41
Jewish,M,תמוז,41
Jewish,M,איגנסיו,40
Jewish,M,אירה,40
Jewish,M,אלינתן,40
Jewish,M,אלרז,40
Jewish,M,אסלן,40
Jewish,M,אפים,40
Jewish,M,דוידי,40
Jewish,M,דינו,40
Jewish,M,הורסיו,40
Jewish,M,וצ'יסלב,40
Jewish,M,חברון,40
Jewish,M,יועז,40
Jewish,M,ישאמבל,40
Jewish,M,לוסיאנו,40
Jewish,M,לייזר,40
Jewish,M,מטי,40
Jewish,M,מספין,40
Jewish,M,סוני,40
Jewish,M,סטפאן,40
Jewish,M,עמיתי,40
Jewish,M,פלביו,40
Jewish,M,פנטאהון,40
Jewish,M,קליפורד,40
Jewish,M,איזט,39
Jewish,M,איליאס,39
Jewish,M,אלנור,39
Jewish,M,אמירן,39
Jewish,M,אנדשאו,39
Jewish,M,ביינה,39
Jewish,M,ביררה,39
Jewish,M,ג'ף,39
Jewish,M,גאק,39
Jewish,M,הבטם,39
Jewish,M,טאקלה,39
Jewish,M,טומאס,39
Jewish,M,טיגבו,39
Jewish,M,טיגרן,39
Jewish,M,יום-טוב,39
Jewish,M,יפרח,39
Jewish,M,מרוין,39
Jewish,M,נרייה,39
Jewish,M,עתאי,39
Jewish,M,פלאי,39
Jewish,M,צדקיהו,39
Jewish,M,ראלף,39
Jewish,M,רדיסלב,39
Jewish,M,אדוין,38
Jewish,M,אדריאל,38
Jewish,M,אייטגב,38
Jewish,M,איירה,38
Jewish,M,אליקום,38
Jewish,M,אלמר,38
Jewish,M,אלסנדרו,38
Jewish,M,אשי,38
Jewish,M,ברקת,38
Jewish,M,גיורגי,38
Jewish,M,דוריאל,38
Jewish,M,דידייה,38
Jewish,M,ולאדימיר,38
Jewish,M,חנניאל,38
Jewish,M,יהושפט,38
Jewish,M,יענקל,38
Jewish,M,ישה,38
Jewish,M,כנען,38
Jewish,M,לוציאן,38
Jewish,M,לטם,38
Jewish,M,מהרן,38
Jewish,M,מוטל,38
Jewish,M,מירבי,38
Jewish,M,משגב,38
Jewish,M,נמיק,38
Jewish,M,סביון,38
Jewish,M,פקאדו,38
Jewish,M,ראסל,38
Jewish,M,רבז,38
Jewish,M,רבינו,38
Jewish,M,שפריר,38
Jewish,M,אדורם,37
Jewish,M,אדרג'או,37
Jewish,M,אטירסאו,37
Jewish,M,אלבל,37
Jewish,M,אליין,37
Jewish,M,אלמן,37
Jewish,M,אנדרש,37
Jewish,M,בר-יוחאי,37
Jewish,M,גיה,37
Jewish,M,גיי,37
Jewish,M,האוורד,37
Jewish,M,היילו,37
Jewish,M,זורי,37
Jewish,M,זרחיה,37
Jewish,M,חנני,37
Jewish,M,טיגאבו,37
Jewish,M,טפרה,37
Jewish,M,טצ'ילו,37
Jewish,M,יאנוש,37
Jewish,M,יאניק,37
Jewish,M,יבסיי,37
Jewish,M,יעקב-קובי,37
Jewish,M,מושה,37
Jewish,M,נופר,37
Jewish,M,סרג'ו,37
Jewish,M,עוזיהו,37
Jewish,M,פייבל,37
Jewish,M,פרנקלין,37
Jewish,M,קלייב,37
Jewish,M,שפיר,37
Jewish,M,אבטה,36
Jewish,M,אייסו,36
Jewish,M,אלירוי,36
Jewish,M,אמנר,36
Jewish,M,ג'ניה,36
Jewish,M,גובזה,36
Jewish,M,גורג',36
Jewish,M,גיתי,36
Jewish,M,גרהם,36
Jewish,M,ויצ'יסלב,36
Jewish,M,טאו,36
Jewish,M,טספאהון,36
Jewish,M,כלפו,36
Jewish,M,לאופולד,36
Jewish,M,לורי,36
Jewish,M,מברט,36
Jewish,M,מהרטו,36
Jewish,M,מילו,36
Jewish,M,מנגשה,36
Jewish,M,מרדושה,36
Jewish,M,נאורי,36
Jewish,M,נביו,36
Jewish,M,נהורי,36
Jewish,M,נודרי,36
Jewish,M,סורן,36
Jewish,M,סנדרו,36
Jewish,M,ססי,36
Jewish,M,עלמו,36
Jewish,M,צהל,36
Jewish,M,קאסה,36
Jewish,M,קהת,36
Jewish,M,רודולפו,36
Jewish,M,רמזי,36
Jewish,M,שאנן,36
Jewish,M,אבטנדיל,35
Jewish,M,אבירז,35
Jewish,M,אדן,35
Jewish,M,ארגה,35
Jewish,M,בעריש,35
Jewish,M,ג'וזה,35
Jewish,M,גייסון,35
Jewish,M,גרמאי,35
Jewish,M,דודיק,35
Jewish,M,דמיטריי,35
Jewish,M,הרוי,35
Jewish,M,זקרי,35
Jewish,M,חררדו,35
Jewish,M,טילהון,35
Jewish,M,יודא,35
Jewish,M,לחן,35
Jewish,M,מורדו,35
Jewish,M,מטאו,35
Jewish,M,מקסוול,35
Jewish,M,נאמן,35
Jewish,M,נועד,35
Jewish,M,סנבטו,35
Jewish,M,פליכס,35
Jewish,M,פרג,35
Jewish,M,פרנקו,35
Jewish,M,קיברט,35
Jewish,M,קסה,35
Jewish,M,קפלה,35
Jewish,M,קרלו,35
Jewish,M,ריכרד,35
Jewish,M,שם-טוב,35
Jewish,M,שפי,35
Jewish,M,תורן,35
Jewish,M,תמזי,35
Jewish,M,אבידע,34
Jewish,M,אביעזרי,34
Jewish,M,אבריאל,34
Jewish,M,אגוסטין,34
Jewish,M,איזו,34
Jewish,M,אינדשאו,34
Jewish,M,איתיי,34
Jewish,M,אנטנך,34
Jewish,M,אפרם,34
Jewish,M,בילי,34
Jewish,M,בנימן,34
Jewish,M,ג'סון,34
Jewish,M,גטאו,34
Jewish,M,דראל,34
Jewish,M,הושעיה,34
Jewish,M,ויצסלב,34
Jewish,M,זעליג,34
Jewish,M,חיי,34
Jewish,M,טובאל,34
Jewish,M,טיארי,34
Jewish,M,יאניס,34
Jewish,M,יה-לי,34
Jewish,M,יואכים,34
Jewish,M,ילי,34
Jewish,M,ינוש,34
Jewish,M,לואיז,34
Jewish,M,מגל,34
Jewish,M,מירל,34
Jewish,M,מלסאו,34
Jewish,M,מלקה,34
Jewish,M,מתיאו,34
Jewish,M,נדים,34
Jewish,M,נריאל,34
Jewish,M,סדי,34
Jewish,M,סנדו,34
Jewish,M,פרגי,34
Jewish,M,צחי-יצחק,34
Jewish,M,קשת,34
Jewish,M,רדו,34
Jewish,M,רוז'ה,34
Jewish,M,רמיאל,34
Jewish,M,רנדי,34
Jewish,M,רניאל,34
Jewish,M,שילי,34
Jewish,M,אבייה,33
Jewish,M,אדו,33
Jewish,M,אטלו,33
Jewish,M,איאסו,33
Jewish,M,אידל,33
Jewish,M,אלפה,33
Jewish,M,אנדבט,33
Jewish,M,אנחל,33
Jewish,M,אסצ'לאו,33
Jewish,M,גברי,33
Jewish,M,גירמה,33
Jewish,M,זאקי,33
Jewish,M,טימותי,33
Jewish,M,טלאל,33
Jewish,M,יהשוע,33
Jewish,M,יונל,33
Jewish,M,מירו,33
Jewish,M,מלדה,33
Jewish,M,מקואנינט,33
Jewish,M,נזר,33
Jewish,M,סאלם,33
Jewish,M,סגיב,33
Jewish,M,סיום,33
Jewish,M,סימנטוב,33
Jewish,M,עלם,33
Jewish,M,צרי,33
Jewish,M,קלאוד,33
Jewish,M,קלי,33
Jewish,M,תואם,33
Jewish,M,אבי-אברהם,32
Jewish,M,אברראו,32
Jewish,M,אינאו,32
Jewish,M,אסובאלו,32
Jewish,M,אסובלאו,32
Jewish,M,אסקיאל,32
Jewish,M,אסרס,32
Jewish,M,ארמין,32
Jewish,M,בסיק,32
Jewish,M,ברטי,32
Jewish,M,ג'ארד,32
Jewish,M,גטאהון,32
Jewish,M,גישרמו,32
Jewish,M,גמס,32
Jewish,M,דוד-חי,32
Jewish,M,דריל,32
Jewish,M,ווסה,32
Jewish,M,זנבה,32
Jewish,M,טימוטי,32
Jewish,M,יומי,32
Jewish,M,יחיאב,32
Jewish,M,ישגב,32
Jewish,M,מראט,32
Jewish,M,ספרטק,32
Jewish,M,פרג',32
Jewish,M,קיט,32
Jewish,M,קמיל,32
Jewish,M,רובשן,32
Jewish,M,רסים,32
Jewish,M,שיה,32
Jewish,M,שלומה,32
Jewish,M,אביגד,31
Jewish,M,אדמו,31
Jewish,M,איין,31
Jewish,M,אילגר,31
Jewish,M,איליושה,31
Jewish,M,אל-עד,31
Jewish,M,אלכסיס,31
Jewish,M,אלפי,31
Jewish,M,אנשל,31
Jewish,M,ארטמי,31
Jewish,M,ארצי,31
Jewish,M,אשאגרה,31
Jewish,M,אשריאל,31
Jewish,M,ולדימר,31
Jewish,M,ז'רמי,31
Jewish,M,זהבי,31
Jewish,M,חיליק,31
Jewish,M,חנוכו,31
Jewish,M,יגזאו,31
Jewish,M,ידעיה,31
Jewish,M,יחי,31
Jewish,M,ליגל,31
Jewish,M,מארט,31
Jewish,M,מגד,31
Jewish,M,מורנו,31
Jewish,M,מלק,31
Jewish,M,נדר,31
Jewish,M,נלו,31
Jewish,M,נריק,31
Jewish,M,סלבדור,31
Jewish,M,סלם,31
Jewish,M,סנדי,31
Jewish,M,עד,31
Jewish,M,פאסיל,31
Jewish,M,פלטון,31
Jewish,M,קדוס,31
Jewish,M,קוסטה,31
Jewish,M,קורל,31
Jewish,M,רדיאון,31
Jewish,M,רוג'ה,31
Jewish,M,רודני,31
Jewish,M,שיזף,31
Jewish,M,שלהב,31
Jewish,M,שלומיק,31
Jewish,M,שלתיאל,31
Jewish,M,אבימלך,30
Jewish,M,אגומאס,30
Jewish,M,אדאנה,30
Jewish,M,אדנו,30
Jewish,M,אסובאלאו,30
Jewish,M,אסמאמאו,30
Jewish,M,באבי,30
Jewish,M,גטאצ'ו,30
Jewish,M,חואקין,30
Jewish,M,טילאהון,30
Jewish,M,טקבה,30
Jewish,M,טרבור,30
Jewish,M,ינעם,30
Jewish,M,ישראל-מאיר,30
Jewish,M,כחל,30
Jewish,M,לבב,30
Jewish,M,מהרדד,30
Jewish,M,מיסגאנאו,30
Jewish,M,מסלה,30
Jewish,M,מרקל,30
Jewish,M,נגוסו,30
Jewish,M,נירי,30
Jewish,M,סאול,30
Jewish,M,ערי,30
Jewish,M,עתר,30
Jewish,M,פאבלו,30
Jewish,M,פקונדו,30
Jewish,M,פרננד,30
Jewish,M,פרנץ,30
Jewish,M,קברט,30
Jewish,M,רופט,30
Jewish,M,רמבם,30
Jewish,M,שחל,30
Jewish,M,אבראהים,29
Jewish,M,אגומס,29
Jewish,M,אגניהו,29
Jewish,M,אור-יה,29
Jewish,M,אורחי,29
Jewish,M,אורייה,29
Jewish,M,איסאי,29
Jewish,M,אלטער,29
Jewish,M,אלקסי,29
Jewish,M,אנגל,29
Jewish,M,אסטוול,29
Jewish,M,אסף-יוסף,29
Jewish,M,אריאב,29
Jewish,M,אשגר,29
Jewish,M,גושה,29
Jewish,M,גטצ'ו,29
Jewish,M,גיתאי,29
Jewish,M,גרום,29
Jewish,M,דנור,29
Jewish,M,דסטה,29
Jewish,M,דסיה,29
Jewish,M,הבטאמו,29
Jewish,M,וודו,29
Jewish,M,וורקט,29
Jewish,M,חני,29
Jewish,M,טזרה,29
Jewish,M,טרס,29
Jewish,M,טשאגר,29
Jewish,M,יקים,29
Jewish,M,לגסה,29
Jewish,M,ליהוד,29
Jewish,M,ליפז,29
Jewish,M,מולאו,29
Jewish,M,מורט,29
Jewish,M,מושי,29
Jewish,M,מכבי,29
Jewish,M,מנחם-מנדל,29
Jewish,M,מתוק,29
Jewish,M,מתיה,29
Jewish,M,נייל,29
Jewish,M,סימן-טוב,29
Jewish,M,ספנסר,29
Jewish,M,צ'קולה,29
Jewish,M,קני,29
Jewish,M,שי-שלום,29
Jewish,M,שמחון,29
Jewish,M,שר-שלום,29
Jewish,M,אבטליון,28
Jewish,M,אביצור,28
Jewish,M,אופל,28
Jewish,M,אושן,28
Jewish,M,אילאיי,28
Jewish,M,אינדי,28
Jewish,M,אירן,28
Jewish,M,אלווין,28
Jewish,M,אלוין,28
Jewish,M,אליקו,28
Jewish,M,אלישב,28
Jewish,M,אמן,28
Jewish,M,אפשין,28
Jewish,M,ארקאדי,28
Jewish,M,אשיר,28
Jewish,M,באזזאו,28
Jewish,M,גילאי,28
Jewish,M,דרס,28
Jewish,M,היילה,28
Jewish,M,וולרי,28
Jewish,M,ויאצ'יסלב,28
Jewish,M,חונה,28
Jewish,M,חופי,28
Jewish,M,טירי,28
Jewish,M,טלחום,28
Jewish,M,יזי,28
Jewish,M,יראה,28
Jewish,M,יתרו,28
Jewish,M,לי-אל,28
Jewish,M,מטין,28
Jewish,M,מנוח,28
Jewish,M,מנסור,28
Jewish,M,מעתוק,28
Jewish,M,מרסיו,28
Jewish,M,מרשל,28
Jewish,M,סטאס,28
Jewish,M,סירוס,28
Jewish,M,סרז',28
Jewish,M,עבודי,28
Jewish,M,עירון,28
Jewish,M,עלמקן,28
Jewish,M,עשאל,28
Jewish,M,פיאר,28
Jewish,M,פלוריאן,28
Jewish,M,פסיל,28
Jewish,M,פרנסיסקו,28
Jewish,M,צ'ינגיז,28
Jewish,M,צגאי,28
Jewish,M,קאסהון,28
Jewish,M,רובים,28
Jewish,M,רודד,28
Jewish,M,רמיז,28
Jewish,M,שומט,28
Jewish,M,שורק,28
Jewish,M,שנדור,28
Jewish,M,אביטה,27
Jewish,M,אוריי,27
Jewish,M,איגנט,27
Jewish,M,אילת,27
Jewish,M,איסי,27
Jewish,M,אל-ים,27
Jewish,M,אלפר,27
Jewish,M,אמיליאנו,27
Jewish,M,ארסניי,27
Jewish,M,בן-בנימין,27
Jewish,M,בנייה,27
Jewish,M,ג'ג'או,27
Jewish,M,גווין,27
Jewish,M,גוזף,27
Jewish,M,גורשום,27
Jewish,M,דוויד,27
Jewish,M,הנס,27
Jewish,M,וניאמין,27
Jewish,M,זך,27
Jewish,M,חזקי,27
Jewish,M,חנון,27
Jewish,M,חשן,27
Jewish,M,טאודרוס,27
Jewish,M,טגנה,27
Jewish,M,להט,27
Jewish,M,לוין,27
Jewish,M,לין,27
Jewish,M,לינוי,27
Jewish,M,לירואי,27
Jewish,M,ללו,27
Jewish,M,מולטו,27
Jewish,M,מישר,27
Jewish,M,מלאק,27
Jewish,M,ממוש,27
Jewish,M,מרלון,27
Jewish,M,ניבי,27
Jewish,M,סניר,27
Jewish,M,סרגו,27
Jewish,M,עיוש,27
Jewish,M,עילאיי,27
Jewish,M,פולט,27
Jewish,M,רדי,27
Jewish,M,רחביה,27
Jewish,M,ריכרדו,27
Jewish,M,שיי,27
Jewish,M,שמעון-שי,27
Jewish,M,אביאם,26
Jewish,M,אדור,26
Jewish,M,אחינועם,26
Jewish,M,איידין,26
Jewish,M,אייצ'או,26
Jewish,M,אלכנדרו,26
Jewish,M,אלמנאו,26
Jewish,M,אלקסיי,26
Jewish,M,אנגדאו,26
Jewish,M,אנגידאו,26
Jewish,M,אקים,26
Jewish,M,ארנלדו,26
Jewish,M,אתמר,26
Jewish,M,בלאיי,26
Jewish,M,בליינך,26
Jewish,M,ג'ואן,26
Jewish,M,ג'ודה,26
Jewish,M,גונתן,26
Jewish,M,גוסטב,26
Jewish,M,גימי,26
Jewish,M,גנט,26
Jewish,M,דורין,26
Jewish,M,דורל,26
Jewish,M,דרק,26
Jewish,M,הללי,26
Jewish,M,הנריקה,26
Jewish,M,וידאל,26
Jewish,M,זוזו,26
Jewish,M,חורש,26
Jewish,M,יודן,26
Jewish,M,יסאק,26
Jewish,M,כריס,26
Jewish,M,לולו,26
Jewish,M,לוראן,26
Jewish,M,לי אל,26
Jewish,M,מגוס,26
Jewish,M,מויז,26
Jewish,M,מויסי,26
Jewish,M,מוניה,26
Jewish,M,מטיקו,26
Jewish,M,מילוא,26
Jewish,M,מתוקו,26
Jewish,M,נסיאל,26
Jewish,M,סנפורד,26
Jewish,M,סקאי,26
Jewish,M,עזיאל,26
Jewish,M,עמק,26
Jewish,M,ענהאל,26
Jewish,M,ענן,26
Jewish,M,פרידון,26
Jewish,M,צ'רנט,26
Jewish,M,קובה,26
Jewish,M,רומאו,26
Jewish,M,רחבעם,26
Jewish,M,רקיע,26
Jewish,M,שיא,26
Jewish,M,שרוני,26
Jewish,M,תיירי,26
Jewish,M,אביהוד,25
Jewish,M,אבניל,25
Jewish,M,אדולף,25
Jewish,M,אוטר,25
Jewish,M,אחיאל,25
Jewish,M,אחיעזר,25
Jewish,M,אליניב,25
Jewish,M,אלקסיס,25
Jewish,M,אנדראה,25
Jewish,M,ברקט,25
Jewish,M,גודדאו,25
Jewish,M,גילבר,25
Jewish,M,גנדיי,25
Jewish,M,דוני,25
Jewish,M,דמוזה,25
Jewish,M,דרין,25
Jewish,M,הילי,25
Jewish,M,ווילי,25
Jewish,M,ז'יל,25
Jewish,M,חלפון,25
Jewish,M,טזזו,25
Jewish,M,טלמור,25
Jewish,M,טמזי,25
Jewish,M,טמרו,25
Jewish,M,טריאל,25
Jewish,M,יאני,25
Jewish,M,יחזקיהו,25
Jewish,M,יניק,25
Jewish,M,כינר,25
Jewish,M,לבנון,25
Jewish,M,מאל,25
Jewish,M,מולוקאן,25
Jewish,M,מוסא,25
Jewish,M,מרדכי-מוטי,25
Jewish,M,משה-חי,25
Jewish,M,נולן,25
Jewish,M,ניאל,25
Jewish,M,נריו,25
Jewish,M,סילביאן,25
Jewish,M,סנה,25
Jewish,M,עבדיה,25
Jewish,M,ענוג,25
Jewish,M,פדיה,25
Jewish,M,פליפ,25
Jewish,M,פרנסוא,25
Jewish,M,פרשד,25
Jewish,M,קובי-יעקב,25
Jewish,M,קידן,25
Jewish,M,קמי,25
Jewish,M,קריסטיאן,25
Jewish,M,רוזן,25
Jewish,M,ריבי,25
Jewish,M,רסל,25
Jewish,M,שמאיל,25
Jewish,M,אבינתן,24
Jewish,M,אדינו,24
Jewish,M,אוסבלדו,24
Jewish,M,אורדן,24
Jewish,M,אורל,24
Jewish,M,אידור,24
Jewish,M,אניו,24
Jewish,M,אסקנאו,24
Jewish,M,אקלה,24
Jewish,M,אריף,24
Jewish,M,באר,24
Jewish,M,בורוך,24
Jewish,M,בראיין,24
Jewish,M,ברטו,24
Jewish,M,ברני,24
Jewish,M,ג'יקוב,24
Jewish,M,גביהו,24
Jewish,M,געש,24
Jewish,M,דאוויט,24
Jewish,M,דבש,24
Jewish,M,דייוויד,24
Jewish,M,דסאליין,24
Jewish,M,האורד,24
Jewish,M,חמוס,24
Jewish,M,חקובו,24
Jewish,M,טיימור,24
Jewish,M,טל-אור,24
Jewish,M,טמור,24
Jewish,M,טרנס,24
Jewish,M,יבלטאל,24
Jewish,M,יונון,24
Jewish,M,יוסף-יצחק,24
Jewish,M,יוריי,24
Jewish,M,ישמעאל,24
Jewish,M,ישרון,24
Jewish,M,לבון,24
Jewish,M,ליובה,24
Jewish,M,מויס,24
Jewish,M,מונל,24
Jewish,M,מוראד,24
Jewish,M,מטקו,24
Jewish,M,מיאור,24
Jewish,M,מיטיקו,24
Jewish,M,מירום,24
Jewish,M,מנגסטו,24
Jewish,M,מנו,24
Jewish,M,נגא,24
Jewish,M,נגי,24
Jewish,M,ניקה,24
Jewish,M,סלה,24
Jewish,M,סעד,24
Jewish,M,פארי,24
Jewish,M,קידר,24
Jewish,M,קרי,24
Jewish,M,רשי,24
Jewish,M,רשיד,24
Jewish,M,שומי,24
Jewish,M,שילת,24
Jewish,M,שליקו,24
Jewish,M,שמרון,24
Jewish,M,שפע,24
Jewish,M,אוסטין,23
Jewish,M,אופז,23
Jewish,M,אוצר,23
Jewish,M,אטלאי,23
Jewish,M,אישטו,23
Jewish,M,אליי,23
Jewish,M,אלפונס,23
Jewish,M,אמירם,23
Jewish,M,אנאל,23
Jewish,M,אנדראס,23
Jewish,M,אסממו,23
Jewish,M,אסצ'אלאו,23
Jewish,M,אריאלי,23
Jewish,M,באבו,23
Jewish,M,בהזד,23
Jewish,M,בניק,23
Jewish,M,ברקן,23
Jewish,M,ג'אקי,23
Jewish,M,ג'יידן,23
Jewish,M,גבין,23
Jewish,M,גורדן,23
Jewish,M,גיימס,23
Jewish,M,גינדי,23
Jewish,M,גרגוריו,23
Jewish,M,גררדו,23
Jewish,M,גתי,23
Jewish,M,דסליי,23
Jewish,M,הושנג,23
Jewish,M,הרוה,23
Jewish,M,זלעלם,23
Jewish,M,חורכה,23
Jewish,M,חלפו,23
Jewish,M,חסדאי,23
Jewish,M,טריקו,23
Jewish,M,יאגו,23
Jewish,M,יבין,23
Jewish,M,יוליו,23
Jewish,M,ילאו,23
Jewish,M,ימר,23
Jewish,M,יסמאו,23
Jewish,M,לו,23
Jewish,M,לודוביק,23
Jewish,M,ליו,23
Jewish,M,ליטן,23
Jewish,M,לנס,23
Jewish,M,לקאו,23
Jewish,M,מאוריצי,23
Jewish,M,מאסרשה,23
Jewish,M,מיגואל,23
Jewish,M,מסגאנאו,23
Jewish,M,מקסי,23
Jewish,M,נוראל,23
Jewish,M,נחליאל,23
Jewish,M,סולאל,23
Jewish,M,סימנדו,23
Jewish,M,עידוא,23
Jewish,M,פארן,23
Jewish,M,פוול,23
Jewish,M,פזי,23
Jewish,M,פיודר,23
Jewish,M,פרחד,23
Jewish,M,קלים,23
Jewish,M,קמביז,23
Jewish,M,קמרון,23
Jewish,M,רחים,23
Jewish,M,רחמיל,23
Jewish,M,ריק,23
Jewish,M,רמבום,23
Jewish,M,רמו,23
Jewish,M,רפאלי,23
Jewish,M,שימחה,23
Jewish,M,שר-אל,23
Jewish,M,תומא,23
Jewish,M,תלמי,23
Jewish,M,תמז,23
Jewish,M,אברש,22
Jewish,M,אודיאל,22
Jewish,M,אזאנאו,22
Jewish,M,אזר,22
Jewish,M,אטנאו,22
Jewish,M,איבו,22
Jewish,M,איברהים,22
Jewish,M,איו,22
Jewish,M,איתאי,22
Jewish,M,אל-רואי,22
Jewish,M,אלהיין,22
Jewish,M,אלינועם,22
Jewish,M,אניעם,22
Jewish,M,אנריק,22
Jewish,M,ג'וד,22
Jewish,M,גיאה,22
Jewish,M,גיבי,22
Jewish,M,גרולד,22
Jewish,M,דסליין,22
Jewish,M,וורקיה,22
Jewish,M,ויקו,22
Jewish,M,זיוון,22
Jewish,M,זימרו,22
Jewish,M,זרובבל,22
Jewish,M,יטיב,22
Jewish,M,יציק,22
Jewish,M,כרמיאל,22
Jewish,M,לדיסלב,22
Jewish,M,לייבי,22
Jewish,M,מואיס,22
Jewish,M,מוישי,22
Jewish,M,מזור,22
Jewish,M,מנצור,22
Jewish,M,משי,22
Jewish,M,נזים,22
Jewish,M,נחם,22
Jewish,M,נתן-אל,22
Jewish,M,סובר,22
Jewish,M,סזר,22
Jewish,M,סטאניסלב,22
Jewish,M,סימור,22
Jewish,M,עדוא,22
Jewish,M,עלמנך,22
Jewish,M,עמיאור,22
Jewish,M,ענבל,22
Jewish,M,עשור,22
Jewish,M,פרביז,22
Jewish,M,פרויז,22
Jewish,M,קארן,22
Jewish,M,קינדו,22
Jewish,M,רדיק,22
Jewish,M,רוסל,22
Jewish,M,רוסלאן,22
Jewish,M,ריקו,22
Jewish,M,שואל,22
Jewish,M,שימחו,22
Jewish,M,שימרי,22
Jewish,M,תדמור,22
Jewish,M,אבים,21
Jewish,M,אבינר,21
Jewish,M,אדיסה,21
Jewish,M,אודל,21
Jewish,M,אור-חי,21
Jewish,M,אורייאן,21
Jewish,M,אחיהוד,21
Jewish,M,אחיטוב,21
Jewish,M,אישטה,21
Jewish,M,אלאין,21
Jewish,M,אלברו,21
Jewish,M,אלשן,21
Jewish,M,אמבאו,21
Jewish,M,אנדריאן,21
Jewish,M,אנטול,21
Jewish,M,אסמרו,21
Jewish,M,אסקר,21
Jewish,M,אקי,21
Jewish,M,ארל,21
Jewish,M,ארקדיי,21
Jewish,M,ארתיום,21
Jewish,M,אשנפי,21
Jewish,M,ברהנה,21
Jewish,M,בריס,21
Jewish,M,ג'י,21
Jewish,M,ג'ין,21
Jewish,M,גביר,21
Jewish,M,גבעון,21
Jewish,M,גבריה,21
Jewish,M,גטאנך,21
Jewish,M,גמא,21
Jewish,M,דנאור,21
Jewish,M,הדריאל,21
Jewish,M,וודים,21
Jewish,M,ויק,21
Jewish,M,זאביק,21
Jewish,M,זילבר,21
Jewish,M,זריהון,21
Jewish,M,חוסרו,21
Jewish,M,חיו,21
Jewish,M,חפץ,21
Jewish,M,טסמה,21
Jewish,M,טרקיין,21
Jewish,M,יאודה,21
Jewish,M,יהון,21
Jewish,M,יוריק,21
Jewish,M,לאורנט,21
Jewish,M,לייבל,21
Jewish,M,לניר,21
Jewish,M,מינאלה,21
Jewish,M,מקלוף,21
Jewish,M,נגוס,21
Jewish,M,נטף,21
Jewish,M,סטה,21
Jewish,M,סיאמק,21
Jewish,M,סיסאיי,21
Jewish,M,סלו,21
Jewish,M,סקיי,21
Jewish,M,עינם,21
Jewish,M,עירי,21
Jewish,M,פטריסיו,21
Jewish,M,פרזד,21
Jewish,M,פרידריך,21
Jewish,M,צ'אלצ'או,21
Jewish,M,קופל,21
Jewish,M,קייט,21
Jewish,M,קינדה,21
Jewish,M,קמל,21
Jewish,M,קנת',21
Jewish,M,רדה,21
Jewish,M,רומיק,21
Jewish,M,רלו,21
Jewish,M,שומרון,21
Jewish,M,שירז,21
Jewish,M,אב,20
Jewish,M,אבוהאי,20
Jewish,M,אביחן,20
Jewish,M,אטילה,20
Jewish,M,אילחם,20
Jewish,M,אינגדאו,20
Jewish,M,אינדלאו,20
Jewish,M,אלהין,20
Jewish,M,אלקו,20
Jewish,M,אנבר,20
Jewish,M,אקיף,20
Jewish,M,ארנולדו,20
Jewish,M,ארני,20
Jewish,M,בובי,20
Jewish,M,בחטיאר,20
Jewish,M,בן-אור,20
Jewish,M,בן-עמי,20
Jewish,M,ג'ם,20
Jewish,M,גיאורג,20
Jewish,M,גרמה,20
Jewish,M,דנטה,20
Jewish,M,דסלאי,20
Jewish,M,ז'וליאן,20
Jewish,M,חסיד,20
Jewish,M,טהור,20
Jewish,M,טספיה,20
Jewish,M,יאלאו,20
Jewish,M,ייבגני,20
Jewish,M,יקו,20
Jewish,M,ישיוואס,20
Jewish,M,לאונטי,20
Jewish,M,לוי-יצחק,20
Jewish,M,לוסיין,20
Jewish,M,לזרו,20
Jewish,M,ליונאל,20
Jewish,M,לייבה,20
Jewish,M,ליפה,20
Jewish,M,למלמו,20
Jewish,M,לסטר,20
Jewish,M,מהללאל,20
Jewish,M,מורגן,20
Jewish,M,מיירון,20
Jewish,M,מירצה,20
Jewish,M,מליק,20
Jewish,M,מנפרד,20
Jewish,M,מקוריה,20
Jewish,M,מרה,20
Jewish,M,מת'יו,20
Jewish,M,נגסה,20
Jewish,M,ניזמי,20
Jewish,M,ניקולא,20
Jewish,M,נר,20
Jewish,M,סאי,20
Jewish,M,סוסו,20
Jewish,M,סלווין,20
Jewish,M,עבד,20
Jewish,M,עתיי,20
Jewish,M,פיימן,20
Jewish,M,פרמרז,20
Jewish,M,צ'לצ'או,20
Jewish,M,צ'מרה,20
Jewish,M,צליק,20
Jewish,M,קלימו,20
Jewish,M,רואה,20
Jewish,M,רואל,20
Jewish,M,רזאל,20
Jewish,M,ריקי,20
Jewish,M,שבו,20
Jewish,M,שי-שמעון,20
Jewish,M,שלום-שי,20
Jewish,M,שפראו,20
Jewish,M,שרי,20
Jewish,M,אבי-חי,19
Jewish,M,אביעוז,19
Jewish,M,אבניאל,19
Jewish,M,אגרון,19
Jewish,M,אדורד,19
Jewish,M,אודין,19
Jewish,M,אוני,19
Jewish,M,אטקה,19
Jewish,M,איאנאו,19
Jewish,M,איילאו,19
Jewish,M,איילה,19
Jewish,M,איינו,19
Jewish,M,אילריון,19
Jewish,M,אירווין,19
Jewish,M,אישטבן,19
Jewish,M,אלידן,19
Jewish,M,אליוסף,19
Jewish,M,אללי,19
Jewish,M,אלמקן,19
Jewish,M,אלרעי,19
Jewish,M,אמזר,19
Jewish,M,אמסאלו,19
Jewish,M,אמת,19
Jewish,M,אנגלו,19
Jewish,M,אסצ'אלו,19
Jewish,M,אסצ'לו,19
Jewish,M,אצ'נפה,19
Jewish,M,אראלי,19
Jewish,M,ארתורו,19
Jewish,M,בהזאד,19
Jewish,M,בהמן,19
Jewish,M,ביניאם,19
Jewish,M,בקלו,19
Jewish,M,ג'וליו,19
Jewish,M,ג'ונאס,19
Jewish,M,ג'מבר,19
Jewish,M,גונזלו,19
Jewish,M,גימס,19
Jewish,M,גסי,19
Jewish,M,דאוד,19
Jewish,M,דינור,19
Jewish,M,דמלאש,19
Jewish,M,דניו,19
Jewish,M,דנילו,19
Jewish,M,דסלה,19
Jewish,M,הגוס,19
Jewish,M,הרבה,19
Jewish,M,הריס,19
Jewish,M,הריסון,19
Jewish,M,וובו,19
Jewish,M,וונדה,19
Jewish,M,ולאדיסלב,19
Jewish,M,וסוולוד,19
Jewish,M,ורדי,19
Jewish,M,זיגי,19
Jewish,M,זרבאיל,19
Jewish,M,חיזגיל,19
Jewish,M,חנה,19
Jewish,M,טמסגין,19
Jewish,M,יבלטל,19
Jewish,M,יוסף-חי,19
Jewish,M,יחזקיאל,19
Jewish,M,ילק,19
Jewish,M,ימי,19
Jewish,M,ירד,19
Jewish,M,ישמח,19
Jewish,M,כתר,19
Jewish,M,לוגן,19
Jewish,M,לטיף,19
Jewish,M,ליאורי,19
Jewish,M,ליהב,19
Jewish,M,ליזר,19
Jewish,M,ליפמן,19
Jewish,M,ללא,19
Jewish,M,לנון,19
Jewish,M,מבראטו,19
Jewish,M,מוטי-מרדכי,19
Jewish,M,מייסון,19
Jewish,M,מיצ'ל,19
Jewish,M,ממויה,19
Jewish,M,מנחם-מענדל,19
Jewish,M,מספן,19
Jewish,M,סטין,19
Jewish,M,סטן,19
Jewish,M,סלימן,19
Jewish,M,סן,19
Jewish,M,עגור,19
Jewish,M,צ'יקו,19
Jewish,M,צ'לה,19
Jewish,M,צוראל,19
Jewish,M,צורישדי,19
Jewish,M,קורוש,19
Jewish,M,קורנל,19
Jewish,M,קיאן,19
Jewish,M,קיאנו,19
Jewish,M,ראין,19
Jewish,M,ראמין,19
Jewish,M,ריבר,19
Jewish,M,רמונד,19
Jewish,M,שימרון,19
Jewish,M,שמש,19
Jewish,M,שניאור-זלמן,19
Jewish,M,תדי,19
Jewish,M,תדסה,19
Jewish,M,אהרון-רוני,18
Jewish,M,אורני,18
Jewish,M,איגי,18
Jewish,M,אייאיו,18
Jewish,M,אילהי,18
Jewish,M,אלה,18
Jewish,M,אנאטולי,18
Jewish,M,ארמו,18
Jewish,M,אשבל,18
Jewish,M,בולסלב,18
Jewish,M,בוני,18
Jewish,M,בירקו,18
Jewish,M,בלאיינך,18
Jewish,M,בערל,18
Jewish,M,ברהני,18
Jewish,M,ברנהרד,18
Jewish,M,ג'ס,18
Jewish,M,ג'ראר,18
Jewish,M,ג'רארד,18
Jewish,M,גו,18
Jewish,M,גזאצ'או,18
Jewish,M,גיז'רמו,18
Jewish,M,גילן,18
Jewish,M,גלאל,18
Jewish,M,גרארד,18
Jewish,M,דסלי,18
Jewish,M,הודאל,18
Jewish,M,וובטו,18
Jewish,M,וחטנג,18
Jewish,M,וילסון,18
Jewish,M,זאזה,18
Jewish,M,זוסיא,18
Jewish,M,זינוביי,18
Jewish,M,זמי,18
Jewish,M,זקיר,18
Jewish,M,חנא,18
Jewish,M,חסן,18
Jewish,M,חרמון,18
Jewish,M,טאדילו,18
Jewish,M,טלי,18
Jewish,M,טלמון,18
Jewish,M,טרקין,18
Jewish,M,טשלה,18
Jewish,M,יבגן,18
Jewish,M,יגן,18
Jewish,M,יואלי,18
Jewish,M,יושבה,18
Jewish,M,ילאק,18
Jewish,M,יעקב-ישראל,18
Jewish,M,ירח,18
Jewish,M,ישראלי,18
Jewish,M,לאקה,18
Jewish,M,לדיסלאו,18
Jewish,M,ליהו,18
Jewish,M,ליון,18
Jewish,M,לפיד,18
Jewish,M,מוקי,18
Jewish,M,מטבי,18
Jewish,M,מיכאילו,18
Jewish,M,מינו,18
Jewish,M,מליך,18
Jewish,M,ממוס,18
Jewish,M,מסימו,18
Jewish,M,מרדוש,18
Jewish,M,מרלן,18
Jewish,M,מרצ'לו,18
Jewish,M,נאגי,18
Jewish,M,נביד,18
Jewish,M,נועז,18
Jewish,M,נייתן,18
Jewish,M,ניקולי,18
Jewish,M,סורל,18
Jewish,M,סטאי,18
Jewish,M,סנדקו,18
Jewish,M,סעדי,18
Jewish,M,פטנה,18
Jewish,M,פיבל,18
Jewish,M,קית,18
Jewish,M,קן,18
Jewish,M,קריג,18
Jewish,M,רונלדו,18
Jewish,M,רישר,18
Jewish,M,שורי,18
Jewish,M,שימשון,18
Jewish,M,תמסגן,18
Jewish,M,אבה,17
Jewish,M,אבי-עד,17
Jewish,M,אביסף,17
Jewish,M,אגניו,17
Jewish,M,אוגן,17
Jewish,M,אוטרי,17
Jewish,M,אוקה,17
Jewish,M,אוקטאי,17
Jewish,M,אוריל,17
Jewish,M,אורלי,17
Jewish,M,אילייה,17
Jewish,M,אינון,17
Jewish,M,איקה,17
Jewish,M,איקו,17
Jewish,M,אירוינג,17
Jewish,M,אליאיר,17
Jewish,M,אלמראו,17
Jewish,M,אלשד,17
Jewish,M,אמון,17
Jewish,M,אמזרי,17
Jewish,M,אנדאלאו,17
Jewish,M,אנדרגה,17
Jewish,M,אסייה,17
Jewish,M,אקלו,17
Jewish,M,אריך,17
Jewish,M,אשוט,17
Jewish,M,בווקט,17
Jewish,M,בז,17
Jewish,M,בחור,17
Jewish,M,ביטאו,17
Jewish,M,בימראו,17
Jewish,M,ביסט,17
Jewish,M,ברוש,17
Jewish,M,ג'ד,17
Jewish,M,ג'משיד,17
Jewish,M,ג'קסון,17
Jewish,M,גאון,17
Jewish,M,גואדה,17
Jewish,M,גוריון,17
Jewish,M,גורמי,17
Jewish,M,גרר,17
Jewish,M,דוי,17
Jewish,M,דויט,17
Jewish,M,דללין,17
Jewish,M,דרגה,17
Jewish,M,הרבי,17
Jewish,M,הרון,17
Jewish,M,הרשי,17
Jewish,M,ווללאו,17
Jewish,M,וסיל,17
Jewish,M,זיגו,17
Jewish,M,טאדלו,17
Jewish,M,טחיר,17
Jewish,M,טיבי,17
Jewish,M,טיילור,17
Jewish,M,טקה,17
Jewish,M,טרוור,17
Jewish,M,יוהניס,17
Jewish,M,יוהנתן,17
Jewish,M,יוסף-אסף,17
Jewish,M,ילין,17
Jewish,M,לואן,17
Jewish,M,לויד,17
Jewish,M,מוטקה,17
Jewish,M,מויזס,17
Jewish,M,מונטי,17
Jewish,M,מטווי,17
Jewish,M,מיכאי,17
Jewish,M,מסרשאו,17
Jewish,M,מקוריאו,17
Jewish,M,מקטה,17
Jewish,M,מתן-חיים,17
Jewish,M,נאוראי,17
Jewish,M,סביר,17
Jewish,M,סוליימן,17
Jewish,M,סלאבה,17
Jewish,M,סלבו,17
Jewish,M,סליאור,17
Jewish,M,סניה,17
Jewish,M,עדאל,17
Jewish,M,עדיה,17
Jewish,M,עזרה,17
Jewish,M,עימרי,17
Jewish,M,פדהצור,17
Jewish,M,צ'קול,17
Jewish,M,קארל,17
Jewish,M,קווה,17
Jewish,M,קלודיו,17
Jewish,M,רוביק,17
Jewish,M,רוזה,17
Jewish,M,רוטשילד,17
Jewish,M,רויי,17
Jewish,M,רינט,17
Jewish,M,רמאל,17
Jewish,M,רנדל,17
Jewish,M,שוטא,17
Jewish,M,שטו,17
Jewish,M,שיפראו,17
Jewish,M,שמטוב,17
Jewish,M,שת,17
Jewish,M,אביאסף,16
Jewish,M,אבידר,16
Jewish,M,אביעם,16
Jewish,M,אברהם-חיים,16
Jewish,M,אברון,16
Jewish,M,אגון,16
Jewish,M,אדגרד,16
Jewish,M,אורי-אל,16
Jewish,M,אורי-משה,16
Jewish,M,אחיעם,16
Jewish,M,אטינקוט,16
Jewish,M,איזאק,16
Jewish,M,איזרו,16
Jewish,M,אייאסו,16
Jewish,M,אייבן,16
Jewish,M,איליאן,16
Jewish,M,איסו,16
Jewish,M,איתיה,16
Jewish,M,אלבין,16
Jewish,M,אלול,16
Jewish,M,אמיליאן,16
Jewish,M,אמיתיי,16
Jewish,M,אניס,16
Jewish,M,ארטורו,16
Jewish,M,ארש,16
Jewish,M,אשגריה,16
Jewish,M,באוקטו,16
Jewish,M,בבו,16
Jewish,M,בוכור,16
Jewish,M,בייה,16
Jewish,M,בנט,16
Jewish,M,בסריון,16
Jewish,M,בראדלי,16
Jewish,M,ברנדן,16
Jewish,M,ג'והן,16
Jewish,M,ג'ול,16
Jewish,M,ג'מי,16
Jewish,M,גוהן,16
Jewish,M,גולני,16
Jewish,M,גושן,16
Jewish,M,גיום,16
Jewish,M,גילס,16
Jewish,M,גנה,16
Jewish,M,דיאן,16
Jewish,M,ווגר,16
Jewish,M,ולאדי,16
Jewish,M,ז'רום,16
Jewish,M,זייס,16
Jewish,M,זיסו,16
Jewish,M,זלאלם,16
Jewish,M,זליק,16
Jewish,M,חואטו,16
Jewish,M,טורל,16
Jewish,M,טמורי,16
Jewish,M,טרונך,16
Jewish,M,טרלן,16
Jewish,M,יהעלם,16
Jewish,M,יונאס,16
Jewish,M,יסעור,16
Jewish,M,כלאפו,16
Jewish,M,לודויג,16
Jewish,M,לי-עד,16
Jewish,M,ליוי,16
Jewish,M,לימור,16
Jewish,M,לרון,16
Jewish,M,מארה,16
Jewish,M,מור-מרדכי,16
Jewish,M,מטוקו,16
Jewish,M,מיקלוש,16
Jewish,M,מישו,16
Jewish,M,מל,16
Jewish,M,מספינט,16
Jewish,M,מרטון,16
Jewish,M,מריאל,16
Jewish,M,מרין,16
Jewish,M,משאל,16
Jewish,M,נאדר,16
Jewish,M,נאל,16
Jewish,M,נברט,16
Jewish,M,נגש,16
Jewish,M,ניברט,16
Jewish,M,ניריה,16
Jewish,M,נצ'ו,16
Jewish,M,סילס,16
Jewish,M,פדור,16
Jewish,M,פיליפה,16
Jewish,M,פיסהה,16
Jewish,M,פריבורז,16
Jewish,M,צ'קלה,16
Jewish,M,צאלח,16
Jewish,M,צדק,16
Jewish,M,קאנאו,16
Jewish,M,קוסטנטין,16
Jewish,M,קלקידן,16
Jewish,M,קריסטופר,16
Jewish,M,ראודור,16
Jewish,M,רובנס,16
Jewish,M,רובר,16
Jewish,M,רוד,16
Jewish,M,רולנדו,16
Jewish,M,רומיאל,16
Jewish,M,רון-אל,16
Jewish,M,רונאלד,16
Jewish,M,רכס,16
Jewish,M,רפול,16
Jewish,M,שאן,16
Jewish,M,שבת,16
Jewish,M,שהין,16
Jewish,M,שולום,16
Jewish,M,שחרי,16
Jewish,M,שי-שלמה,16
Jewish,M,שייה,16
Jewish,M,שימון,16
Jewish,M,שיקו,16
Jewish,M,שלבה,16
Jewish,M,שמחו,16
Jewish,M,שמעוני,16
Jewish,M,שפיק,16
Jewish,M,אבבו,15
Jewish,M,אבוחי,15
Jewish,M,אביבי,15
Jewish,M,אד,15
Jewish,M,אהל,15
Jewish,M,אור-ים,15
Jewish,M,אורסיו,15
Jewish,M,אזיז,15
Jewish,M,אטנקוט,15
Jewish,M,איינהו,15
Jewish,M,אייתן,15
Jewish,M,אילושה,15
Jewish,M,אליושה,15
Jewish,M,אמלקו,15
Jewish,M,אנדראו,15
Jewish,M,אנדריאס,15
Jewish,M,אנטואן,15
Jewish,M,אסובלו,15
Jewish,M,אציק,15
Jewish,M,בוסתן,15
Jewish,M,בינם,15
Jewish,M,בירהן,15
Jewish,M,בלאינך,15
Jewish,M,בנדיקט,15
Jewish,M,ברנו,15
Jewish,M,בשן,15
Jewish,M,ג'ים,15
Jewish,M,ג'קומו,15
Jewish,M,גאשו,15
Jewish,M,גברו,15
Jewish,M,גוסטאבו,15
Jewish,M,גילאון,15
Jewish,M,גינאדי,15
Jewish,M,גיסון,15
Jewish,M,גלעדי,15
Jewish,M,דמטרי,15
Jewish,M,דמיד,15
Jewish,M,דמלש,15
Jewish,M,דסלן,15
Jewish,M,הונניאו,15
Jewish,M,היידן,15
Jewish,M,וונדים,15
Jewish,M,וונדמו,15
Jewish,M,וז'ה,15
Jewish,M,ויין,15
Jewish,M,וילן,15
Jewish,M,זיק,15
Jewish,M,חבקוק,15
Jewish,M,חוגי,15
Jewish,M,חוטר,15
Jewish,M,חופני,15
Jewish,M,חזקאל,15
Jewish,M,חמד,15
Jewish,M,חצב,15
Jewish,M,חרות,15
Jewish,M,טגאו,15
Jewish,M,טל-חיים,15
Jewish,M,טרקו,15
Jewish,M,ידידה,15
Jewish,M,יהושע-שי,15
Jewish,M,יוהאניס,15
Jewish,M,יוזה,15
Jewish,M,יחזקל,15
Jewish,M,יסף,15
Jewish,M,יעוז,15
Jewish,M,יראון,15
Jewish,M,כורם,15
Jewish,M,לורון,15
Jewish,M,לי-אב,15
Jewish,M,לי-דור,15
Jewish,M,מהראן,15
Jewish,M,מוגוס,15
Jewish,M,מזגבו,15
Jewish,M,מזמור,15
Jewish,M,מלקם,15
Jewish,M,מנאלה,15
Jewish,M,מסוד,15
Jewish,M,מסטוואל,15
Jewish,M,מערבי,15
Jewish,M,מקונט,15
Jewish,M,משב,15
Jewish,M,מתן-משה,15
Jewish,M,נדי,15
Jewish,M,נוני,15
Jewish,M,נייג'ל,15
Jewish,M,נילס,15
Jewish,M,נץ,15
Jewish,M,נצן,15
Jewish,M,נקדימון,15
Jewish,M,סבה,15
Jewish,M,סבליי,15
Jewish,M,סגל,15
Jewish,M,סטיוון,15
Jewish,M,סילבאן,15
Jewish,M,סלבטור,15
Jewish,M,סלמלק,15
Jewish,M,סנדקה,15
Jewish,M,ססר,15
Jewish,M,עדינו,15
Jewish,M,עדריאל,15
Jewish,M,עזריקם,15
Jewish,M,עמיטל,15
Jewish,M,עמישדי,15
Jewish,M,פיליף,15
Jewish,M,פרשיד,15
Jewish,M,צ'ילוט,15
Jewish,M,צח-יצחק,15
Jewish,M,קחבר,15
Jewish,M,רודשל,15
Jewish,M,רומא,15
Jewish,M,רומיאו,15
Jewish,M,רונה,15
Jewish,M,רחמים-רמי,15
Jewish,M,רנת,15
Jewish,M,רשביל,15
Jewish,M,שבבאו,15
Jewish,M,שהראם,15
Jewish,M,שהריאר,15
Jewish,M,שולים,15
Jewish,M,שי-שמואל,15
Jewish,M,שלף,15
Jewish,M,שמגר,15
Jewish,M,שמעי,15
Jewish,M,שמעיהו,15
Jewish,M,שריד,15
Jewish,M,תכלת,15
Jewish,M,תמרי,15
Jewish,M,אביגל,14
Jewish,M,אביו,14
Jewish,M,אביץ',14
Jewish,M,אברך,14
Jewish,M,אגזאו,14
Jewish,M,אגרו,14
Jewish,M,אדברד,14
Jewish,M,אדיל,14
Jewish,M,אדמס,14
Jewish,M,אדראג'ו,14
Jewish,M,אהרוני,14
Jewish,M,אודאל,14
Jewish,M,אודיה,14
Jewish,M,אור-דוד,14
Jewish,M,אור-יוסף,14
Jewish,M,אושיר,14
Jewish,M,אחיאב,14
Jewish,M,אחמד,14
Jewish,M,אייאנאו,14
Jewish,M,אייהו,14
Jewish,M,איירי,14
Jewish,M,אילין,14
Jewish,M,איקי,14
Jewish,M,אירוין,14
Jewish,M,אירסיל,14
Jewish,M,אישי,14
Jewish,M,אלאי,14
Jewish,M,אלהן,14
Jewish,M,אלייז'ה,14
Jewish,M,אמבצ'או,14
Jewish,M,אמר,14
Jewish,M,אנגאו,14
Jewish,M,אנדלו,14
Jewish,M,אניבל,14
Jewish,M,ארבין,14
Jewish,M,ארטמיי,14
Jewish,M,ארייה,14
Jewish,M,ארסלן,14
Jewish,M,ארקיהון,14
Jewish,M,אש,14
Jewish,M,בבי,14
Jewish,M,ביאדגלין,14
Jewish,M,ביל,14
Jewish,M,בליהון,14
Jewish,M,בנין,14
Jewish,M,בראד,14
Jewish,M,ג'וג'ו,14
Jewish,M,ג'ורג'י,14
Jewish,M,ג'ילבר,14
Jewish,M,ג'מרה,14
Jewish,M,ג'רמיה,14
Jewish,M,גבייאו,14
Jewish,M,גבייהו,14
Jewish,M,גדפאו,14
Jewish,M,גטנת,14
Jewish,M,גייא,14
Jewish,M,גיליל,14
Jewish,M,גין,14
Jewish,M,דדו,14
Jewish,M,דורו,14
Jewish,M,דמלאו,14
Jewish,M,דניאלי,14
Jewish,M,דסאלן,14
Jewish,M,דרו,14
Jewish,M,האבטו,14
Jewish,M,וולדה,14
Jewish,M,וייצ'סלב,14
Jewish,M,וייצמן,14
Jewish,M,וילהלם,14
Jewish,M,ורד,14
Jewish,M,ז'וזה,14
Jewish,M,ז'ראר,14
Jewish,M,זבלו,14
Jewish,M,זורה,14
Jewish,M,חיאל,14
Jewish,M,חים,14
Jewish,M,חליל,14
Jewish,M,טאיו,14
Jewish,M,טג'ו,14
Jewish,M,טגן,14
Jewish,M,טגנייה,14
Jewish,M,טוודרוס,14
Jewish,M,טיבבו,14
Jewish,M,טמרט,14
Jewish,M,טרוי,14
Jewish,M,יאבגני,14
Jewish,M,יאור,14
Jewish,M,יאלו,14
Jewish,M,יוחים,14
Jewish,M,יוספי,14
Jewish,M,יזאק,14
Jewish,M,יטברק,14
Jewish,M,ייגור,14
Jewish,M,ירדאו,14
Jewish,M,לואל,14
Jewish,M,ליויו,14
Jewish,M,מאייר,14
Jewish,M,מוללין,14
Jewish,M,מושאיל,14
Jewish,M,מיחאי,14
Jewish,M,מיק,14
Jewish,M,מירצ'ה,14
Jewish,M,מלווין,14
Jewish,M,מסגנו,14
Jewish,M,מרבין,14
Jewish,M,מרלין,14
Jewish,M,נגט,14
Jewish,M,נוחם,14
Jewish,M,נוריה,14
Jewish,M,ניגוסה,14
Jewish,M,נירו,14
Jewish,M,נמיר,14
Jewish,M,נסאל,14
Jewish,M,סאלח,14
Jewish,M,סולו,14
Jewish,M,סטיי,14
Jewish,M,סיימור,14
Jewish,M,ספניה,14
Jewish,M,עדלי,14
Jewish,M,עותניאל,14
Jewish,M,עינר,14
Jewish,M,עלמנאו,14
Jewish,M,פבריציו,14
Jewish,M,פדי,14
Jewish,M,פייביש,14
Jewish,M,פלי,14
Jewish,M,פנואל,14
Jewish,M,פקרו,14
Jewish,M,צ'אד,14
Jewish,M,צ'אלאצ'או,14
Jewish,M,צחור,14
Jewish,M,קאמי,14
Jewish,M,קוסטיה,14
Jewish,M,קורט,14
Jewish,M,קטלה,14
Jewish,M,קלימנטי,14
Jewish,M,קלמו,14
Jewish,M,ראדו,14
Jewish,M,ראשון,14
Jewish,M,רבו,14
Jewish,M,רדאי,14
Jewish,M,רולי,14
Jewish,M,רישאר,14
Jewish,M,רלי,14
Jewish,M,שומרי,14
Jewish,M,שוריק,14
Jewish,M,שירי,14
Jewish,M,שירין,14
Jewish,M,שרת,14
Jewish,M,אבטמו,13
Jewish,M,אביק,13
Jewish,M,אגור,13
Jewish,M,אדגו,13
Jewish,M,אדואר,13
Jewish,M,אדלה,13
Jewish,M,אדמסו,13
Jewish,M,אודי-יהודה,13
Jewish,M,אור-רן,13
Jewish,M,אחישי,13
Jewish,M,אטאלו,13
Jewish,M,אטללה,13
Jewish,M,איבור,13
Jewish,M,איטל,13
Jewish,M,אייב,13
Jewish,M,איליזיר,13
Jewish,M,אירי,13
Jewish,M,אל-אור,13
Jewish,M,אל-נתן,13
Jewish,M,אלבצ'או,13
Jewish,M,אלמיהו,13
Jewish,M,אלמנו,13
Jewish,M,אמיד,13
Jewish,M,אמריק,13
Jewish,M,אנדלמאו,13
Jewish,M,אניאו,13
Jewish,M,אסצ'לה,13
Jewish,M,אקאלו,13
Jewish,M,ארצ'יל,13
Jewish,M,אשגריי,13
Jewish,M,אשטיה,13
Jewish,M,אשכר,13
Jewish,M,באזזו,13
Jewish,M,בבק,13
Jewish,M,בוב,13
Jewish,M,ביילי,13
Jewish,M,בלה,13
Jewish,M,בן-דוד,13
Jewish,M,בן-ישי,13
Jewish,M,בנטיהון,13
Jewish,M,בריאל,13
Jewish,M,ברנארד,13
Jewish,M,ברנר,13
Jewish,M,ג'וליין,13
Jewish,M,ג'ושע,13
Jewish,M,ג'פרסון,13
Jewish,M,ג'ררדו,13
Jewish,M,גאבור,13
Jewish,M,גור-אריה,13
Jewish,M,גיאן,13
Jewish,M,גיורג,13
Jewish,M,גילון,13
Jewish,M,גלילי,13
Jewish,M,גסטין,13
Jewish,M,גרשם,13
Jewish,M,גשם,13
Jewish,M,דאגלס,13
Jewish,M,דבאס,13
Jewish,M,דגסאו,13
Jewish,M,דייוי,13
Jewish,M,דילאן,13
Jewish,M,דינקו,13
Jewish,M,דניז,13
Jewish,M,דעואל,13
Jewish,M,דרבבאו,13
Jewish,M,דרי,13
Jewish,M,דריאן,13
Jewish,M,הדורם,13
Jewish,M,הידי,13
Jewish,M,הערשי,13
Jewish,M,וואדים,13
Jewish,M,ווין,13
Jewish,M,ויטליי,13
Jewish,M,ז'אקי,13
Jewish,M,ז'ורז',13
Jewish,M,זאיס,13
Jewish,M,זישא,13
Jewish,M,זנאו,13
Jewish,M,חיימי,13
Jewish,M,טבריו,13
Jewish,M,טדילו,13
Jewish,M,טווצ'או,13
Jewish,M,טולי,13
Jewish,M,טומה,13
Jewish,M,טזבאו,13
Jewish,M,טייצ'או,13
Jewish,M,טריסטן,13
Jewish,M,יאקי,13
Jewish,M,יגב,13
Jewish,M,יהואש,13
Jewish,M,יהודי,13
Jewish,M,יומטוב,13
Jewish,M,יחאל,13
Jewish,M,יטאיו,13
Jewish,M,יליסיי,13
Jewish,M,יצחק-חי,13
Jewish,M,יצחק-צח,13
Jewish,M,יקר,13
Jewish,M,כהן,13
Jewish,M,לבני,13
Jewish,M,לון,13
Jewish,M,לוצ'יאן,13
Jewish,M,לוריאן,13
Jewish,M,ליגד,13
Jewish,M,ליהם,13
Jewish,M,ליתאי,13
Jewish,M,לשה,13
Jewish,M,מאוריס,13
Jewish,M,מאמו,13
Jewish,M,מולואלם,13
Jewish,M,מולונך,13
Jewish,M,מוניק,13
Jewish,M,מורדך,13
Jewish,M,מטע,13
Jewish,M,מיי,13
Jewish,M,מיכאלי,13
Jewish,M,מיניליק,13
Jewish,M,מיקיאס,13
Jewish,M,מכאיל,13
Jewish,M,מנש,13
Jewish,M,מפל,13
Jewish,M,מריאוס,13
Jewish,M,מרכיאל,13
Jewish,M,נוגזרי,13
Jewish,M,נוויל,13
Jewish,M,ניגאטו,13
Jewish,M,ניו,13
Jewish,M,ניסיאל,13
Jewish,M,נמרד,13
Jewish,M,נסיר,13
Jewish,M,סבאח,13
Jewish,M,סודי,13
Jewish,M,סוהיל,13
Jewish,M,סווה,13
Jewish,M,סידניי,13
Jewish,M,סלמאן,13
Jewish,M,סלסו,13
Jewish,M,סמאין,13
Jewish,M,עבדיאל,13
Jewish,M,ענאל,13
Jewish,M,פאטריק,13
Jewish,M,פאיק,13
Jewish,M,פרוויז,13
Jewish,M,פריידון,13
Jewish,M,צחר,13
Jewish,M,צלי,13
Jewish,M,קידנו,13
Jewish,M,רגים,13
Jewish,M,רומאן,13
Jewish,M,רון-אהרון,13
Jewish,M,רועי-משה,13
Jewish,M,רורי,13
Jewish,M,רמירו,13
Jewish,M,שאר,13
Jewish,M,תמרת,13
Jewish,M,אביוט,12
Jewish,M,אדבה,12
Jewish,M,אהוליאב,12
Jewish,M,אהונים,12
Jewish,M,אוברי,12
Jewish,M,אוד,12
Jewish,M,אולכסנדר,12
Jewish,M,אור חן,12
Jewish,M,אוראי,12
Jewish,M,אורחיים,12
Jewish,M,אורנן,12
Jewish,M,אושי,12
Jewish,M,אזיק,12
Jewish,M,אזנה,12
Jewish,M,אחיהו,12
Jewish,M,אחימאיר,12
Jewish,M,אטנפו,12
Jewish,M,אטקלט,12
Jewish,M,איבס,12
Jewish,M,איגל,12
Jewish,M,אידין,12
Jewish,M,איטגב,12
Jewish,M,אייאו,12
Jewish,M,אייטולין,12
Jewish,M,אייצ'ו,12
Jewish,M,אימרה,12
Jewish,M,אימרן,12
Jewish,M,אירון,12
Jewish,M,אירמיה,12
Jewish,M,איתנאל,12
Jewish,M,אליחן,12
Jewish,M,אליפז,12
Jewish,M,אלם,12
Jewish,M,אלמיר,12
Jewish,M,אסיה,12
Jewish,M,אסראט,12
Jewish,M,אסתר,12
Jewish,M,אקלילו,12
Jewish,M,בהנם,12
Jewish,M,ביורן,12
Jewish,M,בלייק,12
Jewish,M,בניל,12
Jewish,M,בריוחאי,12
Jewish,M,ברייאן,12
Jewish,M,ג'ובאני,12
Jewish,M,ג'ופרי,12
Jewish,M,ג'ינו,12
Jewish,M,ג'קס,12
Jewish,M,גאורגה,12
Jewish,M,גאלי,12
Jewish,M,גדמו,12
Jewish,M,גוזה,12
Jewish,M,גוליו,12
Jewish,M,גטנה,12
Jewish,M,גים,12
Jewish,M,גירמאי,12
Jewish,M,גל-אור,12
Jewish,M,גמיל,12
Jewish,M,דאניו,12
Jewish,M,דבי,12
Jewish,M,דגם,12
Jewish,M,דוד-חיים,12
Jewish,M,דווד,12
Jewish,M,דורם,12
Jewish,M,דיגו,12
Jewish,M,דידייר,12
Jewish,M,דייבי,12
Jewish,M,דייל,12
Jewish,M,דניאו,12
Jewish,M,דניאל-חי,12
Jewish,M,דסמונד,12
Jewish,M,דרבאו,12
Jewish,M,דרגן,12
Jewish,M,הראלי,12
Jewish,M,וואסיהון,12
Jewish,M,וויין,12
Jewish,M,ויטליק,12
Jewish,M,ולריו,12
Jewish,M,ולריי,12
Jewish,M,ז'וז'ו,12
Jewish,M,זאכרי,12
Jewish,M,זוודו,12
Jewish,M,זורבי,12
Jewish,M,זורן,12
Jewish,M,זיגפריד,12
Jewish,M,זכארי,12
Jewish,M,זקארי,12
Jewish,M,חבטאמו,12
Jewish,M,חבטמו,12
Jewish,M,חויאר,12
Jewish,M,חופש,12
Jewish,M,חיזקיהו,12
Jewish,M,טאזבאו,12
Jewish,M,טבבו,12
Jewish,M,טוליק,12
Jewish,M,טירונך,12
Jewish,M,טל-אל,12
Jewish,M,ידג,12
Jewish,M,ידדיה,12
Jewish,M,יה,12
Jewish,M,יוזף,12
Jewish,M,יוסה,12
Jewish,M,ימנו,12
Jewish,M,יעקב-חי,12
Jewish,M,ישיעהו,12
Jewish,M,כוכבי,12
Jewish,M,כלפון,12
Jewish,M,לאוטרו,12
Jewish,M,לב-ארי,12
Jewish,M,לורין,12
Jewish,M,לזלי,12
Jewish,M,לי-רון,12
Jewish,M,לי-רן,12
Jewish,M,ליריי,12
Jewish,M,לנואל,12
Jewish,M,לריאון,12
Jewish,M,מאיס,12
Jewish,M,מאלדה,12
Jewish,M,מאמוש,12
Jewish,M,מאנדפרו,12
Jewish,M,מאראט,12
Jewish,M,מאריו,12
Jewish,M,מאריק,12
Jewish,M,מהדי,12
Jewish,M,מולטה,12
Jewish,M,מורטון,12
Jewish,M,מורטז,12
Jewish,M,מוריסיו,12
Jewish,M,מטאדל,12
Jewish,M,מיניבל,12
Jewish,M,מיקולה,12
Jewish,M,מכסים,12
Jewish,M,מנליק,12
Jewish,M,מרטי,12
Jewish,M,מריה,12
Jewish,M,מרקס,12
Jewish,M,נביא,12
Jewish,M,נביאל,12
Jewish,M,נהוראי-מאיר,12
Jewish,M,נועה,12
Jewish,M,נורבר,12
Jewish,M,ניקולוז,12
Jewish,M,נל,12
Jewish,M,נלי,12
Jewish,M,סאל,12
Jewish,M,סבטוסלב,12
Jewish,M,סדיק,12
Jewish,M,סלאמלק,12
Jewish,M,סמאצ'או,12
Jewish,M,סנטיהו,12
Jewish,M,ססיל,12
Jewish,M,סת',12
Jewish,M,עמדי,12
Jewish,M,פאביו,12
Jewish,M,פקדה,12
Jewish,M,פרידי,12
Jewish,M,פרידריק,12
Jewish,M,פשה,12
Jewish,M,צ'אלה,12
Jewish,M,צ'לאצ'או,12
Jewish,M,צארלס,12
Jewish,M,צדף,12
Jewish,M,צפי,12
Jewish,M,קאסאהון,12
Jewish,M,קבין,12
Jewish,M,קוליה,12
Jewish,M,קורש,12
Jewish,M,קליף,12
Jewish,M,קמראן,12
Jewish,M,קניאל,12
Jewish,M,קסאי,12
Jewish,M,רביל,12
Jewish,M,רבשי,12
Jewish,M,רחמון,12
Jewish,M,רטמיר,12
Jewish,M,ריבל,12
Jewish,M,רייל,12
Jewish,M,רסטיסלב,12
Jewish,M,רשל,12
Jewish,M,רשמי,12
Jewish,M,שארלי,12
Jewish,M,שוניה,12
Jewish,M,שיקה,12
Jewish,M,שלמה-חיים,12
Jewish,M,שלמו,12
Jewish,M,שמואל-שי,12
Jewish,M,שנדה,12
Jewish,M,שנון,12
Jewish,M,שרלו,12
Jewish,M,תאם,12
Jewish,M,תלחום,12
Jewish,M,תלמן,12
Jewish,M,אבוהיי,11
Jewish,M,אביאלי,11
Jewish,M,אביב-אברהם,11
Jewish,M,אביים,11
Jewish,M,אביש,11
Jewish,M,אבנט,11
Jewish,M,אברהם-יצחק,11
Jewish,M,אגנניו,11
Jewish,M,אהוב,11
Jewish,M,אודה,11
Jewish,M,אוזי,11
Jewish,M,אוטו,11
Jewish,M,אוליביי,11
Jewish,M,אומברטו,11
Jewish,M,אור-ישראל,11
Jewish,M,אורי-דוד,11
Jewish,M,איבון,11
Jewish,M,איבטור,11
Jewish,M,איזדור,11
Jewish,M,איזל,11
Jewish,M,איסידורו,11
Jewish,M,אירם,11
Jewish,M,אלבאצ'או,11
Jewish,M,אלביס,11
Jewish,M,אליהו-חי,11
Jewish,M,אלינור,11
Jewish,M,אליצפן,11
Jewish,M,אלצפן,11
Jewish,M,אמנועל,11
Jewish,M,אמריה,11
Jewish,M,אנדואלם,11
Jewish,M,אנשיל,11
Jewish,M,אסמארה,11
Jewish,M,אפרי,11
Jewish,M,ארסטו,11
Jewish,M,ארץ,11
Jewish,M,אשאגריה,11
Jewish,M,אשתה,11
Jewish,M,אתר,11
Jewish,M,באייה,11
Jewish,M,בומה,11
Jewish,M,בזה,11
Jewish,M,ביוך,11
Jewish,M,ביירון,11
Jewish,M,בינים,11
Jewish,M,בירהאן,11
Jewish,M,בירוק,11
Jewish,M,בן-חור,11
Jewish,M,בן-חיים,11
Jewish,M,בנאור,11
Jewish,M,בנחמין,11
Jewish,M,בער,11
Jewish,M,ברד,11
Jewish,M,ברטרנד,11
Jewish,M,ברכיהו,11
Jewish,M,ג'גנאו,11
Jewish,M,ג'רולד,11
Jewish,M,גאורגיי,11
Jewish,M,גיגי,11
Jewish,M,גילעם,11
Jewish,M,גמלט,11
Jewish,M,גריי,11
Jewish,M,דאור,11
Jewish,M,דאן,11
Jewish,M,דאניאל,11
Jewish,M,דימיטר,11
Jewish,M,דירס,11
Jewish,M,דנקאו,11
Jewish,M,הובר,11
Jewish,M,היימן,11
Jewish,M,היימנוט,11
Jewish,M,הלליה,11
Jewish,M,הערשל,11
Jewish,M,הרב,11
Jewish,M,הרדי,11
Jewish,M,ווארן,11
Jewish,M,וולדיסלב,11
Jewish,M,וונדם,11
Jewish,M,ויטור,11
Jewish,M,ולריאן,11
Jewish,M,ולריק,11
Jewish,M,ז'וזף,11
Jewish,M,זאורי,11
Jewish,M,זוסיה,11
Jewish,M,זחר,11
Jewish,M,זישה,11
Jewish,M,חור,11
Jewish,M,חיא,11
Jewish,M,חיזקיה,11
Jewish,M,חיל,11
Jewish,M,חכם,11
Jewish,M,חליפה,11
Jewish,M,חמדת,11
Jewish,M,חמיד,11
Jewish,M,טאריקו,11
Jewish,M,טבי,11
Jewish,M,טודור,11
Jewish,M,טוואצ'או,11
Jewish,M,טיזאזו,11
Jewish,M,טימי,11
Jewish,M,טינו,11
Jewish,M,טמש,11
Jewish,M,טפטו,11
Jewish,M,טקטאי,11
Jewish,M,יאנקל,11
Jewish,M,יארין,11
Jewish,M,יאשיה,11
Jewish,M,יבדו,11
Jewish,M,יהונה,11
Jewish,M,יהנאו,11
Jewish,M,יואבי,11
Jewish,M,יואח,11
Jewish,M,יוקי,11
Jewish,M,יזק,11
Jewish,M,יחיעד,11
Jewish,M,יליה,11
Jewish,M,יסאי,11
Jewish,M,יעקובי,11
Jewish,M,יצחק-חיים,11
Jewish,M,יקוטיאל,11
Jewish,M,ירזי,11
Jewish,M,ישיב,11
Jewish,M,לאקאו,11
Jewish,M,לוסיו,11
Jewish,M,לי-חי,11
Jewish,M,ליוואי,11
Jewish,M,ליי,11
Jewish,M,לילו,11
Jewish,M,ליסנדרו,11
Jewish,M,מולאלין,11
Jewish,M,מוליה,11
Jewish,M,מולת,11
Jewish,M,מושון,11
Jewish,M,מטיס,11
Jewish,M,מיגאל,11
Jewish,M,מיטל,11
Jewish,M,מיכאלו,11
Jewish,M,מינור,11
Jewish,M,מיקה,11
Jewish,M,מלחזי,11
Jewish,M,מליסאו,11
Jewish,M,מנגאו,11
Jewish,M,מנוצ'ר,11
Jewish,M,מסאפינט,11
Jewish,M,מענדי,11
Jewish,M,מקסימו,11
Jewish,M,מקר,11
Jewish,M,מרחב,11
Jewish,M,מרים,11
Jewish,M,מרנין,11
Jewish,M,מרקי,11
Jewish,M,משה-חיים,11
Jewish,M,מתיס,11
Jewish,M,מתת,11
Jewish,M,נאיל,11
Jewish,M,נביל,11
Jewish,M,נגוסיה,11
Jewish,M,נדביה,11
Jewish,M,נהיר,11
Jewish,M,נהרי,11
Jewish,M,נטי,11
Jewish,M,נטעיה,11
Jewish,M,ניגוס,11
Jewish,M,נני,11
Jewish,M,נערן,11
Jewish,M,נצחון,11
Jewish,M,נשגב,11
Jewish,M,סאבי,11
Jewish,M,סלבי,11
Jewish,M,סמבל,11
Jewish,M,סמני,11
Jewish,M,סמצ'או,11
Jewish,M,עימדי,11
Jewish,M,עמי-חי,11
Jewish,M,עמישי,11
Jewish,M,פג'מן,11
Jewish,M,פולג,11
Jewish,M,פיאם,11
Jewish,M,פסהה,11
Jewish,M,פסחה,11
Jewish,M,פקר,11
Jewish,M,פרהאד,11
Jewish,M,פרוך,11
Jewish,M,פרס,11
Jewish,M,צ'קלו,11
Jewish,M,צגה,11
Jewish,M,קאיו,11
Jewish,M,קונרד,11
Jewish,M,קוראל,11
Jewish,M,קלאוס,11
Jewish,M,קנדו,11
Jewish,M,קסאומר,11
Jewish,M,קראל,11
Jewish,M,רבשן,11
Jewish,M,רג'יס,11
Jewish,M,רוגל,11
Jewish,M,רודיק,11
Jewish,M,רולף,11
Jewish,M,רומם,11
Jewish,M,רונל,11
Jewish,M,רופת,11
Jewish,M,רחל,11
Jewish,M,ריאו,11
Jewish,M,רין,11
Jewish,M,רינת,11
Jewish,M,ריקארדו,11
Jewish,M,רישארד,11
Jewish,M,רמי-רחמים,11
Jewish,M,רנאט,11
Jewish,M,שביב,11
Jewish,M,שהב,11
Jewish,M,שוע,11
Jewish,M,שי-משה,11
Jewish,M,שיילו,11
Jewish,M,תומה,11
Jewish,M,תירוש,11
Jewish,M,תקלה,11
Jewish,M,תר,11
Jewish,M,תשגר,11
Jewish,M,אאורל,10
Jewish,M,אבאינך,10
Jewish,M,אביינך,10
Jewish,M,אבני,10
Jewish,M,אברהם-חי,10
Jewish,M,אבררו,10
Jewish,M,אגמון,10
Jewish,M,אדונה,10
Jewish,M,אדיאל,10
Jewish,M,אדראג'או,10
Jewish,M,אהרון-רון,10
Jewish,M,אוגו,10
Jewish,M,אוגניוש,10
Jewish,M,אוזיאס,10
Jewish,M,אוסיפ,10
Jewish,M,אור-יצחק,10
Jewish,M,אור-מאיר,10
Jewish,M,אור-ציון,10
Jewish,M,אוריעד,10
Jewish,M,אחירם,10
Jewish,M,איגנץ,10
Jewish,M,איגנציו,10
Jewish,M,איזה,10
Jewish,M,אייברי,10
Jewish,M,אייו,10
Jewish,M,אייל-אליהו,10
Jewish,M,איילור,10
Jewish,M,אייק,10
Jewish,M,אינייאו,10
Jewish,M,איסיאס,10
Jewish,M,איצק,10
Jewish,M,איתאל,10
Jewish,M,אל-רועי,10
Jewish,M,אלג,10
Jewish,M,אלירן-אליהו,10
Jewish,M,אלנדב,10
Jewish,M,אלסיו,10
Jewish,M,אלעד-יעקב,10
Jewish,M,אלפ,10
Jewish,M,אלרי,10
Jewish,M,אלשנדרה,10
Jewish,M,אמה,10
Jewish,M,אמלקה,10
Jewish,M,אמרם,10
Jewish,M,אנייאו,10
Jewish,M,אניל,10
Jewish,M,אניסים,10
Jewish,M,אסנאקאו,10
Jewish,M,אסנקה,10
Jewish,M,אסרט,10
Jewish,M,אקמן,10
Jewish,M,אקקי,10
Jewish,M,ארווה,10
Jewish,M,ארזו,10
Jewish,M,אריאל-דוד,10
Jewish,M,אריעד,10
Jewish,M,בבני,10
Jewish,M,ביזן,10
Jewish,M,בינו,10
Jewish,M,בלו,10
Jewish,M,בנים,10
Jewish,M,בנימין-בן,10
Jewish,M,בנלי,10
Jewish,M,בר-חיים,10
Jewish,M,ברנד,10
Jewish,M,בתואל,10
Jewish,M,ג'ואקים,10
Jewish,M,ג'וסטין,10
Jewish,M,גאווין,10
Jewish,M,גאריק,10
Jewish,M,גדיף,10
Jewish,M,גואדו,10
Jewish,M,גודאדאו,10
Jewish,M,גוסה,10
Jewish,M,גורג'י,10
Jewish,M,גושו,10
Jewish,M,גזצ'או,10
Jewish,M,גיזאו,10
Jewish,M,גיזאט,10
Jewish,M,גמשיד,10
Jewish,M,גרט,10
Jewish,M,גרצן,10
Jewish,M,דגלס,10
Jewish,M,דוד-מאיר,10
Jewish,M,דוד-משה,10
Jewish,M,דור-דוד,10
Jewish,M,דטו,10
Jewish,M,דנדן,10
Jewish,M,דניאל-חיים,10
Jewish,M,הבטיה,10
Jewish,M,הבל,10
Jewish,M,הומן,10
Jewish,M,היינריך,10
Jewish,M,הינון,10
Jewish,M,הל,10
Jewish,M,הערש,10
Jewish,M,הרשקו,10
Jewish,M,וואסה,10
Jewish,M,וודג',10
Jewish,M,וויטלי,10
Jewish,M,וונדימו,10
Jewish,M,ויסריון,10
Jewish,M,ולדיסלאב,10
Jewish,M,ונימין,10
Jewish,M,ז'ילברט,10
Jewish,M,זואל,10
Jewish,M,זיגמונט,10
Jewish,M,זיוי,10
Jewish,M,זיון,10
Jewish,M,חגיא,10
Jewish,M,חוויאר,10
Jewish,M,חיים-חי,10
Jewish,M,חיים-יצחק,10
Jewish,M,חירם,10
Jewish,M,חן-חיים,10
Jewish,M,חנוק,10
Jewish,M,חשמונאי,10
Jewish,M,טאיר,10
Jewish,M,טגה,10
Jewish,M,טיזזו,10
Jewish,M,טיירון,10
Jewish,M,טימופי,10
Jewish,M,טספאיה,10
Jewish,M,טספייה,10
Jewish,M,טפטה,10
Jewish,M,יארד,10
Jewish,M,יארי,10
Jewish,M,ידעאל,10
Jewish,M,יהאל,10
Jewish,M,יהוד,10
Jewish,M,יהודה-אודי,10
Jewish,M,יהויקים,10
Jewish,M,יודי,10
Jewish,M,יוחנס,10
Jewish,M,יוטב,10
Jewish,M,יוראל,10
Jewish,M,יושי,10
Jewish,M,יטאיאו,10
Jewish,M,יימר,10
Jewish,M,יעקבי,10
Jewish,M,יעקו,10
Jewish,M,יפרם,10
Jewish,M,יקויה,10
Jewish,M,ירנין,10
Jewish,M,ישראל-חי,10
Jewish,M,לאקו,10
Jewish,M,לודוויג,10
Jewish,M,לויאל,10
Jewish,M,לוניה,10
Jewish,M,לופו,10
Jewish,M,לייאם,10
Jewish,M,לייביש,10
Jewish,M,ליל,10
Jewish,M,לינור,10
Jewish,M,לנרד,10
Jewish,M,לקצ'או,10
Jewish,M,מאור-מאיר,10
Jewish,M,מאט,10
Jewish,M,מאיר-ישראל,10
Jewish,M,מאקס,10
Jewish,M,מדן,10
Jewish,M,מוישה,10
Jewish,M,מוריציו,10
Jewish,M,מחמד,10
Jewish,M,מיגיר,10
Jewish,M,מיו,10
Jewish,M,מיילי,10
Jewish,M,מיימון,10
Jewish,M,מירם,10
Jewish,M,מלבין,10
Jewish,M,מלס,10
Jewish,M,מנחים,10
Jewish,M,מניסן,10
Jewish,M,מראב,10
Jewish,M,מריאו,10
Jewish,M,מרצ'ל,10
Jewish,M,מרת,10
Jewish,M,מתקו,10
Jewish,M,נאג'י,10
Jewish,M,נברטו,10
Jewish,M,נג'י,10
Jewish,M,נחי,10
Jewish,M,נטעאל,10
Jewish,M,ניגל,10
Jewish,M,נילאי,10
Jewish,M,נימי,10
Jewish,M,ניני,10
Jewish,M,נירון,10
Jewish,M,נצאנט,10
Jewish,M,נראל,10
Jewish,M,נתנאלי,10
Jewish,M,נתניהו,10
Jewish,M,סאמואל,10
Jewish,M,סברי,10
Jewish,M,סולומן,10
Jewish,M,סולמון,10
Jewish,M,סוסון,10
Jewish,M,סוראפל,10
Jewish,M,סטימיו,10
Jewish,M,סטרול,10
Jewish,M,סילבין,10
Jewish,M,סימי,10
Jewish,M,סלוין,10
Jewish,M,סליאל,10
Jewish,M,סמאן,10
Jewish,M,סמויל,10
Jewish,M,סמיך,10
Jewish,M,ספינאו,10
Jewish,M,עאדל,10
Jewish,M,עזריהו,10
Jewish,M,עליון,10
Jewish,M,עמיעז,10
Jewish,M,פיקו,10
Jewish,M,פרדזי,10
Jewish,M,פרזי,10
Jewish,M,פרנקי,10
Jewish,M,צ'ארלי,10
Jewish,M,צ'רו,10
Jewish,M,צאלון,10
Jewish,M,צגאיה,10
Jewish,M,צהייה,10
Jewish,M,צהר,10
Jewish,M,ציקי,10
Jewish,M,צפיר,10
Jewish,M,קודי,10
Jewish,M,קונור,10
Jewish,M,קטלין,10
Jewish,M,קלב,10
Jewish,M,קליב,10
Jewish,M,קלמי,10
Jewish,M,קנו,10
Jewish,M,קרניאל,10
Jewish,M,ראני,10
Jewish,M,רב,10
Jewish,M,רולנדי,10
Jewish,M,רוקו,10
Jewish,M,רטה,10
Jewish,M,רינו,10
Jewish,M,שאיין,10
Jewish,M,שגי,10
Jewish,M,שהר,10
Jewish,M,שהרוק,10
Jewish,M,שובה,10
Jewish,M,שומין,10
Jewish,M,שטפן,10
Jewish,M,שייע,10
Jewish,M,שיע,10
Jewish,M,שירו,10
Jewish,M,שירון,10
Jewish,M,שלמון,10
Jewish,M,שמחי,10
Jewish,M,שרה,10
Jewish,M,שרולי,10
Jewish,M,שרוליק,10
Jewish,M,תמורז,10
Jewish,M,תני,10
Jewish,M,תספאי,10
Jewish,M,תשומה,10
Jewish,M,אבאו,9
Jewish,M,אבאיינך,9
Jewish,M,אבוהי,9
Jewish,M,אבי-אל,9
Jewish,M,אביגיא,9
Jewish,M,אבין,9
Jewish,M,אבר,9
Jewish,M,אברהם-יעקב,9
Jewish,M,אבשי,9
Jewish,M,אגנהו,9
Jewish,M,אדמונדו,9
Jewish,M,אדריאנו,9
Jewish,M,אהרן-רוני,9
Jewish,M,אואן,9
Jewish,M,אוגוסט,9
Jewish,M,אוגוסטו,9
Jewish,M,אויגן,9
Jewish,M,אור-משה,9
Jewish,M,אורי-יעקב,9
Jewish,M,אורנתן,9
Jewish,M,אורציון,9
Jewish,M,אזד,9
Jewish,M,אחאי,9
Jewish,M,אחז,9
Jewish,M,אידי,9
Jewish,M,איזיאסלב,9
Jewish,M,אייטנאו,9
Jewish,M,איימרו,9
Jewish,M,אילובו,9
Jewish,M,איליהו,9
Jewish,M,אימן,9
Jewish,M,אינו,9
Jewish,M,אינוקנטי,9
Jewish,M,אל-ארי,9
Jewish,M,אלהי,9
Jewish,M,אלהיי,9
Jewish,M,אלייסף,9
Jewish,M,אליקיר,9
Jewish,M,אלמור,9
Jewish,M,אמדאו,9
Jewish,M,אמיאל,9
Jewish,M,אמיר-מאיר,9
Jewish,M,אמרן,9
Jewish,M,אנדור,9
Jewish,M,אנדיהנאו,9
Jewish,M,אנזורי,9
Jewish,M,אסנקו,9
Jewish,M,אראגאו,9
Jewish,M,ארמייס,9
Jewish,M,אשגרי,9
Jewish,M,באיה,9
Jewish,M,באיו,9
Jewish,M,בבאי,9
Jewish,M,בבה,9
Jewish,M,בהנאם,9
Jewish,M,בו,9
Jewish,M,בוגלה,9
Jewish,M,ביג'אן,9
Jewish,M,ביזאן,9
Jewish,M,ביילין,9
Jewish,M,בכטיאר,9
Jewish,M,בן-יוסף,9
Jewish,M,בן-ראובן,9
Jewish,M,בנג'י,9
Jewish,M,בנדטו,9
Jewish,M,בניים,9
Jewish,M,בנימינו,9
Jewish,M,בנסון,9
Jewish,M,בראון,9
Jewish,M,ברה,9
Jewish,M,בריש,9
Jewish,M,ג'אורג',9
Jewish,M,ג'וליאנו,9
Jewish,M,ג'מיל,9
Jewish,M,ג'ני,9
Jewish,M,ג'ראלד,9
Jewish,M,ג'שוע,9
Jewish,M,גוי,9
Jewish,M,גזאט,9
Jewish,M,גיזאצ'ו,9
Jewish,M,גיימי,9
Jewish,M,גילאל,9
Jewish,M,גילה,9
Jewish,M,גילו,9
Jewish,M,גיפרי,9
Jewish,M,גנרי,9
Jewish,M,גריגור,9
Jewish,M,גריגוריי,9
Jewish,M,דארין,9
Jewish,M,דגסו,9
Jewish,M,דווי,9
Jewish,M,דז'ורה,9
Jewish,M,דידו,9
Jewish,M,דינאי,9
Jewish,M,דניאל-דוד,9
Jewish,M,דנקו,9
Jewish,M,דסטין,9
Jewish,M,דרון,9
Jewish,M,דריאל,9
Jewish,M,האבטה,9
Jewish,M,היימנות,9
Jewish,M,הלן,9
Jewish,M,הנוך,9
Jewish,M,הנריקו,9
Jewish,M,הר,9
Jewish,M,הריאל,9
Jewish,M,ואז'ה,9
Jewish,M,ודאט,9
Jewish,M,וובנך,9
Jewish,M,ווניו,9
Jewish,M,ווסיה,9
Jewish,M,ויטולד,9
Jewish,M,וילים,9
Jewish,M,ויציסלב,9
Jewish,M,ויקטור-חיים,9
Jewish,M,ולדימור,9
Jewish,M,ולדיק,9
Jewish,M,ורטן,9
Jewish,M,ז'ואן,9
Jewish,M,ז'ולט,9
Jewish,M,ז'רר,9
Jewish,M,זאכי,9
Jewish,M,זואי,9
Jewish,M,זוסמן,9
Jewish,M,זקוי,9
Jewish,M,חורגה,9
Jewish,M,חי-חיים,9
Jewish,M,חרמיאס,9
Jewish,M,טוביהו,9
Jewish,M,טופיג,9
Jewish,M,טימורז,9
Jewish,M,טלאהון,9
Jewish,M,טנגיס,9
Jewish,M,טשאלה,9
Jewish,M,יאושיהו,9
Jewish,M,יאל,9
Jewish,M,ידאל,9
Jewish,M,יהונתן-דוד,9
Jewish,M,יוגין,9
Jewish,M,יודל,9
Jewish,M,יוסופ,9
Jewish,M,יוסף-דוד,9
Jewish,M,יועזר,9
Jewish,M,יורב,9
Jewish,M,ילקאל,9
Jewish,M,יניב-משה,9
Jewish,M,יפה,9
Jewish,M,יצחק-מאיר,9
Jewish,M,ישוע,9
Jewish,M,ישע,9
Jewish,M,יתברק,9
Jewish,M,כאלב,9
Jewish,M,כליף,9
Jewish,M,לאונאל,9
Jewish,M,לאונה,9
Jewish,M,לאקאצ'ו,9
Jewish,M,לבנה,9
Jewish,M,לובה,9
Jewish,M,לודביק,9
Jewish,M,לוסין,9
Jewish,M,לורנץ,9
Jewish,M,לורנצו,9
Jewish,M,לי-אם,9
Jewish,M,ליאד,9
Jewish,M,ליאנדרו,9
Jewish,M,לייף,9
Jewish,M,לילי,9
Jewish,M,לימאי,9
Jewish,M,לינו,9
Jewish,M,ליעז,9
Jewish,M,מאיו,9
Jewish,M,מהרטה,9
Jewish,M,מואב,9
Jewish,M,מולגטה,9
Jewish,M,מולוסאו,9
Jewish,M,מונדי,9
Jewish,M,מוסטפא,9
Jewish,M,מייקה,9
Jewish,M,מילי,9
Jewish,M,מיציסלב,9
Jewish,M,מלאך,9
Jewish,M,מלקום,9
Jewish,M,ממאי,9
Jewish,M,מנטסנוט,9
Jewish,M,מניליק,9
Jewish,M,מניני,9
Jewish,M,מסי,9
Jewish,M,מענדיל,9
Jewish,M,מקסמיליאן,9
Jewish,M,מרחביה,9
Jewish,M,משה-מוריס,9
Jewish,M,מתאוס,9
Jewish,M,מתיקו,9
Jewish,M,מתיתיה,9
Jewish,M,מתן-דוד,9
Jewish,M,נב,9
Jewish,M,נבט,9
Jewish,M,נוקד,9
Jewish,M,ניסי,9
Jewish,M,ניסיי,9
Jewish,M,נמיג,9
Jewish,M,ננו,9
Jewish,M,נרדי,9
Jewish,M,סבין,9
Jewish,M,סולטן,9
Jewish,M,סולימאן,9
Jewish,M,סורפל,9
Jewish,M,סחף,9
Jewish,M,סטותאו,9
Jewish,M,סטיון,9
Jewish,M,סטפנו,9
Jewish,M,סיילום,9
Jewish,M,סילבר,9
Jewish,M,סימאצ'ו,9
Jewish,M,סימונה,9
Jewish,M,סימצ'או,9
Jewish,M,סמנאו,9
Jewish,M,סנטו,9
Jewish,M,סרדר,9
Jewish,M,סרז,9
Jewish,M,עבר,9
Jewish,M,עדל,9
Jewish,M,עדני,9
Jewish,M,עירם,9
Jewish,M,עמית-דוד,9
Jewish,M,עמל,9
Jewish,M,עתיד,9
Jewish,M,פאיג,9
Jewish,M,פאשה,9
Jewish,M,פביין,9
Jewish,M,פולי,9
Jewish,M,פימן,9
Jewish,M,פיניה,9
Jewish,M,פירוז,9
Jewish,M,פני,9
Jewish,M,פנתהון,9
Jewish,M,פראמרז,9
Jewish,M,פרדג'י,9
Jewish,M,פרוים,9
Jewish,M,פרזאד,9
Jewish,M,פרח,9
Jewish,M,פרנציסק,9
Jewish,M,צגאו,9
Jewish,M,צדי,9
Jewish,M,צהיינך,9
Jewish,M,ציוני,9
Jewish,M,קברת,9
Jewish,M,קיילב,9
Jewish,M,קיים,9
Jewish,M,קיין,9
Jewish,M,קייסי,9
Jewish,M,קיליאן,9
Jewish,M,קירובל,9
Jewish,M,קמוס,9
Jewish,M,קנדי,9
Jewish,M,קנן,9
Jewish,M,קסאהון,9
Jewish,M,קריס,9
Jewish,M,ראמי,9
Jewish,M,רוול,9
Jewish,M,רועי-יעקב,9
Jewish,M,רועי-יצחק,9
Jewish,M,רוקי,9
Jewish,M,ריס,9
Jewish,M,רם-רחמים,9
Jewish,M,רפאל-חי,9
Jewish,M,רפאל-רפי,9
Jewish,M,רשבי,9
Jewish,M,שאול-שי,9
Jewish,M,שוחרט,9
Jewish,M,שטה,9
Jewish,M,שי-יהושע,9
Jewish,M,שי-ישראל,9
Jewish,M,שיבבאו,9
Jewish,M,שלים,9
Jewish,M,שמאור,9
Jewish,M,שמבל,9
Jewish,M,שנאל,9
Jewish,M,תאיו,9
Jewish,M,תדלה,9
Jewish,M,תידהר,9
Jewish,M,תינוק,9
Jewish,M,תמור,9
Jewish,M,אבי-רם,8
Jewish,M,אבידב,8
Jewish,M,אביעד-אברהם,8
Jewish,M,אביעז,8
Jewish,M,אבישב,8
Jewish,M,אבנרי,8
Jewish,M,אברהם-מרדכי,8
Jewish,M,אבשה,8
Jewish,M,אגנייהו,8
Jewish,M,אגרנך,8
Jewish,M,אדבין,8
Jewish,M,אדום,8
Jewish,M,אדרגאו,8
Jewish,M,אובידיו,8
Jewish,M,אולק,8
Jewish,M,אונרי,8
Jewish,M,אופר,8
Jewish,M,אורגיל,8
Jewish,M,אורן-אברהם,8
Jewish,M,אורן-אהרון,8
Jewish,M,אזזאו,8
Jewish,M,אזי,8
Jewish,M,אחייה,8
Jewish,M,אחיעז,8
Jewish,M,איברי,8
Jewish,M,איוש,8
Jewish,M,איילן,8
Jewish,M,איינוו,8
Jewish,M,אילדר,8
Jewish,M,אינדאלאו,8
Jewish,M,איסקנדר,8
Jewish,M,אירג,8
Jewish,M,איריק,8
Jewish,M,איתי-חיים,8
Jewish,M,אלאצ'או,8
Jewish,M,אלי-אור,8
Jewish,M,אליהו-אלי,8
Jewish,M,אליים,8
Jewish,M,אליישיב,8
Jewish,M,אלינדב,8
Jewish,M,אלצ'או,8
Jewish,M,אלקסנדרו,8
Jewish,M,אלריי,8
Jewish,M,אמיחי,8
Jewish,M,אמירי,8
Jewish,M,אמראל,8
Jewish,M,אנדזי,8
Jewish,M,אנטוליי,8
Jewish,M,אנמאו,8
Jewish,M,אנמוט,8
Jewish,M,אסאיל,8
Jewish,M,אסנאקו,8
Jewish,M,אסף-חיים,8
Jewish,M,אסצ'ילו,8
Jewish,M,אצ'נף,8
Jewish,M,ארדון,8
Jewish,M,ארדשיר,8
Jewish,M,ארזי,8
Jewish,M,ארטבו,8
Jewish,M,ארטום,8
Jewish,M,ארי-דוד,8
Jewish,M,אריה-יהודה,8
Jewish,M,אתן,8
Jewish,M,באבק,8
Jewish,M,בגין,8
Jewish,M,בוקי,8
Jewish,M,ביז'ן,8
Jewish,M,בלפור,8
Jewish,M,בן-שלום,8
Jewish,M,בנואה,8
Jewish,M,בניטו,8
Jewish,M,בנעד,8
Jewish,M,בסיקי,8
Jewish,M,בערי,8
Jewish,M,בר-יוסף,8
Jewish,M,ברהם,8
Jewish,M,ברון,8
Jewish,M,ברזילי,8
Jewish,M,ברית,8
Jewish,M,ברכני,8
Jewish,M,ברלב,8
Jewish,M,ברם,8
Jewish,M,ברנע,8
Jewish,M,ג'ודי,8
Jewish,M,ג'וליוס,8
Jewish,M,ג'ורג'ו,8
Jewish,M,ג'ייס,8
Jewish,M,ג'לברט,8
Jewish,M,ג'ראד,8
Jewish,M,ג'רוד,8
Jewish,M,גארט,8
Jewish,M,גואי,8
Jewish,M,גואן,8
Jewish,M,גודי,8
Jewish,M,גוון,8
Jewish,M,גוידו,8
Jewish,M,גוסטין,8
Jewish,M,גוסף,8
Jewish,M,גזאו,8
Jewish,M,גטסאו,8
Jewish,M,גינו,8
Jewish,M,גירום,8
Jewish,M,גנאל,8
Jewish,M,גסון,8
Jewish,M,גרהרד,8
Jewish,M,דוידה,8
Jewish,M,דיב,8
Jewish,M,דיבון,8
Jewish,M,דיון,8
Jewish,M,דניאל-יוסף,8
Jewish,M,דסאלי,8
Jewish,M,דסאליי,8
Jewish,M,דריוס,8
Jewish,M,דריק,8
Jewish,M,דרל,8
Jewish,M,דרפון,8
Jewish,M,האילו,8
Jewish,M,הוננאו,8
Jewish,M,הוריה,8
Jewish,M,הורציו,8
Jewish,M,המיד,8
Jewish,M,הניק,8
Jewish,M,הרלד,8
Jewish,M,הרלי,8
Jewish,M,וואניו,8
Jewish,M,וויקטור,8
Jewish,M,ווסן,8
Jewish,M,וחיד,8
Jewish,M,ויאציסלב,8
Jewish,M,ולדילן,8
Jewish,M,ורן,8
Jewish,M,ז'ואל,8
Jewish,M,ז'ול,8
Jewish,M,ז'ילבר,8
Jewish,M,זאזא,8
Jewish,M,זבלון,8
Jewish,M,זוזף,8
Jewish,M,זוראב,8
Jewish,M,זיידא,8
Jewish,M,זמן,8
Jewish,M,זפרי,8
Jewish,M,חביר,8
Jewish,M,חואתו,8
Jewish,M,חונא,8
Jewish,M,חונן,8
Jewish,M,חיים-מאיר,8
Jewish,M,טגאי,8
Jewish,M,טגט,8
Jewish,M,טובל,8
Jewish,M,טורי,8
Jewish,M,טיגראן,8
Jewish,M,טספאו,8
Jewish,M,טסרה,8
Jewish,M,טרם,8
Jewish,M,טרקיי,8
Jewish,M,יאבסרה,8
Jewish,M,יבדה,8
Jewish,M,יהאלם,8
Jewish,M,יהודה-אריה,8
Jewish,M,יהודית,8
Jewish,M,יובל-יוסף,8
Jewish,M,יובל-יעקב,8
Jewish,M,יודה,8
Jewish,M,יול,8
Jewish,M,יונאל,8
Jewish,M,יוניס,8
Jewish,M,יוסיאל,8
Jewish,M,יוסף-יוסי,8
Jewish,M,יורגה,8
Jewish,M,יז'י,8
Jewish,M,יחל,8
Jewish,M,יין,8
Jewish,M,ינון-אליה,8
Jewish,M,ינקי,8
Jewish,M,יענקיל,8
Jewish,M,יעקב-יניב,8
Jewish,M,יעקב-מאיר,8
Jewish,M,יצהל,8
Jewish,M,ירוני,8
Jewish,M,ירחמאל,8
Jewish,M,ירי,8
Jewish,M,ירן,8
Jewish,M,ישינך,8
Jewish,M,ישיעה,8
Jewish,M,ישראל-יעקב,8
Jewish,M,כדן,8
Jewish,M,כורוש,8
Jewish,M,כרים,8
Jewish,M,לאוטה,8
Jewish,M,לבאן,8
Jewish,M,לבה,8
Jewish,M,לביאל,8
Jewish,M,לג'אלם,8
Jewish,M,לואיק,8
Jewish,M,ליאונאל,8
Jewish,M,לינס,8
Jewish,M,למואל,8
Jewish,M,למי,8
Jewish,M,מאורציו,8
Jewish,M,מאיר-מאור,8
Jewish,M,מדי,8
Jewish,M,מהרדאד,8
Jewish,M,מון,8
Jewish,M,מוניר,8
Jewish,M,מורטזה,8
Jewish,M,מושיח,8
Jewish,M,מחמוד,8
Jewish,M,מי,8
Jewish,M,מינטסנוט,8
Jewish,M,מיר,8
Jewish,M,מירחי,8
Jewish,M,מירקו,8
Jewish,M,מירקוז,8
Jewish,M,מכיר,8
Jewish,M,מכס,8
Jewish,M,מלכז,8
Jewish,M,מלכזי,8
Jewish,M,מלכים,8
Jewish,M,ממרי,8
Jewish,M,מנגיסטה,8
Jewish,M,מנוצ'הר,8
Jewish,M,מנטסנות,8
Jewish,M,מנלה,8
Jewish,M,מסגנוו,8
Jewish,M,מסטיסלב,8
Jewish,M,מסקר,8
Jewish,M,מעיין-חיים,8
Jewish,M,מקוואננט,8
Jewish,M,מקי,8
Jewish,M,מרטו,8
Jewish,M,מרתין,8
Jewish,M,משה-דוד,8
Jewish,M,משה-שי,8
Jewish,M,משומר,8
Jewish,M,משל,8
Jewish,M,נאהב,8
Jewish,M,נאוה,8
Jewish,M,נאוריי,8
Jewish,M,נאיר,8
Jewish,M,נבוא,8
Jewish,M,נבי,8
Jewish,M,נולאן,8
Jewish,M,נוסון,8
Jewish,M,נועם-דוד,8
Jewish,M,נחמה,8
Jewish,M,ניברטו,8
Jewish,M,ניגוסו,8
Jewish,M,ניומה,8
Jewish,M,נייט,8
Jewish,M,ניסל,8
Jewish,M,ניר-דוד,8
Jewish,M,ניר-יוסף,8
Jewish,M,ננדור,8
Jewish,M,נצנט,8
Jewish,M,נקיטה,8
Jewish,M,נשר,8
Jewish,M,נתיק,8
Jewish,M,נתנאור,8
Jewish,M,סאווה,8
Jewish,M,סאליאל,8
Jewish,M,סבא,8
Jewish,M,סהלו,8
Jewish,M,סוהרב,8
Jewish,M,סופר,8
Jewish,M,סיד,8
Jewish,M,סיטאר,8
Jewish,M,סייפן,8
Jewish,M,סינה,8
Jewish,M,סינטאיהו,8
Jewish,M,סינטיהו,8
Jewish,M,סלב,8
Jewish,M,סלביו,8
Jewish,M,סמאיין,8
Jewish,M,סמון,8
Jewish,M,סנדור,8
Jewish,M,סרול,8
Jewish,M,סרחן,8
Jewish,M,סרפים,8
Jewish,M,עזיזי,8
Jewish,M,עזראל,8
Jewish,M,עידו-משה,8
Jewish,M,עידן-דוד,8
Jewish,M,עים,8
Jewish,M,עלמקאן,8
Jewish,M,עמנואיל,8
Jewish,M,ענג,8
Jewish,M,עפרון,8
Jewish,M,עקביה,8
Jewish,M,עשה,8
Jewish,M,פאטה,8
Jewish,M,פדרם,8
Jewish,M,פטרוס,8
Jewish,M,פילחז,8
Jewish,M,פיסח,8
Jewish,M,פרז',8
Jewish,M,פרידל,8
Jewish,M,פרשאד,8
Jewish,M,פרת,8
Jewish,M,צ'זרה,8
Jewish,M,צ'לאצ'ו,8
Jewish,M,צגאיי,8
Jewish,M,צהיי,8
Jewish,M,צחיאל,8
Jewish,M,קולן,8
Jewish,M,קוקו,8
Jewish,M,קורין,8
Jewish,M,קורנליו,8
Jewish,M,קיומרס,8
Jewish,M,קירן,8
Jewish,M,קלין,8
Jewish,M,קלמנטה,8
Jewish,M,קמואל,8
Jewish,M,קמיאר,8
Jewish,M,קמילו,8
Jewish,M,קסטה,8
Jewish,M,קפיאלאו,8
Jewish,M,קריסטוף,8
Jewish,M,ראימונד,8
Jewish,M,ראלי,8
Jewish,M,רואן,8
Jewish,M,רומאל,8
Jewish,M,רונלי,8
Jewish,M,רייף,8
Jewish,M,רינלדו,8
Jewish,M,רעות,8
Jewish,M,שהרוך,8
Jewish,M,שוקרולה,8
Jewish,M,שותה,8
Jewish,M,שיאן,8
Jewish,M,שים,8
Jewish,M,שין,8
Jewish,M,שיריי,8
Jewish,M,שכניה,8
Jewish,M,של,8
Jewish,M,שלב,8
Jewish,M,שלמה-זלמן,8
Jewish,M,שמואלי,8
Jewish,M,שנהר,8
Jewish,M,שפור,8
Jewish,M,שריף,8
Jewish,M,תגל,8
Jewish,M,תומר-אברהם,8
Jewish,M,תומר-דוד,8
Jewish,M,תומר-חיים,8
Jewish,M,תומש,8
Jewish,M,תופיק,8
Jewish,M,תירן,8
Jewish,M,תלתן,8
Jewish,M,תפארת,8
Jewish,M,אבבהו,7
Jewish,M,אבוו,7
Jewish,M,אביטא,7
Jewish,M,אבינו,7
Jewish,M,אביצח,7
Jewish,M,אבירם-אברהם,7
Jewish,M,אבצן,7
Jewish,M,אבראו,7
Jewish,M,אגינצ'ה,7
Jewish,M,אגנצ'ה,7
Jewish,M,אגרה,7
Jewish,M,אדהם,7
Jewish,M,אדל,7
Jewish,M,אדניה,7
Jewish,M,אדראו,7
Jewish,M,אובה,7
Jewish,M,אובל,7
Jewish,M,אולוגבק,7
Jewish,M,אוליביר,7
Jewish,M,אוסוולד,7
Jewish,M,אוסי,7
Jewish,M,אוסיף,7
Jewish,M,אופיר-אפרים,7
Jewish,M,אופיר-משה,7
Jewish,M,אור-החיים,7
Jewish,M,אוראלי,7
Jewish,M,אורי-אברהם,7
Jewish,M,אורי-חיים,7
Jewish,M,אורליאן,7
Jewish,M,אורלנדו,7
Jewish,M,אחאב,7
Jewish,M,אטאלאי,7
Jewish,M,אטאלאיי,7
Jewish,M,אטד,7
Jewish,M,איבי,7
Jewish,M,איגר,7
Jewish,M,איהו,7
Jewish,M,איואל,7
Jewish,M,איוו,7
Jewish,M,איוואן,7
Jewish,M,איזגיה,7
Jewish,M,איזולד,7
Jewish,M,אייטו,7
Jewish,M,אילני,7
Jewish,M,אימר,7
Jewish,M,אינדלו,7
Jewish,M,איסידור,7
Jewish,M,איסמאיל,7
Jewish,M,איסקי,7
Jewish,M,אירג',7
Jewish,M,אישטוון,7
Jewish,M,איתי-דוד,7
Jewish,M,איתן-משה,7
Jewish,M,אל-יה,7
Jewish,M,אלאב,7
Jewish,M,אלגר,7
Jewish,M,אלון-דוד,7
Jewish,M,אלון-יעקב,7
Jewish,M,אלוף,7
Jewish,M,אלור,7
Jewish,M,אלטון,7
Jewish,M,אלי-אליהו,7
Jewish,M,אלי-יה,7
Jewish,M,אלי-שי,7
Jewish,M,אליות,7
Jewish,M,אליטל,7
Jewish,M,אלייג'ה,7
Jewish,M,אלים,7
Jewish,M,אלינוי,7
Jewish,M,אלישה,7
Jewish,M,אלמאיהו,7
Jewish,M,אלמנה,7
Jewish,M,אלעד-אליהו,7
Jewish,M,אלעז,7
Jewish,M,אלף,7
Jewish,M,אמל,7
Jewish,M,אמלק,7
Jewish,M,אנאר,7
Jewish,M,אנדאלק,7
Jewish,M,אנדאלקאצ'או,7
Jewish,M,אנדרגצ'או,7
Jewish,M,אנדריס,7
Jewish,M,אסמראו,7
Jewish,M,אפוורק,7
Jewish,M,אפראים,7
Jewish,M,אקו,7
Jewish,M,ארי-אל,7
Jewish,M,אריי,7
Jewish,M,אריס,7
Jewish,M,ארלן,7
Jewish,M,אשור,7
Jewish,M,בבל,7
Jewish,M,בויאן,7
Jewish,M,בוריה,7
Jewish,M,בזזו,7
Jewish,M,בזיל,7
Jewish,M,בטיר,7
Jewish,M,ביאליק,7
Jewish,M,בייך,7
Jewish,M,בילו,7
Jewish,M,בימר,7
Jewish,M,בישי,7
Jewish,M,בן-חי,7
Jewish,M,בן-יהודה,7
Jewish,M,בן-ישראל,7
Jewish,M,בניגו,7
Jewish,M,בנסירו,7
Jewish,M,בראשית,7
Jewish,M,ג'ובני,7
Jewish,M,ג'ונסון,7
Jewish,M,ג'יאקומו,7
Jewish,M,ג'ייד,7
Jewish,M,ג'ילברטו,7
Jewish,M,גביה,7
Jewish,M,גבייה,7
Jewish,M,גדלי,7
Jewish,M,גוודו,7
Jewish,M,גויטום,7
Jewish,M,גוין,7
Jewish,M,גול,7
Jewish,M,גולה,7
Jewish,M,גולמה,7
Jewish,M,גופרי,7
Jewish,M,גושוע,7
Jewish,M,גזאצ'ו,7
Jewish,M,גטיה,7
Jewish,M,גיא-יעקב,7
Jewish,M,גיא-משה,7
Jewish,M,גיגה,7
Jewish,M,גיזאצ'או,7
Jewish,M,גייקוב,7
Jewish,M,גילברטו,7
Jewish,M,גילרמה,7
Jewish,M,גיסמה,7
Jewish,M,גירש,7
Jewish,M,גל-משה,7
Jewish,M,גלרון,7
Jewish,M,גמי,7
Jewish,M,גני,7
Jewish,M,גרד,7
Jewish,M,גרה,7
Jewish,M,גריב,7
Jewish,M,גריגוריו,7
Jewish,M,גשו,7
Jewish,M,דאני,7
Jewish,M,דאריל,7
Jewish,M,דגה,7
Jewish,M,דובן,7
Jewish,M,דוד-ישראל,7
Jewish,M,דומניק,7
Jewish,M,דוריה,7
Jewish,M,דוריין,7
Jewish,M,דזידר,7
Jewish,M,דיור,7
Jewish,M,דניאלה,7
Jewish,M,דסיא,7
Jewish,M,דסלאו,7
Jewish,M,דרג'או,7
Jewish,M,דריה,7
Jewish,M,האבטמו,7
Jewish,M,הארווי,7
Jewish,M,הדרי,7
Jewish,M,הוברד,7
Jewish,M,הומיון,7
Jewish,M,הורן,7
Jewish,M,הושמנד,7
Jewish,M,היכל,7
Jewish,M,הילור,7
Jewish,M,הליו,7
Jewish,M,העשי,7
Jewish,M,הריק,7
Jewish,M,הרץ,7
Jewish,M,ודיע,7
Jewish,M,ודת,7
Jewish,M,ווטטו,7
Jewish,M,ווילאם,7
Jewish,M,וולודיה,7
Jewish,M,וולנטין,7
Jewish,M,וונדאלה,7
Jewish,M,וונדיפראו,7
Jewish,M,וונדמגן,7
Jewish,M,וונדמנך,7
Jewish,M,ווסל,7
Jewish,M,וועלוועל,7
Jewish,M,ויטאל,7
Jewish,M,ולי,7
Jewish,M,ולנטינו,7
Jewish,M,וציסלב,7
Jewish,M,ז'ונס,7
Jewish,M,ז'ורה,7
Jewish,M,זביאד,7
Jewish,M,זגיה,7
Jewish,M,זגייה,7
Jewish,M,זול,7
Jewish,M,זון,7
Jewish,M,זורז,7
Jewish,M,זוריאן,7
Jewish,M,זושה,7
Jewish,M,זינאו,7
Jewish,M,זינדל,7
Jewish,M,זכריאס,7
Jewish,M,זלי,7
Jewish,M,זלמון,7
Jewish,M,זנון,7
Jewish,M,חואטי,7
Jewish,M,חותם,7
Jewish,M,חזון,7
Jewish,M,חי-אל,7
Jewish,M,חיים-צבי,7
Jewish,M,חינן,7
Jewish,M,טאמירו,7
Jewish,M,טאמרו,7
Jewish,M,טאפרה,7
Jewish,M,טבג'ה,7
Jewish,M,טדגה,7
Jewish,M,טוב-רואי,7
Jewish,M,טוביאל,7
Jewish,M,טוחיר,7
Jewish,M,טייה,7
Jewish,M,טל-יוסף,7
Jewish,M,טל-ישראל,7
Jewish,M,טמירלן,7
Jewish,M,טמרלן,7
Jewish,M,טצ'לו,7
Jewish,M,טקלו,7
Jewish,M,טרקן,7
Jewish,M,יאנגיל,7
Jewish,M,יאפים,7
Jewish,M,יבניאל,7
Jewish,M,ידו,7
Jewish,M,ידרסל,7
Jewish,M,יהאלי,7
Jewish,M,יהודה-לייב,7
Jewish,M,יהויריב,7
Jewish,M,יהוניי,7
Jewish,M,יהונס,7
Jewish,M,יהנו,7
Jewish,M,יואקים,7
Jewish,M,יוחן,7
Jewish,M,יוחניס,7
Jewish,M,יוליס,7
Jewish,M,יונוס,7
Jewish,M,יוניאל,7
Jewish,M,יוסקה,7
Jewish,M,יופיאל,7
Jewish,M,יורדאנוס,7
Jewish,M,יורדן,7
Jewish,M,יזרעאל,7
Jewish,M,יחיאלי,7
Jewish,M,יטב,7
Jewish,M,יירגה,7
Jewish,M,ינור,7
Jewish,M,יני,7
Jewish,M,יננך,7
Jewish,M,יסיף,7
Jewish,M,יעיר,7
Jewish,M,יצחקי,7
Jewish,M,ישאל,7
Jewish,M,ישיווס,7
Jewish,M,ישרואל,7
Jewish,M,יתר,7
Jewish,M,כדיר,7
Jewish,M,כותל,7
Jewish,M,כנר,7
Jewish,M,כסיף,7
Jewish,M,לאנס,7
Jewish,M,לברון,7
Jewish,M,להד,7
Jewish,M,לואיג'י,7
Jewish,M,לודביג,7
Jewish,M,לודוויק,7
Jewish,M,לורו,7
Jewish,M,לורנזו,7
Jewish,M,לי-יו,7
Jewish,M,ליאור-משה,7
Jewish,M,ליודביג,7
Jewish,M,ליווי,7
Jewish,M,ליטל,7
Jewish,M,ליש,7
Jewish,M,ליתן,7
Jewish,M,לן,7
Jewish,M,לריון,7
Jewish,M,מאודי,7
Jewish,M,מאור-חיים,7
Jewish,M,מאוריסי,7
Jewish,M,מאיה,7
Jewish,M,מאיר-חי,7
Jewish,M,מאני,7
Jewish,M,מאסימו,7
Jewish,M,מאריוס,7
Jewish,M,מגיד,7
Jewish,M,מדבר,7
Jewish,M,מהיר,7
Jewish,M,מוטיה,7
Jewish,M,מולויה,7
Jewish,M,מולוקו,7
Jewish,M,מוסי,7
Jewish,M,מוצ'ה,7
Jewish,M,מוקאט,7
Jewish,M,מורדוך,7
Jewish,M,מוריה,7
Jewish,M,מורמן,7
Jewish,M,מוש,7
Jewish,M,מושיאל,7
Jewish,M,מחמן,7
Jewish,M,מט,7
Jewish,M,מטה,7
Jewish,M,מטט,7
Jewish,M,מטעלם,7
Jewish,M,מיהרט,7
Jewish,M,מיטצ'ל,7
Jewish,M,מיטקו,7
Jewish,M,מיידן,7
Jewish,M,מיליך,7
Jewish,M,מילס,7
Jewish,M,מילר,7
Jewish,M,מיניסן,7
Jewish,M,מיקלה,7
Jewish,M,מיראן,7
Jewish,M,מירזה,7
Jewish,M,מישאיל,7
Jewish,M,מישואל,7
Jewish,M,מלאש,7
Jewish,M,מנברו,7
Jewish,M,מספנט,7
Jewish,M,מעון,7
Jewish,M,מרלי,7
Jewish,M,משה-יצחק,7
Jewish,M,משה-ישראל,7
Jewish,M,משה-מאיר,7
Jewish,M,מתיהו,7
Jewish,M,מתנה,7
Jewish,M,מתניהו,7
Jewish,M,נאיה,7
Jewish,M,נואי,7
Jewish,M,נובך,7
Jewish,M,נוגן,7
Jewish,M,נוע,7
Jewish,M,נוריל,7
Jewish,M,נחמי,7
Jewish,M,נחמיאל,7
Jewish,M,נחשול,7
Jewish,M,ניס,7
Jewish,M,ניקולאה,7
Jewish,M,ניקסון,7
Jewish,M,ניר-מאיר,7
Jewish,M,ניר-ניסים,7
Jewish,M,נירעם,7
Jewish,M,ניתי,7
Jewish,M,נמי,7
Jewish,M,נען,7
Jewish,M,נרימן,7
Jewish,M,נתניל,7
Jewish,M,סאלו,7
Jewish,M,סברין,7
Jewish,M,סטטאו,7
Jewish,M,סיטטאו,7
Jewish,M,סיילס,7
Jewish,M,סילויאן,7
Jewish,M,סילשי,7
Jewish,M,סימניו,7
Jewish,M,סינטייהו,7
Jewish,M,סלאח,7
Jewish,M,סלווה,7
Jewish,M,סמאו,7
Jewish,M,סמד,7
Jewish,M,סמיואל,7
Jewish,M,סמיין,7
Jewish,M,סנפיר,7
Jewish,M,סרבר,7
Jewish,M,סרגה,7
Jewish,M,עבדולה,7
Jewish,M,עודד-דוד,7
Jewish,M,עומיד,7
Jewish,M,עומר-יעקב,7
Jewish,M,עזיה,7
Jewish,M,עיבל,7
Jewish,M,עידו-דוד,7
Jewish,M,עידו-עובדיה,7
Jewish,M,עידן-משה,7
Jewish,M,עילום,7
Jewish,M,עמוס-עמי,7
Jewish,M,עמוסי,7
Jewish,M,עמידן,7
Jewish,M,ערן-משה,7
Jewish,M,פאולוס,7
Jewish,M,פאל,7
Jewish,M,פארל,7
Jewish,M,פורקט,7
Jewish,M,פז'מן,7
Jewish,M,פטגו,7
Jewish,M,פטריך,7
Jewish,M,פלתיאל,7
Jewish,M,פנטיה,7
Jewish,M,פרדז',7
Jewish,M,פרדיננד,7
Jewish,M,פרול,7
Jewish,M,פרז'י,7
Jewish,M,פרנס,7
Jewish,M,פרסי,7
Jewish,M,צ'אלאצ'ו,7
Jewish,M,צ'לוט,7
Jewish,M,צ'לצ'ו,7
Jewish,M,צבח,7
Jewish,M,צבי-אריה,7
Jewish,M,צביקי,7
Jewish,M,צוקי,7
Jewish,M,צלצאו,7
Jewish,M,צקולה,7
Jewish,M,קאיי,7
Jewish,M,קאל,7
Jewish,M,קארלוס,7
Jewish,M,קדיש,7
Jewish,M,קהלת,7
Jewish,M,קולמן,7
Jewish,M,קחה,7
Jewish,M,קיי,7
Jewish,M,קלינטון,7
Jewish,M,קנדה,7
Jewish,M,קסא,7
Jewish,M,קרביך,7
Jewish,M,קרבך,7
Jewish,M,קרולי,7
Jewish,M,קריסטופ,7
Jewish,M,קשישטוף,7
Jewish,M,רבינא,7
Jewish,M,רבקה,7
Jewish,M,רדז',7
Jewish,M,רוג'ריו,7
Jewish,M,רוז,7
Jewish,M,רון-דוד,7
Jewish,M,רוסתם,7
Jewish,M,רועי-שמואל,7
Jewish,M,רז-רזיאל,7
Jewish,M,רזבן,7
Jewish,M,רזו,7
Jewish,M,ריאד,7
Jewish,M,ריאם,7
Jewish,M,רינה,7
Jewish,M,ריצ'י,7
Jewish,M,רנאטו,7
Jewish,M,רנטיק,7
Jewish,M,רסטו,7
Jewish,M,רפאל-חיים,7
Jewish,M,רפיאל,7
Jewish,M,רצ'יק,7
Jewish,M,רקרדו,7
Jewish,M,רשד,7
Jewish,M,שאי,7
Jewish,M,שומל,7
Jewish,M,שי-שאול,7
Jewish,M,שיר-אל,7
Jewish,M,שלום-חי,7
Jewish,M,שלום-שלו,7
Jewish,M,שלמה-מאיר,7
Jewish,M,שלמה-שי,7
Jewish,M,שלמה-שלומי,7
Jewish,M,שמואל-חיים,7
Jewish,M,שפטיה,7
Jewish,M,תאודורו,7
Jewish,M,תמרט,7
Jewish,M,תספהון,7
Jewish,M,תשבי,7
Jewish,M,אבוט,6
Jewish,M,אבוש,6
Jewish,M,אבי-שי,6
Jewish,M,אבי-שלום,6
Jewish,M,אביאב,6
Jewish,M,אביאל-אברהם,6
Jewish,M,אביחיים,6
Jewish,M,אביטן,6
Jewish,M,אבינט,6
Jewish,M,אבלין,6
Jewish,M,אבנון,6
Jewish,M,אבניר,6
Jewish,M,אג'או,6
Jewish,M,אגזה,6
Jewish,M,אדין,6
Jewish,M,אדיסון,6
Jewish,M,אדיסעלם,6
Jewish,M,אדיראל,6
Jewish,M,אדירם,6
Jewish,M,אדלברט,6
Jewish,M,אדמאסו,6
Jewish,M,אדמה,6
Jewish,M,אדרג'ו,6
Jewish,M,אהוביאל,6
Jewish,M,אהרלה,6
Jewish,M,אוהביה,6
Jewish,M,אוואן,6
Jewish,M,אוליבייר,6
Jewish,M,אולין,6
Jewish,M,אוליסס,6
Jewish,M,אולס,6
Jewish,M,אומי,6
Jewish,M,אומץ,6
Jewish,M,אוסוולדו,6
Jewish,M,אופיר-חיים,6
Jewish,M,אוקטביאן,6
Jewish,M,אור-איתן,6
Jewish,M,אור-יעקב,6
Jewish,M,אור-שמואל,6
Jewish,M,אוראם,6
Jewish,M,אורו,6
Jewish,M,אורי-חי,6
Jewish,M,אורים,6
Jewish,M,אחיאם,6
Jewish,M,אטאנאו,6
Jewish,M,אטיבר,6
Jewish,M,אטיין,6
Jewish,M,איברגים,6
Jewish,M,אידר,6
Jewish,M,איזידורו,6
Jewish,M,איזקו,6
Jewish,M,אייאן,6
Jewish,M,אייאצ'או,6
Jewish,M,איילו,6
Jewish,M,אייפראם,6
Jewish,M,אייפרם,6
Jewish,M,אייקי,6
Jewish,M,אייששים,6
Jewish,M,אייששם,6
Jewish,M,אימניל,6
Jewish,M,איסובאלאו,6
Jewish,M,איסובלאו,6
Jewish,M,איסקיה,6
Jewish,M,איש,6
Jewish,M,איתי-שלמה,6
Jewish,M,איתמר-דוד,6
Jewish,M,אלאון,6
Jewish,M,אלאיה,6
Jewish,M,אלאיו,6
Jewish,M,אלון-חיים,6
Jewish,M,אלחיים,6
Jewish,M,אלי-חי,6
Jewish,M,אליאש,6
Jewish,M,אליה-יוסף,6
Jewish,M,אליהו-חיים,6
Jewish,M,אליזה,6
Jewish,M,אליזר,6
Jewish,M,אלייקים,6
Jewish,M,אלימור,6
Jewish,M,אלכסנדרוס,6
Jewish,M,אלמאו,6
Jewish,M,אלמגור,6
Jewish,M,אלמיו,6
Jewish,M,אלמייהו,6
Jewish,M,אלעדי,6
Jewish,M,אלרד,6
Jewish,M,אמבצ'ו,6
Jewish,M,אמיר-משה,6
Jewish,M,אמלאקיה,6
Jewish,M,אמנו,6
Jewish,M,אן,6
Jewish,M,אנדאלמאו,6
Jewish,M,אנדארגאצ'או,6
Jewish,M,אנדינאו,6
Jewish,M,אנדנט,6
Jewish,M,אנדריה,6
Jewish,M,אנוך,6
Jewish,M,אנימאו,6
Jewish,M,אנניה,6
Jewish,M,אסאיה,6
Jewish,M,אסייהן,6
Jewish,M,אסף-דוד,6
Jewish,M,אסרסי,6
Jewish,M,אצ'נאפי,6
Jewish,M,אצ'נפי,6
Jewish,M,ארדן,6
Jewish,M,ארט,6
Jewish,M,אריאל-חיים,6
Jewish,M,אריחי,6
Jewish,M,אשקן,6
Jewish,M,אשתו,6
Jewish,M,באבאק,6
Jewish,M,באביט,6
Jewish,M,באביץ',6
Jewish,M,בדילו,6
Jewish,M,בהראם,6
Jewish,M,בהרו,6
Jewish,M,בוריק,6
Jewish,M,בזזוו,6
Jewish,M,בחטיור,6
Jewish,M,ביטוודד,6
Jewish,M,בלאיהון,6
Jewish,M,בן-ימין,6
Jewish,M,בן-צבי,6
Jewish,M,בניאם,6
Jewish,M,בניימין,6
Jewish,M,בנימין-זאב,6
Jewish,M,בפקדו,6
Jewish,M,בצאלאל,6
Jewish,M,בקאלה,6
Jewish,M,בר-שמעון,6
Jewish,M,ברדפורד,6
Jewish,M,ברוכי,6
Jewish,M,ברטולד,6
Jewish,M,ברטרן,6
Jewish,M,ברך,6
Jewish,M,ברנקו,6
Jewish,M,ברקוט,6
Jewish,M,בררה,6
Jewish,M,ג'אד,6
Jewish,M,ג'ארוד,6
Jewish,M,ג'גאו,6
Jewish,M,ג'גנה,6
Jewish,M,ג'וניור,6
Jewish,M,ג'וסה,6
Jewish,M,ג'ורדי,6
Jewish,M,ג'ורה,6
Jewish,M,ג'פי,6
Jewish,M,ג'קובו,6
Jewish,M,גאנדי,6
Jewish,M,גבריאלי,6
Jewish,M,גדיל,6
Jewish,M,גובזו,6
Jewish,M,גוגו,6
Jewish,M,גוראם,6
Jewish,M,גורגן,6
Jewish,M,גטצאו,6
Jewish,M,גיא-דוד,6
Jewish,M,גיא-חיים,6
Jewish,M,גיא-יוסף,6
Jewish,M,גיורה,6
Jewish,M,גיזט,6
Jewish,M,גיטצ'או,6
Jewish,M,גיל-יוסף,6
Jewish,M,גילבוע,6
Jewish,M,גילרמי,6
Jewish,M,גל-יוסף,6
Jewish,M,גלאו,6
Jewish,M,גלאון,6
Jewish,M,גלו,6
Jewish,M,גליב,6
Jewish,M,גננאו,6
Jewish,M,גצל,6
Jewish,M,גרגור,6
Jewish,M,גריג,6
Jewish,M,גרמא,6
Jewish,M,גתנך,6
Jewish,M,דאגם,6
Jewish,M,דאל,6
Jewish,M,דאלי,6
Jewish,M,דאנאו,6
Jewish,M,דאריו,6
Jewish,M,דארל,6
Jewish,M,דביר-דוד,6
Jewish,M,דג'נה,6
Jewish,M,דגארגה,6
Jewish,M,דגיסאו,6
Jewish,M,דוגלאס,6
Jewish,M,דוד-יצחק,6
Jewish,M,דוין,6
Jewish,M,דור-אל,6
Jewish,M,דיאון,6
Jewish,M,דיאור,6
Jewish,M,דידיי,6
Jewish,M,דיוד,6
Jewish,M,דייאגו,6
Jewish,M,דילון,6
Jewish,M,דילשוד,6
Jewish,M,דימון,6
Jewish,M,דלה,6
Jewish,M,דליק,6
Jewish,M,דמורי,6
Jewish,M,דניאל-צבי,6
Jewish,M,דסאלון,6
Jewish,M,דע-אל,6
Jewish,M,דרויש,6
Jewish,M,דרול,6
Jewish,M,דתן,6
Jewish,M,האני,6
Jewish,M,הינוק,6
Jewish,M,הירו,6
Jewish,M,הרמבם,6
Jewish,M,השל,6
Jewish,M,ואצ'יסלב,6
Jewish,M,ודט,6
Jewish,M,וואלה,6
Jewish,M,וובי,6
Jewish,M,וובשט,6
Jewish,M,וודאג',6
Jewish,M,ווטה,6
Jewish,M,וולד,6
Jewish,M,וונדווסן,6
Jewish,M,ווסלי,6
Jewish,M,וורקנה,6
Jewish,M,ויל,6
Jewish,M,וילאם,6
Jewish,M,וילמוש,6
Jewish,M,ויקטוריו,6
Jewish,M,וסיף,6
Jewish,M,וסלי,6
Jewish,M,וצ'יסלאב,6
Jewish,M,ורנון,6
Jewish,M,ורנר,6
Jewish,M,ז'וליין,6
Jewish,M,ז'ררד,6
Jewish,M,זוהרי,6
Jewish,M,זוניה,6
Jewish,M,זיאמה,6
Jewish,M,זיידל,6
Jewish,M,זיסמן,6
Jewish,M,זללם,6
Jewish,M,זרי,6
Jewish,M,זרכיה,6
Jewish,M,חגיי,6
Jewish,M,חורב,6
Jewish,M,חיה,6
Jewish,M,חיזגיה,6
Jewish,M,חיים-ויקטור,6
Jewish,M,חייקה,6
Jewish,M,חלקיה,6
Jewish,M,חן-חנניה,6
Jewish,M,חנאל,6
Jewish,M,חנינו,6
Jewish,M,חנלר,6
Jewish,M,חריסטו,6
Jewish,M,טאד,6
Jewish,M,טאדרוס,6
Jewish,M,טאזבו,6
Jewish,M,טאיאצ'ו,6
Jewish,M,טארקן,6
Jewish,M,טבקאו,6
Jewish,M,טגאבו,6
Jewish,M,טגת,6
Jewish,M,טדאוש,6
Jewish,M,טורניקה,6
Jewish,M,טיטו,6
Jewish,M,טל-יצחק,6
Jewish,M,טלך,6
Jewish,M,טללה,6
Jewish,M,טמנה,6
Jewish,M,טספא,6
Jewish,M,טפרי,6
Jewish,M,טקלין,6
Jewish,M,טרפון,6
Jewish,M,יאיר-מאיר,6
Jewish,M,יאנו,6
Jewish,M,יאניסלב,6
Jewish,M,יאשר,6
Jewish,M,יביין,6
Jewish,M,יבל,6
Jewish,M,יגל-יעקב,6
Jewish,M,ידון,6
Jewish,M,יהואב,6
Jewish,M,יהוחי,6
Jewish,M,יהוחנן,6
Jewish,M,יהונתן-יצחק,6
Jewish,M,יהנתן,6
Jewish,M,יובדו,6
Jewish,M,יובי,6
Jewish,M,יוטל,6
Jewish,M,יוליק,6
Jewish,M,יומטו,6
Jewish,M,יוני-יונתן,6
Jewish,M,יוסיק,6
Jewish,M,יוסף-מאיר,6
Jewish,M,יוסף-שלום,6
Jewish,M,יועץ,6
Jewish,M,יוריאל,6
Jewish,M,יושע,6
Jewish,M,יותן,6
Jewish,M,יחזקאל-חזי,6
Jewish,M,ייהעלם,6
Jewish,M,ימואל,6
Jewish,M,ינאל,6
Jewish,M,יניב-חיים,6
Jewish,M,יניי,6
Jewish,M,יען,6
Jewish,M,יענקי,6
Jewish,M,יענקלה,6
Jewish,M,יעקב-דוד,6
Jewish,M,יצחק-איציק,6
Jewish,M,יציב,6
Jewish,M,יקותאל,6
Jewish,M,יקיר-יעקב,6
Jewish,M,יקיראל,6
Jewish,M,ירגא,6
Jewish,M,ישואס,6
Jewish,M,ישמאל,6
Jewish,M,כלאב,6
Jewish,M,כרמון,6
Jewish,M,לאורן,6
Jewish,M,לאזר,6
Jewish,M,לאלו,6
Jewish,M,לאשה,6
Jewish,M,לבארי,6
Jewish,M,לוגאן,6
Jewish,M,לווטה,6
Jewish,M,לוז,6
Jewish,M,לויתן,6
Jewish,M,לונה,6
Jewish,M,לוציאנו,6
Jewish,M,לי-עם,6
Jewish,M,ליאב-יוסף,6
Jewish,M,ליאופולד,6
Jewish,M,ליאור-דוד,6
Jewish,M,ליאור-חיים,6
Jewish,M,ליאור-יעקב,6
Jewish,M,ליטמן,6
Jewish,M,לייבוש,6
Jewish,M,לייל,6
Jewish,M,ליצח,6
Jewish,M,ליקו,6
Jewish,M,לרוי,6
Jewish,M,לרום,6
Jewish,M,מאירון,6
Jewish,M,מאלק,6
Jewish,M,מארקוס,6
Jewish,M,מוטביינור,6
Jewish,M,מוי,6
Jewish,M,מוייז,6
Jewish,M,מויסה,6
Jewish,M,מולאטו,6
Jewish,M,מולקן,6
Jewish,M,מומו,6
Jewish,M,מונס,6
Jewish,M,מופז,6
Jewish,M,מורוד,6
Jewish,M,מזנאו,6
Jewish,M,מטיב,6
Jewish,M,מיטיב,6
Jewish,M,מייקול,6
Jewish,M,מיכאל-משה,6
Jewish,M,מילאי,6
Jewish,M,מימו,6
Jewish,M,מיניצ'יל,6
Jewish,M,מינלה,6
Jewish,M,מישון,6
Jewish,M,מישקה,6
Jewish,M,מיתן,6
Jewish,M,מלוא,6
Jewish,M,מליסואו,6
Jewish,M,מלקאם,6
Jewish,M,מלקיה,6
Jewish,M,ממד,6
Jewish,M,ממוייה,6
Jewish,M,מנגיסט,6
Jewish,M,מנדו,6
Jewish,M,מנטס,6
Jewish,M,מני-מנחם,6
Jewish,M,מנס,6
Jewish,M,מסטואל,6
Jewish,M,מקוייט,6
Jewish,M,מראד,6
Jewish,M,מרד,6
Jewish,M,מרחי,6
Jewish,M,מרס,6
Jewish,M,מתני,6
Jewish,M,נאדרי,6
Jewish,M,נאואל,6
Jewish,M,נאטנאל,6
Jewish,M,נאסר,6
Jewish,M,נביאו,6
Jewish,M,נג'טולה,6
Jewish,M,נגאט,6
Jewish,M,נגאטו,6
Jewish,M,נגאש,6
Jewish,M,נגוסי,6
Jewish,M,נגטה,6
Jewish,M,נדן,6
Jewish,M,נוגוס,6
Jewish,M,נועם-יוסף,6
Jewish,M,נורלן,6
Jewish,M,נזאר,6
Jewish,M,נחוניה,6
Jewish,M,נטיק,6
Jewish,M,נטלי,6
Jewish,M,נטרה,6
Jewish,M,ניב-ניסים,6
Jewish,M,ניבר,6
Jewish,M,ניסאי,6
Jewish,M,ניסאל,6
Jewish,M,ניקול,6
Jewish,M,ניקוליי,6
Jewish,M,ניר-חיים,6
Jewish,M,ניר-משה,6
Jewish,M,נמט,6
Jewish,M,נמר,6
Jewish,M,נסהאל,6
Jewish,M,נסלי,6
Jewish,M,נפתולי,6
Jewish,M,נצחי,6
Jewish,M,נשיאל,6
Jewish,M,נתליו,6
Jewish,M,נתנאל-דוד,6
Jewish,M,נתנאל-משה,6
Jewish,M,סאליאור,6
Jewish,M,סדני,6
Jewish,M,סופיאן,6
Jewish,M,סורי,6
Jewish,M,סורפאל,6
Jewish,M,סטויאן,6
Jewish,M,סיאבש,6
Jewish,M,סיאן,6
Jewish,M,סיבי,6
Jewish,M,סיזר,6
Jewish,M,סיטוטאי,6
Jewish,M,סייר,6
Jewish,M,סילבה,6
Jewish,M,סילואן,6
Jewish,M,סימאצ'או,6
Jewish,M,סיפן,6
Jewish,M,סלימאן,6
Jewish,M,סמניו,6
Jewish,M,סנן,6
Jewish,M,ספר,6
Jewish,M,סקיילר,6
Jewish,M,סרדור,6
Jewish,M,עבדו,6
Jewish,M,עדי-יהודה,6
Jewish,M,עדי-עובדיה,6
Jewish,M,עוזאל,6
Jewish,M,עוצם,6
Jewish,M,עזגד,6
Jewish,M,עזורי,6
Jewish,M,עטיר,6
Jewish,M,עלמנו,6
Jewish,M,עמיעוז,6
Jewish,M,עמירב,6
Jewish,M,עמשא,6
Jewish,M,ענני,6
Jewish,M,עריף,6
Jewish,M,ערמון,6
Jewish,M,ערן-דוד,6
Jewish,M,פבריסיו,6
Jewish,M,פדה,6
Jewish,M,פולד,6
Jewish,M,פולדי,6
Jewish,M,פורטונטו,6
Jewish,M,פטל,6
Jewish,M,פטרה,6
Jewish,M,פידל,6
Jewish,M,פיזולי,6
Jewish,M,פיליפו,6
Jewish,M,פיליקס,6
Jewish,M,פינקו,6
Jewish,M,פסיקאו,6
Jewish,M,פפו,6
Jewish,M,פרדין,6
Jewish,M,פרז,6
Jewish,M,פרזין,6
Jewish,M,פרחוד,6
Jewish,M,פרחיה,6
Jewish,M,פריז,6
Jewish,M,פרל,6
Jewish,M,פרנציס,6
Jewish,M,צ'אנה,6
Jewish,M,צגאייה,6
Jewish,M,צגיה,6
Jewish,M,צהלון,6
Jewish,M,צופן,6
Jewish,M,צופר,6
Jewish,M,צזר,6
Jewish,M,קאמרן,6
Jewish,M,קדוש,6
Jewish,M,קונסטאנטין,6
Jewish,M,קונסטנט,6
Jewish,M,קורנליס,6
Jewish,M,קיבה,6
Jewish,M,קיואן,6
Jewish,M,קית',6
Jewish,M,קלמנטי,6
Jewish,M,קניה,6
Jewish,M,קרטיס,6
Jewish,M,קרים,6
Jewish,M,ראדי,6
Jewish,M,ראיי,6
Jewish,M,רבא,6
Jewish,M,רדומיר,6
Jewish,M,רואין,6
Jewish,M,רוגה,6
Jewish,M,רוזר,6
Jewish,M,רוסן,6
Jewish,M,רועי-אברהם,6
Jewish,M,ריימון,6
Jewish,M,ריפ,6
Jewish,M,ריפט,6
Jewish,M,רמי-אברהם,6
Jewish,M,רנדולף,6
Jewish,M,רניי,6
Jewish,M,שאטו,6
Jewish,M,שאל,6
Jewish,M,שובהאל,6
Jewish,M,שוביה,6
Jewish,M,שומיה,6
Jewish,M,שומשון,6
Jewish,M,שונאל,6
Jewish,M,שושון,6
Jewish,M,שותא,6
Jewish,M,שזר,6
Jewish,M,שי-דוד,6
Jewish,M,שי-חיים,6
Jewish,M,שיעה,6
Jewish,M,שיר אל,6
Jewish,M,שירה,6
Jewish,M,שלג,6
Jewish,M,שלומו,6
Jewish,M,שלומיאל,6
Jewish,M,שליח,6
Jewish,M,שלמה-חי,6
Jewish,M,שקיר,6
Jewish,M,שרבין,6
Jewish,M,שרגאי,6
Jewish,M,שרזוד,6
Jewish,M,שריר,6
Jewish,M,שרמן,6
Jewish,M,שרן,6
Jewish,M,תאל,6
Jewish,M,תאמר,6
Jewish,M,תודיאל,6
Jewish,M,תומר-משה,6
Jewish,M,תלי,6
Jewish,M,תקבה,6
Jewish,M,תקה,6
Jewish,M,אאוגן,5
Jewish,M,אבאל,5
Jewish,M,אבגדור,5
Jewish,M,אבוהאיי,5
Jewish,M,אבולי,5
Jewish,M,אבי-רן,5
Jewish,M,אביטוב,5
Jewish,M,אבימור,5
Jewish,M,אביתי,5
Jewish,M,אבראראו,5
Jewish,M,אברהם-אלברט,5
Jewish,M,אברהם-צבי,5
Jewish,M,אברהם-רמי,5
Jewish,M,אברו,5
Jewish,M,אברמי,5
Jewish,M,אברמינו,5
Jewish,M,אבררוו,5
Jewish,M,אגאי,5
Jewish,M,אדאורדו,5
Jewish,M,אדאמו,5
Jewish,M,אדבבאי,5
Jewish,M,אדגארדו,5
Jewish,M,אדגה,5
Jewish,M,אדוניהו,5
Jewish,M,אדורדו,5
Jewish,M,אדיניה,5
Jewish,M,אדלאו,5
Jewish,M,אהב,5
Jewish,M,אהוד-יהודה,5
Jewish,M,אהונם,5
Jewish,M,אהרן-רון,5
Jewish,M,אובו,5
Jewish,M,אובי,5
Jewish,M,אובסיי,5
Jewish,M,אוגניו,5
Jewish,M,אודו,5
Jewish,M,אודם,5
Jewish,M,אוהד-יהודה,5
Jewish,M,אוהדי,5
Jewish,M,אוליאן,5
Jewish,M,אולך,5
Jewish,M,אום,5
Jewish,M,אונור,5
Jewish,M,אור-חן,5
Jewish,M,אור-נתן,5
Jewish,M,אור-עד,5
Jewish,M,אור-שלום,5
Jewish,M,אור-שלמה,5
Jewish,M,אורד,5
Jewish,M,אורה,5
Jewish,M,אורי-יוסף,5
Jewish,M,אורי-יצחק,5
Jewish,M,אורי-מאיר,5
Jewish,M,אורי-מרדכי,5
Jewish,M,אורי-שמואל,5
Jewish,M,אורן-דוד,5
Jewish,M,אושעיא,5
Jewish,M,אושרי-אשר,5
Jewish,M,אותרי,5
Jewish,M,אזזו,5
Jewish,M,אזריה,5
Jewish,M,אחישלום,5
Jewish,M,אטאללה,5
Jewish,M,אטיליו,5
Jewish,M,איאו,5
Jewish,M,אידוב,5
Jewish,M,איזיו,5
Jewish,M,איזיל,5
Jewish,M,איטולין,5
Jewish,M,אייבור,5
Jewish,M,איילנך,5
Jewish,M,איילקבט,5
Jewish,M,איינה,5
Jewish,M,אילאו,5
Jewish,M,אילעיי,5
Jewish,M,אילר,5
Jewish,M,אימבר,5
Jewish,M,אימה,5
Jewish,M,אימרם,5
Jewish,M,אינדלמאו,5
Jewish,M,אינוו,5
Jewish,M,איסאייס,5
Jewish,M,איסאיס,5
Jewish,M,איסטחר,5
Jewish,M,איסן,5
Jewish,M,אירד,5
Jewish,M,אירווינג,5
Jewish,M,איששים,5
Jewish,M,אישתו,5
Jewish,M,איתי-אל,5
Jewish,M,איתי-יוסף,5
Jewish,M,איתי-שלום,5
Jewish,M,איתיו,5
Jewish,M,איתן-יעקב,5
Jewish,M,אל-רם,5
Jewish,M,אלאמר,5
Jewish,M,אלאמראו,5
Jewish,M,אלאסף,5
Jewish,M,אלביר,5
Jewish,M,אלברוס,5
Jewish,M,אלגוג'ה,5
Jewish,M,אלון-אברהם,5
Jewish,M,אלון-אליהו,5
Jewish,M,אלושה,5
Jewish,M,אלחו,5
Jewish,M,אליאו,5
Jewish,M,אליג'ה,5
Jewish,M,אליהו-אלירן,5
Jewish,M,אליהועיני,5
Jewish,M,אלינעם,5
Jewish,M,אליען,5
Jewish,M,אלליין,5
Jewish,M,אללן,5
Jewish,M,אלמטה,5
Jewish,M,אלמיה,5
Jewish,M,אלמרו,5
Jewish,M,אלעד-יוסף,5
Jewish,M,אלעזרי,5
Jewish,M,אלפא,5
Jewish,M,אלקון,5
Jewish,M,אלשדי,5
Jewish,M,אלשי,5
Jewish,M,אמבאיה,5
Jewish,M,אמבאצ'או,5
Jewish,M,אמבאצ'ו,5
Jewish,M,אמוודאו,5
Jewish,M,אמילי,5
Jewish,M,אמיץ,5
Jewish,M,אמיר-חיים,5
Jewish,M,אמניר,5
Jewish,M,אנדאלאמאו,5
Jewish,M,אנדאלו,5
Jewish,M,אנדראי,5
Jewish,M,אנדריאה,5
Jewish,M,אנדרסון,5
Jewish,M,אנה,5
Jewish,M,אנואל,5
Jewish,M,אני,5
Jewish,M,אנצו,5
Jewish,M,אנריך,5
Jewish,M,אסף-יצחק,5
Jewish,M,אסף-משה,5
Jewish,M,אסקנדר,5
Jewish,M,אפראי,5
Jewish,M,אפריי,5
Jewish,M,אפרים-אפי,5
Jewish,M,אפרת,5
Jewish,M,אצנפה,5
Jewish,M,אקוש,5
Jewish,M,אקרם,5
Jewish,M,אראן,5
Jewish,M,אראש,5
Jewish,M,ארזול,5
Jewish,M,ארטשס,5
Jewish,M,אריה-לייב,5
Jewish,M,אריסטו,5
Jewish,M,ארלי,5
Jewish,M,ארמנק,5
Jewish,M,ארסט,5
Jewish,M,ארפד,5
Jewish,M,ארצ'י,5
Jewish,M,אשגרו,5
Jewish,M,אתאי,5
Jewish,M,באיוך,5
Jewish,M,באייך,5
Jewish,M,באיך,5
Jewish,M,בביי,5
Jewish,M,בגשאו,5
Jewish,M,בדמאו,5
Jewish,M,בוגיד,5
Jewish,M,בונדי,5
Jewish,M,בורטון,5
Jewish,M,בחרוז,5
Jewish,M,בחרי,5
Jewish,M,בחשי,5
Jewish,M,ביגאן,5
Jewish,M,ביגן,5
Jewish,M,ביווטה,5
Jewish,M,ביז'אן,5
Jewish,M,בינאם,5
Jewish,M,בירהנה,5
Jewish,M,בכטיור,5
Jewish,M,בכר,5
Jewish,M,בליינה,5
Jewish,M,בלתה,5
Jewish,M,בן-בן,5
Jewish,M,בן-ברוך,5
Jewish,M,בן-יעקב,5
Jewish,M,בן-לי,5
Jewish,M,בן-משה,5
Jewish,M,בנגמין,5
Jewish,M,בנז'מין,5
Jewish,M,בנימין-בני,5
Jewish,M,בניסיו,5
Jewish,M,בסו,5
Jewish,M,בסנדיל,5
Jewish,M,בסניל,5
Jewish,M,בקה,5
Jewish,M,בקזוד,5
Jewish,M,בר-יעקב,5
Jewish,M,בר-לב,5
Jewish,M,ברבו,5
Jewish,M,ברהה,5
Jewish,M,ברהון,5
Jewish,M,ברודי,5
Jewish,M,ברוז,5
Jewish,M,ברוך-בר,5
Jewish,M,בריה,5
Jewish,M,ברייס,5
Jewish,M,ברכיאל,5
Jewish,M,ברכת,5
Jewish,M,ברקון,5
Jewish,M,בשיר,5
Jewish,M,בתיה,5
Jewish,M,ג'איס,5
Jewish,M,ג'אן-מרק,5
Jewish,M,ג'ולס,5
Jewish,M,ג'ורג'יו,5
Jewish,M,ג'ורי,5
Jewish,M,ג'זון,5
Jewish,M,ג'יאני,5
Jewish,M,ג'מאל,5
Jewish,M,ג'מל,5
Jewish,M,ג'קו,5
Jewish,M,ג'קי-יעקב,5
Jewish,M,ג'רט,5
Jewish,M,גאוין,5
Jewish,M,גאורג',5
Jewish,M,גאקי,5
Jewish,M,גבורק,5
Jewish,M,גביש,5
Jewish,M,גברוש,5
Jewish,M,גבריי,5
Jewish,M,גברייל,5
Jewish,M,גדיי,5
Jewish,M,גובה,5
Jewish,M,גובז,5
Jewish,M,גוגה,5
Jewish,M,גודדו,5
Jewish,M,גולי,5
Jewish,M,גונטר,5
Jewish,M,גוסיין,5
Jewish,M,גוצה,5
Jewish,M,גוראל,5
Jewish,M,גורגה,5
Jewish,M,גורגס,5
Jewish,M,גיא-גרשון,5
Jewish,M,גיורשום,5
Jewish,M,גיזרמו,5
Jewish,M,גיים,5
Jewish,M,גייסין,5
Jewish,M,גיליירמו,5
Jewish,M,גל-אל,5
Jewish,M,גל-חי,5
Jewish,M,גלברט,5
Jewish,M,גנאדיי,5
Jewish,M,גנאנאו,5
Jewish,M,גסן,5
Jewish,M,גפריי,5
Jewish,M,גראלד,5
Jewish,M,גרהאם,5
Jewish,M,גרסים,5
Jewish,M,גרצל,5
Jewish,M,גשוו,5
Jewish,M,גת,5
Jewish,M,גתנת,5
Jewish,M,גתצ'או,5
Jewish,M,דאריוש,5
Jewish,M,דבור,5
Jewish,M,דגי,5
Jewish,M,דוביק,5
Jewish,M,דובלה,5
Jewish,M,דובר,5
Jewish,M,דוגן,5
Jewish,M,דוד-אריה,5
Jewish,M,דוד-דב,5
Jewish,M,דוד-יהודה,5
Jewish,M,דוד-שמעון,5
Jewish,M,דודאל,5
Jewish,M,דווין,5
Jewish,M,דוויס,5
Jewish,M,דווית,5
Jewish,M,דויס,5
Jewish,M,דומיטרו,5
Jewish,M,דונט,5
Jewish,M,דוניאל,5
Jewish,M,דור-אברהם,5
Jewish,M,דור-רפאל,5
Jewish,M,דוראן,5
Jewish,M,דידה,5
Jewish,M,דיווי,5
Jewish,M,דיימון,5
Jewish,M,דילמטה,5
Jewish,M,דימור,5
Jewish,M,דל,5
Jewish,M,דלר,5
Jewish,M,דמאס,5
Jewish,M,דמיין,5
Jewish,M,דמסה,5
Jewish,M,דן-דוד,5
Jewish,M,דן-דניאל,5
Jewish,M,דנאו,5
Jewish,M,דנאי,5
Jewish,M,דניאל-שלום,5
Jewish,M,דניאר,5
Jewish,M,דנינט,5
Jewish,M,דסלאן,5
Jewish,M,דרוין,5
Jewish,M,דרור-חיים,5
Jewish,M,דרסין,5
Jewish,M,דרקו,5
Jewish,M,האל,5
Jewish,M,האריס,5
Jewish,M,הארלי,5
Jewish,M,הדראל,5
Jewish,M,הודי,5
Jewish,M,הון,5
Jewish,M,הושיע,5
Jewish,M,הילאל,5
Jewish,M,הילו,5
Jewish,M,הימן,5
Jewish,M,הנדריק,5
Jewish,M,הנני,5
Jewish,M,העניך,5
Jewish,M,הפטמו,5
Jewish,M,ואגיף,5
Jewish,M,ואל,5
Jewish,M,ואלנטין,5
Jewish,M,ואסילי,5
Jewish,M,וגה,5
Jewish,M,וואבי,5
Jewish,M,וודג'ה,5
Jewish,M,וויצמן,5
Jewish,M,וולדמיר,5
Jewish,M,וולודימיר,5
Jewish,M,וולוול,5
Jewish,M,ווללין,5
Jewish,M,וולקו,5
Jewish,M,וונאו,5
Jewish,M,וונדי,5
Jewish,M,וונדפראו,5
Jewish,M,וורקאו,5
Jewish,M,וטלי,5
Jewish,M,ויאורל,5
Jewish,M,ויגדור,5
Jewish,M,ויויאן,5
Jewish,M,ויליאמס,5
Jewish,M,ויני,5
Jewish,M,ויקטורי,5
Jewish,M,וכטנג,5
Jewish,M,ולול,5
Jewish,M,וניה,5
Jewish,M,וסיליי,5
Jewish,M,וסלין,5
Jewish,M,וצסלב,5
Jewish,M,ורדן,5
Jewish,M,ז'אן-לוק,5
Jewish,M,ז'ון,5
Jewish,M,ז'ניה,5
Jewish,M,זולי,5
Jewish,M,זוריסלב,5
Jewish,M,זיו-חי,5
Jewish,M,זיומה,5
Jewish,M,זיל,5
Jewish,M,זילברט,5
Jewish,M,זימל,5
Jewish,M,זיסה,5
Jewish,M,זיסקינד,5
Jewish,M,זלטן,5
Jewish,M,זנו,5
Jewish,M,זקלין,5
Jewish,M,זקס,5
Jewish,M,חבב,5
Jewish,M,חדוי,5
Jewish,M,חייטי,5
Jewish,M,חיים-דוד,5
Jewish,M,חיים-חן,5
Jewish,M,חיים-משה,5
Jewish,M,חייקל,5
Jewish,M,חלקיהו,5
Jewish,M,חניניה,5
Jewish,M,חסדא,5
Jewish,M,חסקל,5
Jewish,M,חפני,5
Jewish,M,טאיאצ'או,5
Jewish,M,טאמנה,5
Jewish,M,טאקלו,5
Jewish,M,טארקיין,5
Jewish,M,טביה,5
Jewish,M,טביקאו,5
Jewish,M,טבת,5
Jewish,M,טגסטו,5
Jewish,M,טהיר,5
Jewish,M,טומר,5
Jewish,M,טיגאב,5
Jewish,M,טיי,5
Jewish,M,טייצ'ו,5
Jewish,M,טל-משה,5
Jewish,M,טל-נפתלי,5
Jewish,M,טליק,5
Jewish,M,טספיי,5
Jewish,M,טרויה,5
Jewish,M,טרקאי,5
Jewish,M,יאב,5
Jewish,M,יאגוטיל,5
Jewish,M,יאדלאו,5
Jewish,M,יאהב,5
Jewish,M,יאיר-חי,5
Jewish,M,יאיר-חיים,5
Jewish,M,יאיר-יצחק,5
Jewish,M,יאנג,5
Jewish,M,יאנק,5
Jewish,M,יאנקו,5
Jewish,M,יאסון,5
Jewish,M,יאצק,5
Jewish,M,יבחר,5
Jewish,M,יבלו,5
Jewish,M,יבסי,5
Jewish,M,ידידאל,5
Jewish,M,יהאב,5
Jewish,M,יהבי,5
Jewish,M,יהולה,5
Jewish,M,יהוניס,5
Jewish,M,יהונתן-שלום,5
Jewish,M,יהושע-שוקי,5
Jewish,M,יהשע,5
Jewish,M,יו,5
Jewish,M,יובלי,5
Jewish,M,יוג'ן,5
Jewish,M,יוגי,5
Jewish,M,יוגן,5
Jewish,M,יוהונתן,5
Jewish,M,יוהכים,5
Jewish,M,יוזיק,5
Jewish,M,יוליי,5
Jewish,M,יולין,5
Jewish,M,יונתן-משה,5
Jewish,M,יוסב,5
Jewish,M,יוסי-חי,5
Jewish,M,יוספטל,5
Jewish,M,יורדנוס,5
Jewish,M,יורק,5
Jewish,M,יושוע,5
Jewish,M,יחד,5
Jewish,M,יחייא,5
Jewish,M,יטבארק,5
Jewish,M,יידג,5
Jewish,M,יידל,5
Jewish,M,ייהון,5
Jewish,M,ייהנאו,5
Jewish,M,ייטאיאו,5
Jewish,M,ילמה,5
Jewish,M,ילקל,5
Jewish,M,ינהון,5
Jewish,M,יניב-יצחק,5
Jewish,M,ינין,5
Jewish,M,ינסאו,5
Jewish,M,יעקב-יקיר,5
Jewish,M,יעקובו,5
Jewish,M,יפי,5
Jewish,M,יפיע,5
Jewish,M,יקוייה,5
Jewish,M,ישוואס,5
Jewish,M,ישחק,5
Jewish,M,ישי-דוד,5
Jewish,M,ישעייה,5
Jewish,M,ישפה,5
Jewish,M,ישראיל,5
Jewish,M,ישראל-חיים,5
Jewish,M,יתברך,5
Jewish,M,כינור,5
Jewish,M,כיסוף,5
Jewish,M,כלוד,5
Jewish,M,כליפא,5
Jewish,M,כריסטוף,5
Jewish,M,כרלוס,5
Jewish,M,לאה,5
Jewish,M,לאויס,5
Jewish,M,לאולסגד,5
Jewish,M,לאוני,5
Jewish,M,לאני,5
Jewish,M,לאקאצ'או,5
Jewish,M,לארס,5
Jewish,M,לב-אריה,5
Jewish,M,לוון,5
Jewish,M,לוטר,5
Jewish,M,לויאור,5
Jewish,M,לוקי,5
Jewish,M,לוראנס,5
Jewish,M,לזיר,5
Jewish,M,לי-עוז,5
Jewish,M,ליאור-יוסף,5
Jewish,M,ליג'עלם,5
Jewish,M,ליהן,5
Jewish,M,ליטף,5
Jewish,M,לינדה,5
Jewish,M,ליפמאן,5
Jewish,M,לירן-משה,5
Jewish,M,למה,5
Jewish,M,לנרט,5
Jewish,M,לעזיז,5
Jewish,M,לקאצ'או,5
Jewish,M,לריאן,5
Jewish,M,לשק,5
Jewish,M,מאור-משה,5
Jewish,M,מאיר-אור,5
Jewish,M,מאיר-דוד,5
Jewish,M,מאיר-יאיר,5
Jewish,M,מאיר-מישל,5
Jewish,M,מאיר-שלום,5
Jewish,M,מאיראל,5
Jewish,M,מאלי,5
Jewish,M,מאסרשאו,5
Jewish,M,מארי,5
Jewish,M,מגברו,5
Jewish,M,מגנוס,5
Jewish,M,מואיסס,5
Jewish,M,מוטבינור,5
Jewish,M,מוטה,5
Jewish,M,מוניש,5
Jewish,M,מוקטו,5
Jewish,M,מוראט,5
Jewish,M,מורז,5
Jewish,M,מוריי,5
Jewish,M,מורלי,5
Jewish,M,מזיאר,5
Jewish,M,מחיר,5
Jewish,M,מטאלם,5
Jewish,M,מטדל,5
Jewish,M,מטס,5
Jewish,M,מיחי,5
Jewish,M,מיכאל-חי,5
Jewish,M,מיכאל-יוסף,5
Jewish,M,מילה,5
Jewish,M,מילוש,5
Jewish,M,מיליאן,5
Jewish,M,מיצל,5
Jewish,M,מיקיטה,5
Jewish,M,מיראל,5
Jewish,M,מלה,5
Jewish,M,מלכיאור,5
Jewish,M,מלכיה,5
Jewish,M,ממי,5
Jewish,M,מנובך,5
Jewish,M,מנוצהר,5
Jewish,M,מנוצר,5
Jewish,M,מנושר,5
Jewish,M,מנחם-חיים,5
Jewish,M,מני-מנשה,5
Jewish,M,מסטוול,5
Jewish,M,מסנבט,5
Jewish,M,מעגן,5
Jewish,M,מעוזיה,5
Jewish,M,מקואנט,5
Jewish,M,מקטאו,5
Jewish,M,מראו,5
Jewish,M,מרדכי-מור,5
Jewish,M,מרי,5
Jewish,M,מריוש,5
Jewish,M,מרינו,5
Jewish,M,מריס,5
Jewish,M,מרן,5
Jewish,M,משוש,5
Jewish,M,משכן,5
Jewish,M,משלה,5
Jewish,M,מתווי,5
Jewish,M,מתושלח,5
Jewish,M,מתניאל,5
Jewish,M,נאו,5
Jewish,M,נגסי,5
Jewish,M,נדב-משה,5
Jewish,M,נהל,5
Jewish,M,נהראי,5
Jewish,M,נובל,5
Jewish,M,נוחים,5
Jewish,M,נויד,5
Jewish,M,נוסים,5
Jewish,M,נופך,5
Jewish,M,נוקרי,5
Jewish,M,נורולה,5
Jewish,M,נחים,5
Jewish,M,ניגטו,5
Jewish,M,ניהוראי,5
Jewish,M,ניוטון,5
Jewish,M,ניזם,5
Jewish,M,נילטון,5
Jewish,M,נימאי,5
Jewish,M,ניקיתה,5
Jewish,M,ניקלס,5
Jewish,M,ניקנור,5
Jewish,M,ניר-יצחק,5
Jewish,M,נירם,5
Jewish,M,ננד,5
Jewish,M,נסר,5
Jewish,M,נפטלי,5
Jewish,M,נצנת,5
Jewish,M,נתנאל-חיים,5
Jewish,M,נתנאל-יוסף,5
Jewish,M,נתנאל-ישראל,5
Jewish,M,סאבה,5
Jewish,M,סאבלי,5
Jewish,M,סאלאמלק,5
Jewish,M,סבסטיין,5
Jewish,M,סגי,5
Jewish,M,סוולי,5
Jewish,M,סוחר,5
Jewish,M,סולמן,5
Jewish,M,סוניה,5
Jewish,M,סוסלן,5
Jewish,M,סוריל,5
Jewish,M,סחלום,5
Jewish,M,סטאניסלאב,5
Jewish,M,סטאר,5
Jewish,M,סטון,5
Jewish,M,סטיבאן,5
Jewish,M,סטיה,5
Jewish,M,סטייסי,5
Jewish,M,סטני,5
Jewish,M,סיאון,5
Jewish,M,סידי,5
Jewish,M,סילוון,5
Jewish,M,סילויו,5
Jewish,M,סילון,5
Jewish,M,סימיין,5
Jewish,M,סינטאיו,5
Jewish,M,סינטו,5
Jewish,M,סיסר,5
Jewish,M,סירו,5
Jewish,M,סל,5
Jewish,M,סלשי,5
Jewish,M,סמה,5
Jewish,M,סמו,5
Jewish,M,סמרה,5
Jewish,M,סעידו,5
Jewish,M,סריל,5
Jewish,M,עדיניה,5
Jewish,M,עובי,5
Jewish,M,עוזרי,5
Jewish,M,עופר-משה,5
Jewish,M,עזרא-עוז,5
Jewish,M,עידו-אברהם,5
Jewish,M,עידו-חיים,5
Jewish,M,עיידן,5
Jewish,M,עימיאל,5
Jewish,M,עיש,5
Jewish,M,עיתי,5
Jewish,M,עמידרור,5
Jewish,M,עמישר,5
Jewish,M,עמרי-משה,5
Jewish,M,עקביא,5
Jewish,M,ערן-אהרון,5
Jewish,M,פאוול,5
Jewish,M,פאריד,5
Jewish,M,פזיל,5
Jewish,M,פיטיגו,5
Jewish,M,פילקס,5
Jewish,M,פינו,5
Jewish,M,פיני-פנחס,5
Jewish,M,פיניקס,5
Jewish,M,פיקדה,5
Jewish,M,פל,5
Jewish,M,פלורן,5
Jewish,M,פליק,5
Jewish,M,פלקס,5
Jewish,M,פן,5
Jewish,M,פנחס-פיני,5
Jewish,M,פנטאביל,5
Jewish,M,פנטאו,5
Jewish,M,פנטאי,5
Jewish,M,פנטביל,5
Jewish,M,פסקו,5
Jewish,M,פצום,5
Jewish,M,פר,5
Jewish,M,פראג'י,5
Jewish,M,פרג'ולה,5
Jewish,M,פרדו,5
Jewish,M,פרדס,5
Jewish,M,פרדריקו,5
Jewish,M,פרהם,5
Jewish,M,פרוק,5
Jewish,M,פרי-אל,5
Jewish,M,פרידמן,5
Jewish,M,פרימן,5
Jewish,M,פרינס,5
Jewish,M,פריץ,5
Jewish,M,פרנציסקו,5
Jewish,M,פתר,5
Jewish,M,צ'אק,5
Jewish,M,צ'ד,5
Jewish,M,צ'סלב,5
Jewish,M,צאלי,5
Jewish,M,צגייה,5
Jewish,M,צופי,5
Jewish,M,ציון-חי,5
Jewish,M,צרל,5
Jewish,M,קברטו,5
Jewish,M,קודש,5
Jewish,M,קומה,5
Jewish,M,קומלאצ'או,5
Jewish,M,קוסטיאנטין,5
Jewish,M,קוסטין,5
Jewish,M,קוקה,5
Jewish,M,קורווין,5
Jewish,M,קידאנו,5
Jewish,M,קיוון,5
Jewish,M,קיידן,5
Jewish,M,קיסר,5
Jewish,M,קירק,5
Jewish,M,קלאדיו,5
Jewish,M,קלאודין,5
Jewish,M,קלוין,5
Jewish,M,קלימנט,5
Jewish,M,קסייה,5
Jewish,M,קפיאלו,5
Jewish,M,קראיג,5
Jewish,M,קרלי,5
Jewish,M,ראבן,5
Jewish,M,ראג',5
Jewish,M,ראואל,5
Jewish,M,ראובין,5
Jewish,M,ראובל,5
Jewish,M,ראובן-בן,5
Jewish,M,ראובן-רובי,5
Jewish,M,ראיאן,5
Jewish,M,ראיס,5
Jewish,M,ראמון,5
Jewish,M,ראן,5
Jewish,M,רבזי,5
Jewish,M,רהים,5
Jewish,M,רהם,5
Jewish,M,רודין,5
Jewish,M,רולאן,5
Jewish,M,רוסטי,5
Jewish,M,רועי-דוד,5
Jewish,M,רועי-יהודה,5
Jewish,M,רועיאל,5
Jewish,M,רושאל,5
Jewish,M,רזיל,5
Jewish,M,רחום,5
Jewish,M,רחמי,5
Jewish,M,ריבין,5
Jewish,M,ריינלדו,5
Jewish,M,ריפת,5
Jewish,M,רמאון,5
Jewish,M,רמיר,5
Jewish,M,רמל,5
Jewish,M,רן-רחמים,5
Jewish,M,רנלד,5
Jewish,M,רשפיל,5
Jewish,M,"ש""י",5
Jewish,M,שאבי,5
Jewish,M,שאלי,5
Jewish,M,שאמבל,5
Jewish,M,שאמיל,5
Jewish,M,שבקט,5
Jewish,M,שבתאי-שבי,5
Jewish,M,שהאב,5
Jewish,M,שוקרי,5
Jewish,M,שורה,5
Jewish,M,שחר-יוסף,5
Jewish,M,שחרם,5
Jewish,M,שי-אברהם,5
Jewish,M,שי-שבתאי,5
Jewish,M,שיילי,5
Jewish,M,שימא,5
Jewish,M,שימטו,5
Jewish,M,שלבי,5
Jewish,M,שלוו,5
Jewish,M,שלומון,5
Jewish,M,שלומי-שלמה,5
Jewish,M,שמואל-דוד,5
Jewish,M,שמואל-חי,5
Jewish,M,שמואל-סמי,5
Jewish,M,שמעון-חי,5
Jewish,M,שמעון-מאיר,5
Jewish,M,שמעון-משה,5
Jewish,M,שמריאל,5
Jewish,M,שפדיה,5
Jewish,M,שרון-שמעון,5
Jewish,M,שרשלום,5
Jewish,M,תדרוס,5
Jewish,M,תואר,5
Jewish,M,תורי,5
Jewish,M,תים,5
Jewish,M,תירי,5
Jewish,M,תמורי,5
Jewish,M,תספה,5
Muslim,F,מרים,16662
Muslim,F,פאטמה,16346
Muslim,F,מלאק,10217
Muslim,F,איה,9761
Muslim,F,נור,9489
Muslim,F,אמל,8723
Muslim,F,יסמין,8487
Muslim,F,אימאן,8417
Muslim,F,ליאן,6735
Muslim,F,חלא,6279
Muslim,F,ג'נא,6038
Muslim,F,אמנה,5915
Muslim,F,לין,5745
Muslim,F,היבא,5744
Muslim,F,חנאן,5735
Muslim,F,אלאא,5529
Muslim,F,אסיל,5486
Muslim,F,מונא,5342
Muslim,F,שהד,5183
Muslim,F,רים,5139
Muslim,F,שאם,4994
Muslim,F,סארה,4992
Muslim,F,עביר,4909
Muslim,F,עדן,4896
Muslim,F,אסמא,4893
Muslim,F,זינב,4530
Muslim,F,חנין,4375
Muslim,F,מנאל,4219
Muslim,F,שרה,4155
Muslim,F,אסראא,4151
Muslim,F,עאישה,4110
Muslim,F,לילה,4074
Muslim,F,הדיל,4018
Muslim,F,ביאן,3981
Muslim,F,הודא,3939
Muslim,F,אמירה,3936
Muslim,F,וופא,3886
Muslim,F,רהף,3854
Muslim,F,סנא,3812
Muslim,F,סמירה,3732
Muslim,F,אלין,3625
Muslim,F,מריה,3625
Muslim,F,מרווה,3568
Muslim,F,דועאא,3504
Muslim,F,נסרין,3492
Muslim,F,ספא,3404
Muslim,F,שירין,3368
Muslim,F,איאת,3325
Muslim,F,זינה,3322
Muslim,F,רנא,3291
Muslim,F,תאלא,3284
Muslim,F,ביסאן,3275
Muslim,F,דימא,3236
Muslim,F,לינא,3175
Muslim,F,ג'ורי,3104
Muslim,F,אחלאם,3070
Muslim,F,נדין,3016
Muslim,F,נדא,2989
Muslim,F,נאדיה,2976
Muslim,F,נורה,2921
Muslim,F,אמאני,2905
Muslim,F,סגא,2878
Muslim,F,רימא,2861
Muslim,F,סמר,2825
Muslim,F,סמאח,2824
Muslim,F,מראם,2819
Muslim,F,מהא,2809
Muslim,F,מנאר,2786
Muslim,F,עליה,2783
Muslim,F,רואן,2778
Muslim,F,בראאה,2770
Muslim,F,תסנים,2739
Muslim,F,שימאא,2736
Muslim,F,רנין,2717
Muslim,F,רגד,2697
Muslim,F,הנא,2695
Muslim,F,סברין,2686
Muslim,F,ריתאל,2675
Muslim,F,גזל,2666
Muslim,F,מיאר,2601
Muslim,F,רשא,2594
Muslim,F,סועאד,2570
Muslim,F,סיהאם,2560
Muslim,F,פרח,2548
Muslim,F,רזאן,2534
Muslim,F,יוסרא,2486
Muslim,F,אמינה,2437
Muslim,F,סחר,2414
Muslim,F,מייס,2392
Muslim,F,למא,2343
Muslim,F,אינס,2335
Muslim,F,רואה,2332
Muslim,F,יארא,2311
Muslim,F,ראניה,2311
Muslim,F,דלאל,2286
Muslim,F,רימאס,2269
Muslim,F,נואל,2225
Muslim,F,רהאם,2223
Muslim,F,מאי,2215
Muslim,F,אסלאם,2188
Muslim,F,לנא,2188
Muslim,F,סילין,2184
Muslim,F,מירא,2161
Muslim,F,עולא,2141
Muslim,F,אבתיסאם,2131
Muslim,F,סלמא,2131
Muslim,F,חדיגה,2126
Muslim,F,נרמין,2117
Muslim,F,סואר,2103
Muslim,F,דוניא,2099
Muslim,F,למאר,2076
Muslim,F,פידא,2075
Muslim,F,היאם,2065
Muslim,F,אנוור,2056
Muslim,F,סונדוס,2010
Muslim,F,סירין,2004
Muslim,F,מילא,1992
Muslim,F,דינא,1984
Muslim,F,סוהא,1969
Muslim,F,מיראל,1947
Muslim,F,תאלין,1899
Muslim,F,גידאא,1896
Muslim,F,סוזאן,1875
Muslim,F,סמא,1861
Muslim,F,ערין,1836
Muslim,F,אריג',1818
Muslim,F,רולא,1809
Muslim,F,עאידה,1801
Muslim,F,תולין,1771
Muslim,F,שמס,1760
Muslim,F,סלאם,1741
Muslim,F,רחמה,1739
Muslim,F,עפאף,1735
Muslim,F,רפיף,1696
Muslim,F,קמר,1660
Muslim,F,פתחיה,1655
Muslim,F,נעמה,1642
Muslim,F,סילא,1638
Muslim,F,אלהאם,1624
Muslim,F,רובה,1612
Muslim,F,סאמיה,1606
Muslim,F,תמאם,1597
Muslim,F,דיאנה,1571
Muslim,F,גדיר,1551
Muslim,F,אלמא,1537
Muslim,F,לובנה,1530
Muslim,F,נוהא,1530
Muslim,F,מייסון,1523
Muslim,F,דאניה,1517
Muslim,F,ריאן,1503
Muslim,F,האלה,1496
Muslim,F,ג'מילה,1486
Muslim,F,אילין,1484
Muslim,F,ראמא,1483
Muslim,F,מרח,1472
Muslim,F,גמילה,1461
Muslim,F,בושרא,1454
Muslim,F,תגריד,1437
Muslim,F,גורי,1436
Muslim,F,שורוק,1403
Muslim,F,היא,1384
Muslim,F,דארין,1374
Muslim,F,שדא,1356
Muslim,F,מאסה,1348
Muslim,F,הנאדי,1335
Muslim,F,סאלי,1331
Muslim,F,פאיזה,1326
Muslim,F,רוואן,1321
Muslim,F,ותין,1307
Muslim,F,דנה,1283
Muslim,F,מסק,1274
Muslim,F,חלימה,1267
Muslim,F,סימה,1261
Muslim,F,סוג'וד,1257
Muslim,F,למיס,1248
Muslim,F,ניבין,1233
Muslim,F,דוחא,1227
Muslim,F,נאיא,1225
Muslim,F,סבאח,1218
Muslim,F,רסמיה,1203
Muslim,F,שאדיה,1200
Muslim,F,דליה,1199
Muslim,F,סומיה,1194
Muslim,F,חיאת,1190
Muslim,F,ראידה,1178
Muslim,F,בסמה,1172
Muslim,F,סדין,1172
Muslim,F,סוהיר,1163
Muslim,F,סמאהר,1154
Muslim,F,סובחיה,1140
Muslim,F,נגם,1133
Muslim,F,יקין,1129
Muslim,F,אסמהאן,1123
Muslim,F,תהאני,1115
Muslim,F,ולאא,1111
Muslim,F,פאתן,1111
Muslim,F,סלמה,1105
Muslim,F,סלוא,1101
Muslim,F,פאתנה,1101
Muslim,F,זהרה,1091
Muslim,F,ריתאג',1083
Muslim,F,הנד,1071
Muslim,F,סבא,1046
Muslim,F,רוקיה,1045
Muslim,F,סאוסן,1043
Muslim,F,עזיזה,1036
Muslim,F,לארא,1027
Muslim,F,נגאח,1027
Muslim,F,כאמלה,1024
Muslim,F,פריאל,1008
Muslim,F,רנדה,1004
Muslim,F,חמאדה,1003
Muslim,F,אילול,995
Muslim,F,חתאם,985
Muslim,F,רנים,974
Muslim,F,נאי,972
Muslim,F,נאיפה,970
Muslim,F,נבילה,966
Muslim,F,באסמה,964
Muslim,F,רואיה,953
Muslim,F,נג'אח,951
Muslim,F,מאיה,943
Muslim,F,נעימה,933
Muslim,F,לארין,930
Muslim,F,חור,921
Muslim,F,לור,920
Muslim,F,אפנאן,919
Muslim,F,סבחה,914
Muslim,F,מייסם,908
Muslim,F,לטיפה,892
Muslim,F,תימאא,891
Muslim,F,תחריר,890
Muslim,F,ליליאן,886
Muslim,F,עאטף,885
Muslim,F,נרימאן,876
Muslim,F,תלין,876
Muslim,F,גינא,874
Muslim,F,ועד,870
Muslim,F,סמיחה,868
Muslim,F,אנעאם,861
Muslim,F,ח'דיג'ה,861
Muslim,F,אילאף,859
Muslim,F,סוהאד,854
Muslim,F,סלסביל,841
Muslim,F,ודאד,831
Muslim,F,סמיה,821
Muslim,F,ליא,818
Muslim,F,הייא,815
Muslim,F,תאליה,815
Muslim,F,פאדיה,802
Muslim,F,אסאלה,797
Muslim,F,אחלאס,792
Muslim,F,כרמל,789
Muslim,F,נהלה,788
Muslim,F,חדרה,784
Muslim,F,אומימה,775
Muslim,F,חולוד,775
Muslim,F,נדאא,773
Muslim,F,ביילסאן,772
Muslim,F,תאליא,772
Muslim,F,ליאלי,766
Muslim,F,יומנא,753
Muslim,F,ג'נאת,751
Muslim,F,חיתאם,751
Muslim,F,סדיל,749
Muslim,F,רחאב,747
Muslim,F,סוהילה,742
Muslim,F,רסיל,742
Muslim,F,לורין,741
Muslim,F,שרוק,740
Muslim,F,רוז,728
Muslim,F,מינא,727
Muslim,F,ורדה,726
Muslim,F,תיא,721
Muslim,F,לינדה,712
Muslim,F,מונירה,712
Muslim,F,ג'ואן,699
Muslim,F,סידרא,698
Muslim,F,עיישה,697
Muslim,F,מיאדה,696
Muslim,F,מיסא,694
Muslim,F,ורוד,689
Muslim,F,ראיה,684
Muslim,F,אבראר,683
Muslim,F,נאילה,681
Muslim,F,איאן,679
Muslim,F,רתיל,679
Muslim,F,קיאן,678
Muslim,F,ליאל,677
Muslim,F,ניל,676
Muslim,F,וולאא,674
Muslim,F,ראנה,664
Muslim,F,אנתסאר,663
Muslim,F,מרוות,662
Muslim,F,רוסול,662
Muslim,F,מאגדה,660
Muslim,F,סיבא,660
Muslim,F,נוראן,652
Muslim,F,פאוזיה,644
Muslim,F,רוזאן,642
Muslim,F,איילה,639
Muslim,F,אסיה,638
Muslim,F,נאדרה,638
Muslim,F,גזאלה,634
Muslim,F,ריתאג,634
Muslim,F,ג'יהאן,633
Muslim,F,עידה,628
Muslim,F,רינה,620
Muslim,F,לוגין,619
Muslim,F,היפא,617
Muslim,F,אסיא,613
Muslim,F,אילא,612
Muslim,F,מיסאא,605
Muslim,F,אזהאר,602
Muslim,F,מיאן,599
Muslim,F,נאיה,599
Muslim,F,ג'זל,595
Muslim,F,כפאיה,592
Muslim,F,עבלה,591
Muslim,F,מריאנה,589
Muslim,F,ארין,586
Muslim,F,ראויה,586
Muslim,F,נסרה,584
Muslim,F,ח'תאם,582
Muslim,F,מונתהא,576
Muslim,F,בתול,575
Muslim,F,ג'יהאד,570
Muslim,F,אח'לאס,567
Muslim,F,נהאיה,567
Muslim,F,נאדיא,562
Muslim,F,חלוד,561
Muslim,F,רודינה,561
Muslim,F,ג'נה,555
Muslim,F,פירוז,553
Muslim,F,לונא,534
Muslim,F,סעדה,533
Muslim,F,אלמה,527
Muslim,F,נורהאן,519
Muslim,F,אנשראח,518
Muslim,F,בותינה,513
Muslim,F,נידא,499
Muslim,F,ניבאל,498
Muslim,F,ג'ומאנה,497
Muslim,F,חסנה,496
Muslim,F,יפה,496
Muslim,F,סלאמה,495
Muslim,F,מליחה,494
Muslim,F,פדוא,493
Muslim,F,רגדה,493
Muslim,F,חוריה,491
Muslim,F,רבאב,491
Muslim,F,הלא,486
Muslim,F,ולא,485
Muslim,F,סיראג',484
Muslim,F,ג'ינא,483
Muslim,F,לוטפיה,483
Muslim,F,גיהאן,479
Muslim,F,לוג'ין,478
Muslim,F,עהד,477
Muslim,F,שאדן,477
Muslim,F,סיליא,476
Muslim,F,ראועה,476
Muslim,F,ג'וד,474
Muslim,F,כפאח,473
Muslim,F,נבא,473
Muslim,F,נבאא,469
Muslim,F,מאג'דה,467
Muslim,F,ודחה,463
Muslim,F,ח'ולוד,461
Muslim,F,הזאר,460
Muslim,F,סג'וד,460
Muslim,F,פהימה,458
Muslim,F,זכיה,456
Muslim,F,דאנה,452
Muslim,F,נאורס,452
Muslim,F,ג'נאן,451
Muslim,F,סוסן,451
Muslim,F,כאותר,450
Muslim,F,נאהד,445
Muslim,F,נאנסי,442
Muslim,F,ראמה,442
Muslim,F,יאקות,441
Muslim,F,איליאא,435
Muslim,F,ויאם,434
Muslim,F,אנהאר,433
Muslim,F,באנה,433
Muslim,F,רינאד,433
Muslim,F,שירז,433
Muslim,F,גומאנה,430
Muslim,F,ח'אלדיה,430
Muslim,F,סלימה,428
Muslim,F,הניה,427
Muslim,F,ג'ולאן,426
Muslim,F,אכראם,423
Muslim,F,וועד,423
Muslim,F,סאידה,422
Muslim,F,גנאת,421
Muslim,F,רמאח,421
Muslim,F,אזדהאר,420
Muslim,F,וורוד,420
Muslim,F,אריאם,417
Muslim,F,כרימה,417
Muslim,F,בלסם,416
Muslim,F,זהור,416
Muslim,F,מאס,415
Muslim,F,שריהאן,414
Muslim,F,דעאא,413
Muslim,F,אעתדאל,412
Muslim,F,איח'לאס,411
Muslim,F,מירנא,410
Muslim,F,ראבעה,410
Muslim,F,ראודה,410
Muslim,F,סגוד,409
Muslim,F,אולפת,408
Muslim,F,נג'ם,408
Muslim,F,עואטף,408
Muslim,F,גראם,406
Muslim,F,אנגאם,404
Muslim,F,נדיה,403
Muslim,F,פרדוס,402
Muslim,F,רסמייה,402
Muslim,F,ארוא,401
Muslim,F,מייסר,400
Muslim,F,פרידה,399
Muslim,F,אדיאן,398
Muslim,F,בסמלה,398
Muslim,F,רנד,397
Muslim,F,מינה,390
Muslim,F,סדן,386
Muslim,F,חוסניה,385
Muslim,F,מדלין,384
Muslim,F,שהירה,382
Muslim,F,נהאד,381
Muslim,F,ח'יתאם,380
Muslim,F,נג'וא,378
Muslim,F,נהיל,377
Muslim,F,דיאלא,376
Muslim,F,ריחאב,374
Muslim,F,גוד,372
Muslim,F,לרין,372
Muslim,F,גנאן,369
Muslim,F,סאלחה,369
Muslim,F,מג'ד,368
Muslim,F,טיבה,367
Muslim,F,ניהאיה,367
Muslim,F,גואהר,364
Muslim,F,נג'מה,364
Muslim,F,האג'ר,361
Muslim,F,חולה,361
Muslim,F,עפיפה,360
Muslim,F,ח'אולה,359
Muslim,F,ליה,359
Muslim,F,ופיקה,358
Muslim,F,סאהר,358
Muslim,F,סמייה,358
Muslim,F,נוואל,357
Muslim,F,אניסה,356
Muslim,F,סלין,355
Muslim,F,רחיק,353
Muslim,F,נאהדה,352
Muslim,F,רוידה,352
Muslim,F,ג'וליה,351
Muslim,F,נזמיה,351
Muslim,F,מוניה,350
Muslim,F,איבתסאם,349
Muslim,F,אראם,349
Muslim,F,מלקה,348
Muslim,F,תמארא,345
Muslim,F,נטלי,344
Muslim,F,סופיה,343
Muslim,F,ספיה,341
Muslim,F,ג'אנה,340
Muslim,F,נרג'ס,340
Muslim,F,קדר,340
Muslim,F,נג'את,339
Muslim,F,דניא,338
Muslim,F,סאג'דה,338
Muslim,F,נגוא,336
Muslim,F,רימאן,336
Muslim,F,גואן,334
Muslim,F,הינד,334
Muslim,F,עיטאף,334
Muslim,F,אתאר,333
Muslim,F,אינתסאר,329
Muslim,F,זמזם,329
Muslim,F,זינאת,328
Muslim,F,אנסאף,327
Muslim,F,תולאי,327
Muslim,F,אמר,326
Muslim,F,חביבה,325
Muslim,F,מויסר,315
Muslim,F,ירין,314
Muslim,F,לביבה,314
Muslim,F,וסאל,309
Muslim,F,ג'ואהר,307
Muslim,F,דיאלה,306
Muslim,F,שהנאז,304
Muslim,F,אילהאם,302
Muslim,F,נבאל,302
Muslim,F,נסמה,301
Muslim,F,בהיה,300
Muslim,F,תמארה,297
Muslim,F,מורג'אן,296
Muslim,F,נרדין,296
Muslim,F,פלסטין,296
Muslim,F,ריחאן,296
Muslim,F,נורסין,295
Muslim,F,סובחייה,291
Muslim,F,ג'דיר,290
Muslim,F,ח'יריה,290
Muslim,F,ניפין,290
Muslim,F,מיסאן,289
Muslim,F,שיפא,289
Muslim,F,יסמינה,287
Muslim,F,לוג'יין,286
Muslim,F,זהראא,285
Muslim,F,חאולה,285
Muslim,F,נגאת,285
Muslim,F,שפא,285
Muslim,F,האגר,284
Muslim,F,אמאן,282
Muslim,F,בדריה,282
Muslim,F,מריאן,282
Muslim,F,עאאשה,281
Muslim,F,שריפה,280
Muslim,F,וופאא,278
Muslim,F,ימאמה,278
Muslim,F,מילה,278
Muslim,F,תקוא,278
Muslim,F,אנסאם,277
Muslim,F,ג'ודי,276
Muslim,F,כיאן,276
Muslim,F,מימונה,276
Muslim,F,נירוז,276
Muslim,F,אומניה,275
Muslim,F,רג'א,275
Muslim,F,גאליה,273
Muslim,F,מייסא,273
Muslim,F,סוניה,273
Muslim,F,עדלה,273
Muslim,F,ניסאן,272
Muslim,F,תרתיל,271
Muslim,F,הדאיה,269
Muslim,F,וג'דאן,268
Muslim,F,איליא,267
Muslim,F,בלקיס,267
Muslim,F,ויסאל,266
Muslim,F,סאגדה,266
Muslim,F,ח'דרה,265
Muslim,F,נג'לא,265
Muslim,F,נידאא,265
Muslim,F,אסינאת,264
Muslim,F,לאנה,262
Muslim,F,חאכמה,258
Muslim,F,לימאר,257
Muslim,F,סיוואר,255
Muslim,F,גוליא,253
Muslim,F,שהרזאד,253
Muslim,F,למיא,252
Muslim,F,נוף,252
Muslim,F,אמתיאז,251
Muslim,F,טליה,251
Muslim,F,ורד,250
Muslim,F,רנאד,250
Muslim,F,ג'וליא,248
Muslim,F,כיפאח,247
Muslim,F,פאידה,247
Muslim,F,מרפת,246
Muslim,F,סילה,246
Muslim,F,וסאם,245
Muslim,F,נג'וד,244
Muslim,F,סוהייר,244
Muslim,F,זריפה,243
Muslim,F,סינא,243
Muslim,F,סווסן,240
Muslim,F,ארקאן,238
Muslim,F,בנאן,237
Muslim,F,ליאנה,237
Muslim,F,תוקא,237
Muslim,F,אינעאם,235
Muslim,F,אנתיסאר,235
Muslim,F,ג'האן,235
Muslim,F,עאיישה,235
Muslim,F,מירבת,233
Muslim,F,תמרה,233
Muslim,F,אנוואר,232
Muslim,F,סלוה,232
Muslim,F,ראדיה,232
Muslim,F,ריא,232
Muslim,F,זהיה,231
Muslim,F,רביחה,231
Muslim,F,ג'ילאן,230
Muslim,F,ג'אדה,229
Muslim,F,לולו,229
Muslim,F,מיסר,229
Muslim,F,פרחה,229
Muslim,F,שפאא,229
Muslim,F,וגדאן,228
Muslim,F,נהאל,228
Muslim,F,ראונק,228
Muslim,F,מירפת,225
Muslim,F,מופידה,224
Muslim,F,ניעמה,221
Muslim,F,עלאא,221
Muslim,F,סוואר,219
Muslim,F,סידרה,218
Muslim,F,עריפה,218
Muslim,F,מדיחה,217
Muslim,F,רווידה,217
Muslim,F,חוולה,215
Muslim,F,אזל,214
Muslim,F,אתיר,214
Muslim,F,נג'יה,214
Muslim,F,שפיקה,213
Muslim,F,ארוה,212
Muslim,F,וטפה,212
Muslim,F,ח'לוד,212
Muslim,F,קינדה,212
Muslim,F,ריחאנה,212
Muslim,F,אבתהאל,211
Muslim,F,מגדולין,211
Muslim,F,פדיה,211
Muslim,F,וטן,209
Muslim,F,ספייה,209
Muslim,F,רוסל,209
Muslim,F,יאסמינה,208
Muslim,F,ניסרין,208
Muslim,F,מילאן,205
Muslim,F,ריאהם,205
Muslim,F,תמר,205
Muslim,F,אלמאזה,204
Muslim,F,סביחה,204
Muslim,F,נגמה,202
Muslim,F,סנדס,202
Muslim,F,זוהיר,201
Muslim,F,לילאס,201
Muslim,F,סעדיה,201
Muslim,F,עליאא,201
Muslim,F,ערוב,201
Muslim,F,סביל,200
Muslim,F,זהייה,197
Muslim,F,רג'אא,197
Muslim,F,רפקה,197
Muslim,F,אורג'ואן,196
Muslim,F,זוהרה,196
Muslim,F,מאסא,196
Muslim,F,ניווין,195
Muslim,F,נעאמה,195
Muslim,F,ראגדה,195
Muslim,F,ג'ינאן,193
Muslim,F,זכייה,193
Muslim,F,נג'ואן,193
Muslim,F,נואר,193
Muslim,F,נרגס,192
Muslim,F,יאקין,191
Muslim,F,מעאלי,191
Muslim,F,ארג'ואן,190
Muslim,F,ליין,190
Muslim,F,ניהאל,190
Muslim,F,סלווה,188
Muslim,F,סעידה,188
Muslim,F,רואידה,188
Muslim,F,אקראם,187
Muslim,F,שארה,187
Muslim,F,ניהאד,186
Muslim,F,תג'ריד,186
Muslim,F,תוג'אן,186
Muslim,F,אשואק,184
Muslim,F,בדיעה,184
Muslim,F,קאמלה,184
Muslim,F,מייסאא,183
Muslim,F,סילינא,183
Muslim,F,אלענוד,182
Muslim,F,כלתום,182
Muslim,F,מנא,182
Muslim,F,נורין,182
Muslim,F,וותין,181
Muslim,F,אילנה,180
Muslim,F,אליאן,180
Muslim,F,מסעדה,180
Muslim,F,נדה,180
Muslim,F,רתיבה,180
Muslim,F,אילאן,179
Muslim,F,מג'דולין,179
Muslim,F,מרבת,178
Muslim,F,זאנה,177
Muslim,F,סיליה,177
Muslim,F,סנאבל,177
Muslim,F,רגא,177
Muslim,F,גינאן,176
Muslim,F,לוגיין,176
Muslim,F,שוק,176
Muslim,F,סהיר,175
Muslim,F,רגאא,175
Muslim,F,היפאא,174
Muslim,F,מרלין,174
Muslim,F,תקוה,174
Muslim,F,בדור,173
Muslim,F,היגר,173
Muslim,F,רשידה,173
Muslim,F,הנייה,172
Muslim,F,ג'ואנה,171
Muslim,F,קארין,170
Muslim,F,רדא,170
Muslim,F,ואתין,169
Muslim,F,חנן,169
Muslim,F,מירנה,169
Muslim,F,אסתברק,168
Muslim,F,גהאן,168
Muslim,F,הדיה,167
Muslim,F,פדה,167
Muslim,F,תהליל,167
Muslim,F,אדיבה,166
Muslim,F,גלילה,165
Muslim,F,יארין,165
Muslim,F,פוזיה,165
Muslim,F,מנה,164
Muslim,F,רקיה,164
Muslim,F,ענאן,163
Muslim,F,ראופה,163
Muslim,F,גודי,162
Muslim,F,גמר,162
Muslim,F,דיאא,162
Muslim,F,חניפה,162
Muslim,F,פאטן,162
Muslim,F,נביהה,161
Muslim,F,נפוז,161
Muslim,F,רמזיה,161
Muslim,F,לוסין,160
Muslim,F,סעאד,160
Muslim,F,איחלאס,159
Muslim,F,למיה,159
Muslim,F,אליס,158
Muslim,F,אנס,158
Muslim,F,גאזיה,158
Muslim,F,אסואן,157
Muslim,F,וגיהה,157
Muslim,F,נוהאד,157
Muslim,F,בדר,156
Muslim,F,דונא,156
Muslim,F,מהה,156
Muslim,F,הייגר,155
Muslim,F,נוהה,155
Muslim,F,מחאסן,154
Muslim,F,מייאר,154
Muslim,F,שוג,154
Muslim,F,איחסאן,153
Muslim,F,סוהר,153
Muslim,F,פארח,153
Muslim,F,צפאא,153
Muslim,F,רוזה,153
Muslim,F,דיבה,150
Muslim,F,חורייה,150
Muslim,F,דלע,149
Muslim,F,זיין,149
Muslim,F,סולאף,149
Muslim,F,ריטאל,149
Muslim,F,אשגאן,148
Muslim,F,נהלא,148
Muslim,F,מירוות,147
Muslim,F,רנדא,147
Muslim,F,שמסה,147
Muslim,F,תוליב,147
Muslim,F,נזירה,146
Muslim,F,ראדה,146
Muslim,F,גמלאת,145
Muslim,F,זיינה,145
Muslim,F,רתאל,145
Muslim,F,ימאן,144
Muslim,F,כפא,144
Muslim,F,סבריה,144
Muslim,F,צפא,144
Muslim,F,תמאר,144
Muslim,F,אומיה,143
Muslim,F,הגר,143
Muslim,F,והיבה,143
Muslim,F,נילי,143
Muslim,F,סאמייה,143
Muslim,F,רתאג',143
Muslim,F,איסל,142
Muslim,F,גולאן,142
Muslim,F,נהא,142
Muslim,F,ריטל,142
Muslim,F,גזאל,141
Muslim,F,חאנין,141
Muslim,F,סוהיילה,141
Muslim,F,פיריאל,141
Muslim,F,קטר,141
Muslim,F,ראיקה,141
Muslim,F,אזהר,140
Muslim,F,ארווה,140
Muslim,F,ראאדה,140
Muslim,F,רבא,140
Muslim,F,יתרב,139
Muslim,F,נמיר,139
Muslim,F,צבאח,139
Muslim,F,איילא,138
Muslim,F,באדרה,138
Muslim,F,בשאיר,138
Muslim,F,נגלא,138
Muslim,F,עבלא,138
Muslim,F,קרין,138
Muslim,F,אמאנה,137
Muslim,F,ארגואן,137
Muslim,F,וודאד,137
Muslim,F,זהרא,137
Muslim,F,יאנה,137
Muslim,F,רוזלין,137
Muslim,F,רינאל,137
Muslim,F,ארז,136
Muslim,F,נגוה,136
Muslim,F,אכלאס,135
Muslim,F,נגיה,135
Muslim,F,נעמאת,135
Muslim,F,סאנדי,135
Muslim,F,קרואן,135
Muslim,F,אנתצאר,134
Muslim,F,חייאת,134
Muslim,F,מיליא,134
Muslim,F,אוסלין,133
Muslim,F,גינה,133
Muslim,F,הוידה,133
Muslim,F,בהייה,132
Muslim,F,ג'ומאן,132
Muslim,F,וספיה,132
Muslim,F,זהירה,132
Muslim,F,כארם,132
Muslim,F,נגווה,132
Muslim,F,נהאי,132
Muslim,F,נג'לה,131
Muslim,F,ניג'מה,131
Muslim,F,פטום,131
Muslim,F,רבקה,131
Muslim,F,גמיעה,130
Muslim,F,נעמתי,130
Muslim,F,סולאפה,130
Muslim,F,תראא,130
Muslim,F,ג'מאלאת,129
Muslim,F,צאברין,129
Muslim,F,ראיפה,129
Muslim,F,וורדה,128
Muslim,F,חסן,128
Muslim,F,נתאלי,128
Muslim,F,כאוכב,127
Muslim,F,מראח,127
Muslim,F,נגלה,127
Muslim,F,רפיקה,127
Muslim,F,חפיזה,126
Muslim,F,מאהרה,126
Muslim,F,סלווא,126
Muslim,F,ויויאן,125
Muslim,F,זינא,125
Muslim,F,ליאנא,125
Muslim,F,מלאא,125
Muslim,F,סיהם,125
Muslim,F,פח'ריה,125
Muslim,F,אינסאף,124
Muslim,F,אליאנה,124
Muslim,F,אנפאל,124
Muslim,F,סורייה,124
Muslim,F,סניאל,124
Muslim,F,מיסלון,123
Muslim,F,נאדה,123
Muslim,F,רודה,123
Muslim,F,תאג',123
Muslim,F,סארא,122
Muslim,F,ערובה,122
Muslim,F,פראח,122
Muslim,F,אמילי,121
Muslim,F,כאוסר,121
Muslim,F,מורגאן,121
Muslim,F,איעתדאל,120
Muslim,F,מואדה,120
Muslim,F,מינאס,120
Muslim,F,ליליא,119
Muslim,F,נופה,119
Muslim,F,שהאד,119
Muslim,F,גילאן,118
Muslim,F,כותר,118
Muslim,F,מנוה,118
Muslim,F,נגוד,118
Muslim,F,נפיסה,118
Muslim,F,עזיה,118
Muslim,F,ראנייה,118
Muslim,F,שיפאא,118
Muslim,F,חרבה,117
Muslim,F,מיראן,117
Muslim,F,זהריה,116
Muslim,F,כנאר,116
Muslim,F,רביע,116
Muslim,F,רודיינה,116
Muslim,F,רושאן,116
Muslim,F,חמידה,115
Muslim,F,לים,115
Muslim,F,ענאיה,115
Muslim,F,פאטימה,115
Muslim,F,רוחיה,115
Muslim,F,ריתא,115
Muslim,F,פדוה,114
Muslim,F,קינדא,114
Muslim,F,ג'אנא,113
Muslim,F,דלילה,113
Muslim,F,נוזהה,113
Muslim,F,סלמי,113
Muslim,F,ראניא,113
Muslim,F,אלמאס,112
Muslim,F,ארכאן,112
Muslim,F,טולין,112
Muslim,F,סנין,112
Muslim,F,רוונד,112
Muslim,F,רתאג,112
Muslim,F,כיפאיה,111
Muslim,F,ענוד,111
Muslim,F,ארווא,110
Muslim,F,גוליה,110
Muslim,F,חייריה,110
Muslim,F,איזדהאר,109
Muslim,F,בוראן,109
Muslim,F,ג'והינה,109
Muslim,F,גופראן,109
Muslim,F,רואנד,109
Muslim,F,רותאג',109
Muslim,F,רמאס,109
Muslim,F,אחלס,108
Muslim,F,לבנא,108
Muslim,F,מהדיה,108
Muslim,F,נעמת,108
Muslim,F,סוניא,108
Muslim,F,עוביידה,108
Muslim,F,ראואן,108
Muslim,F,ריהאן,108
Muslim,F,ג'ינה,107
Muslim,F,האדיה,107
Muslim,F,נגלאא,107
Muslim,F,פאוזייה,107
Muslim,F,פוראת,107
Muslim,F,הדיר,106
Muslim,F,אינתיסאר,105
Muslim,F,חמיסה,105
Muslim,F,נג'וה,105
Muslim,F,עסלה,105
Muslim,F,פדייה,105
Muslim,F,ריתאן,105
Muslim,F,ג'לילה,104
Muslim,F,מייסה,104
Muslim,F,סוריה,104
Muslim,F,עיפאף,104
Muslim,F,ראון,104
Muslim,F,אנה,103
Muslim,F,גמאנה,103
Muslim,F,חאלדיה,103
Muslim,F,חלוה,103
Muslim,F,ליילה,103
Muslim,F,נוסיבה,103
Muslim,F,סופיא,103
Muslim,F,סוריא,103
Muslim,F,פדווא,103
Muslim,F,גאזל,102
Muslim,F,ח'זנה,102
Muslim,F,סהא,102
Muslim,F,סהאד,102
Muslim,F,סמה,102
Muslim,F,רוסלין,102
Muslim,F,רנאן,102
Muslim,F,ג'ולין,101
Muslim,F,גלא,101
Muslim,F,יאקוט,101
Muslim,F,כפאייה,101
Muslim,F,לורא,101
Muslim,F,נזהה,101
Muslim,F,קרולין,101
Muslim,F,תוגאן,101
Muslim,F,מדלן,100
Muslim,F,ראנדה,100
Muslim,F,וידאד,99
Muslim,F,כמיליא,99
Muslim,F,מוזיין,99
Muslim,F,פאיקה,99
Muslim,F,פרחאנה,99
Muslim,F,קאידה,99
Muslim,F,ראיא,99
Muslim,F,אקבאל,98
Muslim,F,גוסון,98
Muslim,F,דיאר,98
Muslim,F,יוסר,98
Muslim,F,מנסורה,98
Muslim,F,נורסאן,98
Muslim,F,סומא,98
Muslim,F,ריטה,98
Muslim,F,תבארק,98
Muslim,F,אילינא,97
Muslim,F,זוהור,97
Muslim,F,רקייה,97
Muslim,F,אילף,96
Muslim,F,אעתידאל,96
Muslim,F,המסה,96
Muslim,F,חאג'ה,96
Muslim,F,חוסנייה,96
Muslim,F,כרואן,96
Muslim,F,סאאדה,96
Muslim,F,סאהרה,96
Muslim,F,סינה,96
Muslim,F,סלואן,96
Muslim,F,קנאר,96
Muslim,F,רג'דה,96
Muslim,F,אסראר,95
Muslim,F,מושירה,95
Muslim,F,נגואה,95
Muslim,F,רונזא,95
Muslim,F,אבתיהאל,94
Muslim,F,אייסל,94
Muslim,F,אלחאן,94
Muslim,F,דאולת,94
Muslim,F,סבח,94
Muslim,F,סינין,94
Muslim,F,פאתינה,94
Muslim,F,ראיסה,94
Muslim,F,תייא,94
Muslim,F,למיאא,93
Muslim,F,נאסרה,93
Muslim,F,רזאל,93
Muslim,F,דעא,92
Muslim,F,נזמייה,92
Muslim,F,קנדה,92
Muslim,F,איילול,91
Muslim,F,ג'וליאנה,91
Muslim,F,ג'ראם,91
Muslim,F,יקוט,91
Muslim,F,מארי,91
Muslim,F,צבא,91
Muslim,F,קאותר,91
Muslim,F,ג'מלאת,90
Muslim,F,דנא,90
Muslim,F,עהוד,90
Muslim,F,פיירוז,90
Muslim,F,רשה,90
Muslim,F,גוואן,89
Muslim,F,דיקרה,89
Muslim,F,וג'יהה,89
Muslim,F,חאנן,89
Muslim,F,מיאס,89
Muslim,F,שיח'ה,89
Muslim,F,גמאלאת,88
Muslim,F,ח'יר,88
Muslim,F,סונא,88
Muslim,F,רדיר,88
Muslim,F,רוזין,88
Muslim,F,רסל,88
Muslim,F,אעתמאד,87
Muslim,F,זאידה,87
Muslim,F,ח'דיגה,87
Muslim,F,כמיליה,87
Muslim,F,לגין,87
Muslim,F,מרינה,87
Muslim,F,ניוין,87
Muslim,F,סוהד,87
Muslim,F,סראב,87
Muslim,F,סרה,87
Muslim,F,פוז,87
Muslim,F,רדיה,87
Muslim,F,יאנא,86
Muslim,F,יגין,86
Muslim,F,נג'לאא,86
Muslim,F,רונד,86
Muslim,F,ג'ולי,85
Muslim,F,סנדוס,85
Muslim,F,רוא,85
Muslim,F,שאמס,85
Muslim,F,תוריא,85
Muslim,F,אסל,84
Muslim,F,זאדה,84
Muslim,F,כוותר,84
Muslim,F,ניגמה,84
Muslim,F,נידאל,84
Muslim,F,ראסיל,84
Muslim,F,רוועה,84
Muslim,F,אלינה,83
Muslim,F,גומאן,83
Muslim,F,וחידה,83
Muslim,F,מורן,83
Muslim,F,מיאסר,83
Muslim,F,מנאהל,83
Muslim,F,מריאם,83
Muslim,F,נאאלה,83
Muslim,F,נג'דיה,83
Muslim,F,ראגד,83
Muslim,F,שיחה,83
Muslim,F,שריהן,83
Muslim,F,איילין,82
Muslim,F,בדרייה,82
Muslim,F,בוסינה,82
Muslim,F,ג'קלין,82
Muslim,F,ח'ולה,82
Muslim,F,מהירה,82
Muslim,F,סאמא,82
Muslim,F,סוכינה,82
Muslim,F,תורכיה,82
Muslim,F,אמונה,81
Muslim,F,ג'ומנה,81
Muslim,F,הדא,81
Muslim,F,חירייה,81
Muslim,F,מיאסין,81
Muslim,F,מרות,81
Muslim,F,סילינה,81
Muslim,F,פדילה,81
Muslim,F,פוזייה,81
Muslim,F,אום,80
Muslim,F,אורגואן,80
Muslim,F,היג'ר,80
Muslim,F,ויקטוריה,80
Muslim,F,וסילה,80
Muslim,F,ניסמה,80
Muslim,F,פהמיה,80
Muslim,F,קפאיה,80
Muslim,F,רונזה,80
Muslim,F,אליאנא,79
Muslim,F,חיריה,79
Muslim,F,מרלן,79
Muslim,F,סולטאנה,79
Muslim,F,סנדרה,79
Muslim,F,עורוב,79
Muslim,F,תקווא,79
Muslim,F,איליה,78
Muslim,F,בשרא,78
Muslim,F,ג'ואנא,78
Muslim,F,דהב,78
Muslim,F,וודחה,78
Muslim,F,חיסן,78
Muslim,F,חכמת,78
Muslim,F,לליאן,78
Muslim,F,מוזין,78
Muslim,F,סניורה,78
Muslim,F,עדילה,78
Muslim,F,קותר,78
Muslim,F,קרמל,78
Muslim,F,רזל,78
Muslim,F,שושנה,78
Muslim,F,לורה,77
Muslim,F,נאסרין,77
Muslim,F,נרגיס,77
Muslim,F,עינאיה,77
Muslim,F,צבחה,77
Muslim,F,שיפה,77
Muslim,F,מואהב,76
Muslim,F,אלינור,75
Muslim,F,חיסין,75
Muslim,F,מלאך,75
Muslim,F,מרג'אן,75
Muslim,F,נגווא,75
Muslim,F,נוסייבה,75
Muslim,F,בירות,74
Muslim,F,הילין,74
Muslim,F,הנדה,74
Muslim,F,סולטנה,74
Muslim,F,סמהר,74
Muslim,F,ערביה,74
Muslim,F,קפאח,74
Muslim,F,תלא,74
Muslim,F,אדיל,73
Muslim,F,בריהאן,73
Muslim,F,ח'וולה,73
Muslim,F,שאדייה,73
Muslim,F,ביירות,72
Muslim,F,הנדי,72
Muslim,F,ווסאל,72
Muslim,F,זאהרה,72
Muslim,F,חזנה,72
Muslim,F,יוסור,72
Muslim,F,מזל,72
Muslim,F,סיג'וד,72
Muslim,F,סעדייה,72
Muslim,F,זוהריה,71
Muslim,F,טורפה,71
Muslim,F,יסרא,71
Muslim,F,מעזוזה,71
Muslim,F,נילאן,71
Muslim,F,נעאם,71
Muslim,F,סונה,71
Muslim,F,ענת,71
Muslim,F,פדואה,71
Muslim,F,קרימה,71
Muslim,F,ראהף,71
Muslim,F,רויא,71
Muslim,F,אוסנת,70
Muslim,F,אשרקת,70
Muslim,F,הידאיה,70
Muslim,F,זהאנה,70
Muslim,F,טייבה,70
Muslim,F,לוג'אין,70
Muslim,F,מוכרם,70
Muslim,F,רוזא,70
Muslim,F,רפעה,70
Muslim,F,שועאע,70
Muslim,F,אמארה,69
Muslim,F,אסלה,69
Muslim,F,חיתם,69
Muslim,F,כרם,69
Muslim,F,מאלאק,69
Muslim,F,מג'דלין,69
Muslim,F,נירמין,69
Muslim,F,קנז,69
Muslim,F,תריא,69
Muslim,F,אנג'אם,68
Muslim,F,הונידה,68
Muslim,F,זבידה,68
Muslim,F,חאתמה,68
Muslim,F,מונאי,68
Muslim,F,מריים,68
Muslim,F,נועם,68
Muslim,F,סילואן,68
Muslim,F,רהאף,68
Muslim,F,אריס,67
Muslim,F,הייפא,67
Muslim,F,לתין,67
Muslim,F,נאזק,67
Muslim,F,סדיקה,67
Muslim,F,סיניאל,67
Muslim,F,רבעה,67
Muslim,F,תוקה,67
Muslim,F,בהג'ה,66
Muslim,F,גסון,66
Muslim,F,דיאן,66
Muslim,F,הדייה,66
Muslim,F,חרביה,66
Muslim,F,טוליפ,66
Muslim,F,מאיסון,66
Muslim,F,מנוור,66
Muslim,F,נארימן,66
Muslim,F,סמוד,66
Muslim,F,עזייה,66
Muslim,F,פדווה,66
Muslim,F,קאוסר,66
Muslim,F,רוזאלין,66
Muslim,F,אשתיאק,65
Muslim,F,גאנא,65
Muslim,F,דורין,65
Muslim,F,דלל,65
Muslim,F,וג'יהא,65
Muslim,F,זהידה,65
Muslim,F,לוטפייה,65
Muslim,F,לורן,65
Muslim,F,נארין,65
Muslim,F,עוטרה,65
Muslim,F,פחריה,65
Muslim,F,ריף,65
Muslim,F,אווה,64
Muslim,F,אמלי,64
Muslim,F,דואה,64
Muslim,F,טאלה,64
Muslim,F,כנדה,64
Muslim,F,סמארה,64
Muslim,F,ענדליב,64
Muslim,F,רחל,64
Muslim,F,תמאדר,64
Muslim,F,איאנה,63
Muslim,F,אן,63
Muslim,F,ג'אנת,63
Muslim,F,גואנה,63
Muslim,F,הילאנה,63
Muslim,F,זינאב,63
Muslim,F,מוזנה,63
Muslim,F,מרם,63
Muslim,F,סול,63
Muslim,F,ראמיה,63
Muslim,F,ראשא,63
Muslim,F,אזדיהאר,62
Muslim,F,אליסאר,62
Muslim,F,ברוג',62
Muslim,F,ג'ידאא,62
Muslim,F,הייאם,62
Muslim,F,ווגדאן,62
Muslim,F,ויג'דאן,62
Muslim,F,חלאס,62
Muslim,F,מונאיה,62
Muslim,F,נגייה,62
Muslim,F,נזיהה,62
Muslim,F,נטליה,62
Muslim,F,נסם,62
Muslim,F,נתלי,62
Muslim,F,סאוסאן,62
Muslim,F,סהראב,62
Muslim,F,פולה,62
Muslim,F,בהאא,61
Muslim,F,ג'מאנה,61
Muslim,F,חסנא,61
Muslim,F,מרסל,61
Muslim,F,נורמאן,61
Muslim,F,ניבל,61
Muslim,F,סופי,61
Muslim,F,פרדאוס,61
Muslim,F,קתרין,61
Muslim,F,רויה,61
Muslim,F,רמא,61
Muslim,F,אנג'י,60
Muslim,F,אסאיל,60
Muslim,F,גואנא,60
Muslim,F,חסנאא,60
Muslim,F,כרימאן,60
Muslim,F,לוזאן,60
Muslim,F,מגדה,60
Muslim,F,מוראן,60
Muslim,F,מימנה,60
Muslim,F,מנת,60
Muslim,F,סאמח,60
Muslim,F,סומאיה,60
Muslim,F,קאדר,60
Muslim,F,ראליה,60
Muslim,F,רוסילה,60
Muslim,F,רנאא,60
Muslim,F,אדל,59
Muslim,F,אולגה,59
Muslim,F,אסמהן,59
Muslim,F,האדיל,59
Muslim,F,כוכב,59
Muslim,F,לילי,59
Muslim,F,נהיה,59
Muslim,F,ניהאי,59
Muslim,F,נייל,59
Muslim,F,נרג'יס,59
Muslim,F,עלייה,59
Muslim,F,ראוויה,59
Muslim,F,אבתהאג',58
Muslim,F,אינתיסר,58
Muslim,F,אנדלוס,58
Muslim,F,אניה,58
Muslim,F,חילוה,58
Muslim,F,כרמה,58
Muslim,F,נפין,58
Muslim,F,סאג'א,58
Muslim,F,עיידה,58
Muslim,F,פריהאן,58
Muslim,F,קטרין,58
Muslim,F,ראזל,58
Muslim,F,ראם,58
Muslim,F,רופאן,58
Muslim,F,רינת,58
Muslim,F,אברר,57
Muslim,F,אלינא,57
Muslim,F,אשוואק,57
Muslim,F,דואא,57
Muslim,F,זעילה,57
Muslim,F,חאלא,57
Muslim,F,חילוד,57
Muslim,F,כינדא,57
Muslim,F,סיגוד,57
Muslim,F,סיליאן,57
Muslim,F,סנדי,57
Muslim,F,עיאשה,57
Muslim,F,רופידה,57
Muslim,F,רושדיה,57
Muslim,F,רימאא,57
Muslim,F,רימי,57
Muslim,F,רמזייה,57
Muslim,F,אמימה,56
Muslim,F,אמראת,56
Muslim,F,אנהר,56
Muslim,F,אסמאה,56
Muslim,F,גאדיר,56
Muslim,F,גומנה,56
Muslim,F,דאלין,56
Muslim,F,נג'ואה,56
Muslim,F,סוזי,56
Muslim,F,קזאיה,56
Muslim,F,קיפאח,56
Muslim,F,תלג'ה,56
Muslim,F,אסאל,55
Muslim,F,באסימה,55
Muslim,F,בוסיינה,55
Muslim,F,גוואהר,55
Muslim,F,וסמיה,55
Muslim,F,חיאה,55
Muslim,F,חלווה,55
Muslim,F,לואה,55
Muslim,F,נוארה,55
Muslim,F,סדרה,55
Muslim,F,סומוד,55
Muslim,F,ראבחה,55
Muslim,F,תיה,55
Muslim,F,אדים,54
Muslim,F,אומאמה,54
Muslim,F,אילאנה,54
Muslim,F,בגדאד,54
Muslim,F,ח'ייר,54
Muslim,F,טלין,54
Muslim,F,טרב,54
Muslim,F,מוטיעה,54
Muslim,F,מייסלון,54
Muslim,F,מכה,54
Muslim,F,מנוא,54
Muslim,F,סילאן,54
Muslim,F,פג'ר,54
Muslim,F,פטימה,54
Muslim,F,קמיליה,54
Muslim,F,רייאן,54
Muslim,F,רינאס,54
Muslim,F,אבתהאג,53
Muslim,F,איקבאל,53
Muslim,F,ג'אזל,53
Muslim,F,ג'ונא,53
Muslim,F,הנדיה,53
Muslim,F,טיבא,53
Muslim,F,לייא,53
Muslim,F,מאל,53
Muslim,F,מונאיא,53
Muslim,F,נראם,53
Muslim,F,עזה,53
Muslim,F,עינא,53
Muslim,F,רגאד,53
Muslim,F,אמואג',52
Muslim,F,בורוג',52
Muslim,F,ג'יאנא,52
Muslim,F,ווג'דאן,52
Muslim,F,חיראא,52
Muslim,F,יקות,52
Muslim,F,כנאנה,52
Muslim,F,לידיה,52
Muslim,F,נסאים,52
Muslim,F,עדיר,52
Muslim,F,ראונד,52
Muslim,F,רונית,52
Muslim,F,רייא,52
Muslim,F,אולפאת,51
Muslim,F,אינור,51
Muslim,F,אנג'וד,51
Muslim,F,בסנת,51
Muslim,F,ג'וליאן,51
Muslim,F,ווטן,51
Muslim,F,חבסה,51
Muslim,F,חכמאת,51
Muslim,F,יאסמינא,51
Muslim,F,מגדלין,51
Muslim,F,מיריל,51
Muslim,F,נג'ווה,51
Muslim,F,סאפיה,51
Muslim,F,רודאינה,51
Muslim,F,ריטאג',51
Muslim,F,ארקן,50
Muslim,F,גזאיה,50
Muslim,F,דאלל,50
Muslim,F,ואפה,50
Muslim,F,חאלדה,50
Muslim,F,טאליה,50
Muslim,F,כינדה,50
Muslim,F,מליקה,50
Muslim,F,מנתאללה,50
Muslim,F,מקבולה,50
Muslim,F,מרי,50
Muslim,F,נאפזה,50
Muslim,F,סוסאן,50
Muslim,F,רולין,50
Muslim,F,תהני,50
Muslim,F,איאנא,49
Muslim,F,איכראם,49
Muslim,F,אל,49
Muslim,F,אנסאר,49
Muslim,F,כלוד,49
Muslim,F,מג'דה,49
Muslim,F,מוייסר,49
Muslim,F,מייאדה,49
Muslim,F,סכינה,49
Muslim,F,סלינה,49
Muslim,F,ראנא,49
Muslim,F,רונק,49
Muslim,F,ריאנה,49
Muslim,F,רין,49
Muslim,F,שדיה,49
Muslim,F,אסרה,48
Muslim,F,אפתכאר,48
Muslim,F,דאן,48
Muslim,F,הילה,48
Muslim,F,ופיה,48
Muslim,F,סרוה,48
Muslim,F,פתיה,48
Muslim,F,קריסטין,48
Muslim,F,רחיל,48
Muslim,F,ריחב,48
Muslim,F,רעד,48
Muslim,F,תרנים,48
Muslim,F,אמאר,47
Muslim,F,אמון,47
Muslim,F,ג'נט,47
Muslim,F,הדאיא,47
Muslim,F,ואטן,47
Muslim,F,חיכמת,47
Muslim,F,חכמה,47
Muslim,F,חסינה,47
Muslim,F,לאמאר,47
Muslim,F,לומא,47
Muslim,F,מהדייה,47
Muslim,F,מודה,47
Muslim,F,מוניפה,47
Muslim,F,מילאנא,47
Muslim,F,נג'אם,47
Muslim,F,נג'ד,47
Muslim,F,נדוא,47
Muslim,F,נשוא,47
Muslim,F,סלחה,47
Muslim,F,סניה,47
Muslim,F,עוואטף,47
Muslim,F,עטיאת,47
Muslim,F,עפת,47
Muslim,F,ראנים,47
Muslim,F,ראתיל,47
Muslim,F,רודינא,47
Muslim,F,רוזית,47
Muslim,F,רוסיל,47
Muslim,F,ריתל,47
Muslim,F,תמימה,47
Muslim,F,תמם,47
Muslim,F,אומייה,46
Muslim,F,איליף,46
Muslim,F,ג'יאנה,46
Muslim,F,דונה,46
Muslim,F,הג'ר,46
Muslim,F,יאפה,46
Muslim,F,ילנה,46
Muslim,F,כנדא,46
Muslim,F,ליאה,46
Muslim,F,מאדלין,46
Muslim,F,מאהא,46
Muslim,F,מאניסא,46
Muslim,F,מנתהא,46
Muslim,F,נארדין,46
Muslim,F,נורן,46
Muslim,F,סאמרה,46
Muslim,F,סאפא,46
Muslim,F,פהדה,46
Muslim,F,רוזן,46
Muslim,F,תאג,46
Muslim,F,מוודה,45
Muslim,F,מונייה,45
Muslim,F,מיאסה,45
Muslim,F,מנואר,45
Muslim,F,מרין,45
Muslim,F,נאהידה,45
Muslim,F,נסים,45
Muslim,F,סהילה,45
Muslim,F,סוכיינה,45
Muslim,F,ע'נא,45
Muslim,F,עסמת,45
Muslim,F,עתאב,45
Muslim,F,רמה,45
Muslim,F,שאדיא,45
Muslim,F,תליה,45
Muslim,F,תנאא,45
Muslim,F,איאם,44
Muslim,F,אלאה,44
Muslim,F,אשגן,44
Muslim,F,בכיתה,44
Muslim,F,ג'יהן,44
Muslim,F,גוזלאן,44
Muslim,F,הינדיה,44
Muslim,F,וואפה,44
Muslim,F,זהרייה,44
Muslim,F,חפסה,44
Muslim,F,טטיאנה,44
Muslim,F,יוליה,44
Muslim,F,לאיא,44
Muslim,F,ליליה,44
Muslim,F,מאיסא,44
Muslim,F,נורהן,44
Muslim,F,ניראל,44
Muslim,F,סמח,44
Muslim,F,עאאישה,44
Muslim,F,עזל,44
Muslim,F,פחרייה,44
Muslim,F,רודין,44
Muslim,F,אליסה,43
Muslim,F,בוראק,43
Muslim,F,בסימה,43
Muslim,F,ג'לא,43
Muslim,F,גולן,43
Muslim,F,דניאלה,43
Muslim,F,כתאם,43
Muslim,F,נאדא,43
Muslim,F,נביהא,43
Muslim,F,פותנה,43
Muslim,F,קארמן,43
Muslim,F,תרא,43
Muslim,F,איסרה,42
Muslim,F,אללא,42
Muslim,F,ג'וואן,42
Muslim,F,טאלא,42
Muslim,F,כארמן,42
Muslim,F,מיראג',42
Muslim,F,מנל,42
Muslim,F,נאג'ח,42
Muslim,F,נמארק,42
Muslim,F,סלי,42
Muslim,F,סמהאר,42
Muslim,F,סריה,42
Muslim,F,עאיידה,42
Muslim,F,פריחה,42
Muslim,F,קנזי,42
Muslim,F,רדה,42
Muslim,F,רווא,42
Muslim,F,רויאה,42
Muslim,F,תריה,42
Muslim,F,אבאא,41
Muslim,F,איליאן,41
Muslim,F,אירינה,41
Muslim,F,אניל,41
Muslim,F,אצאלה,41
Muslim,F,דומיאנה,41
Muslim,F,וואתין,41
Muslim,F,וסן,41
Muslim,F,חוסון,41
Muslim,F,לבנה,41
Muslim,F,מאייס,41
Muslim,F,מוהדיה,41
Muslim,F,נרין,41
Muslim,F,סאגה,41
Muslim,F,סראא,41
Muslim,F,קמלה,41
Muslim,F,ראדיר,41
Muslim,F,אג'ואן,40
Muslim,F,בהיגה,40
Muslim,F,ג'זאל,40
Muslim,F,הלאלה,40
Muslim,F,חכמיה,40
Muslim,F,מראדי,40
Muslim,F,נדרה,40
Muslim,F,נהאונד,40
Muslim,F,נוין,40
Muslim,F,עאליא,40
Muslim,F,עוהוד,40
Muslim,F,עמירה,40
Muslim,F,עסל,40
Muslim,F,קוקב,40
Muslim,F,רימאל,40
Muslim,F,רמאא,40
Muslim,F,תאובה,40
Muslim,F,תובה,40
Muslim,F,תיימה,40
Muslim,F,תעריד,40
Muslim,F,אבתיהאג',39
Muslim,F,ברוג,39
Muslim,F,ג'ונה,39
Muslim,F,דויא,39
Muslim,F,דים,39
Muslim,F,זכריאת,39
Muslim,F,ח'ירייה,39
Muslim,F,חוסין,39
Muslim,F,לימא,39
Muslim,F,לינור,39
Muslim,F,מאיי,39
Muslim,F,מורג'אנה,39
Muslim,F,מרגאן,39
Muslim,F,מרפאת,39
Muslim,F,נאלה,39
Muslim,F,נג'יבה,39
Muslim,F,נדייה,39
Muslim,F,נורית,39
Muslim,F,נילאי,39
Muslim,F,נתאל,39
Muslim,F,פלחה,39
Muslim,F,צפיה,39
Muslim,F,רוחייה,39
Muslim,F,רייה,39
Muslim,F,תוליפ,39
Muslim,F,אוסאף,38
Muslim,F,בסמאלה,38
Muslim,F,ג'אליה,38
Muslim,F,גוליאנה,38
Muslim,F,הואידה,38
Muslim,F,ואלא,38
Muslim,F,וגיהא,38
Muslim,F,חיכמיה,38
Muslim,F,יאסרה,38
Muslim,F,נאהיה,38
Muslim,F,נאיי,38
Muslim,F,נהואנד,38
Muslim,F,נוזהא,38
Muslim,F,נוחה,38
Muslim,F,סברינה,38
Muslim,F,סוהאם,38
Muslim,F,סחאר,38
Muslim,F,עוריב,38
Muslim,F,עטא,38
Muslim,F,קריסטינה,38
Muslim,F,ריואא,38
Muslim,F,רינד,38
Muslim,F,שמה,38
Muslim,F,תאירה,38
Muslim,F,אמאראת,37
Muslim,F,אמיליה,37
Muslim,F,אסנת,37
Muslim,F,ג'וואהר,37
Muslim,F,האנה,37
Muslim,F,הייה,37
Muslim,F,חוא,37
Muslim,F,טאלין,37
Muslim,F,כדיגה,37
Muslim,F,לאמר,37
Muslim,F,לוריס,37
Muslim,F,מורסלין,37
Muslim,F,מיראם,37
Muslim,F,מרואת,37
Muslim,F,סידאל,37
Muslim,F,רוודה,37
Muslim,F,רוידא,37
Muslim,F,שירן,37
Muslim,F,תיאה,37
Muslim,F,איזיס,36
Muslim,F,איתאר,36
Muslim,F,אכאבר,36
Muslim,F,אליאא,36
Muslim,F,ג'נאא,36
Muslim,F,דיאם,36
Muslim,F,חיטאם,36
Muslim,F,חלמיה,36
Muslim,F,טרפה,36
Muslim,F,ינאל,36
Muslim,F,לימור,36
Muslim,F,מיתה,36
Muslim,F,נואה,36
Muslim,F,סברייה,36
Muslim,F,סומיא,36
Muslim,F,סמדר,36
Muslim,F,סנה,36
Muslim,F,ענאת,36
Muslim,F,רימונדה,36
Muslim,F,רימס,36
Muslim,F,רינאת,36
Muslim,F,רפא,36
Muslim,F,שהינאז,36
Muslim,F,תסהיל,36
Muslim,F,תסואהן,36
Muslim,F,אבתיסם,35
Muslim,F,אדיר,35
Muslim,F,איזדיהאר,35
Muslim,F,אילן,35
Muslim,F,איקראם,35
Muslim,F,אריאנה,35
Muslim,F,גוהאר,35
Muslim,F,הג'אר,35
Muslim,F,זכרא,35
Muslim,F,חאגה,35
Muslim,F,טליעה,35
Muslim,F,יופא,35
Muslim,F,לוזיאן,35
Muslim,F,מארלין,35
Muslim,F,מירב,35
Muslim,F,מלוק,35
Muslim,F,מליסה,35
Muslim,F,מעידה,35
Muslim,F,מקה,35
Muslim,F,נדירה,35
Muslim,F,נווין,35
Muslim,F,נינה,35
Muslim,F,נירה,35
Muslim,F,נסיבה,35
Muslim,F,נעמי,35
Muslim,F,סאנא,35
Muslim,F,סברה,35
Muslim,F,סדים,35
Muslim,F,סהרה,35
Muslim,F,סיאם,35
Muslim,F,סלינא,35
Muslim,F,עאדה,35
Muslim,F,עאקלה,35
Muslim,F,פאייזה,35
Muslim,F,פלק,35
Muslim,F,צובחיה,35
Muslim,F,רנאל,35
Muslim,F,תרייה,35
Muslim,F,אזאד,34
Muslim,F,אייט,34
Muslim,F,אכרם,34
Muslim,F,בשאייר,34
Muslim,F,גוהרה,34
Muslim,F,הווידה,34
Muslim,F,ודיאן,34
Muslim,F,וופה,34
Muslim,F,יקטרינה,34
Muslim,F,לאיה,34
Muslim,F,לוסיל,34
Muslim,F,מאזנה,34
Muslim,F,מדללה,34
Muslim,F,מסיונה,34
Muslim,F,מרבד,34
Muslim,F,סומה,34
Muslim,F,סימאת,34
Muslim,F,סירא,34
Muslim,F,סלמיה,34
Muslim,F,עוקילה,34
Muslim,F,ענאיאת,34
Muslim,F,רידא,34
Muslim,F,שרית,34
Muslim,F,תנא,34
Muslim,F,איבאא,33
Muslim,F,אייאן,33
Muslim,F,אילאנא,33
Muslim,F,אמה,33
Muslim,F,אמן,33
Muslim,F,אפתחאר,33
Muslim,F,ארם,33
Muslim,F,אשראק,33
Muslim,F,גאמר,33
Muslim,F,גנימה,33
Muslim,F,האניה,33
Muslim,F,ואפא,33
Muslim,F,זוהא,33
Muslim,F,זוהירה,33
Muslim,F,חיה,33
Muslim,F,מגדל,33
Muslim,F,מיסרה,33
Muslim,F,מלא,33
Muslim,F,נלי,33
Muslim,F,סמרה,33
Muslim,F,סעדי,33
Muslim,F,ענימה,33
Muslim,F,ראנסי,33
Muslim,F,רדינה,33
Muslim,F,רונה,33
Muslim,F,רימאז,33
Muslim,F,רינאן,33
Muslim,F,תופאחה,33
Muslim,F,אליין,32
Muslim,F,אנג'ל,32
Muslim,F,אריז,32
Muslim,F,ביסן,32
Muslim,F,ברכה,32
Muslim,F,ג'ידא,32
Muslim,F,גאזייה,32
Muslim,F,דחא,32
Muslim,F,הייפאא,32
Muslim,F,ווטפה,32
Muslim,F,זהבה,32
Muslim,F,זינת,32
Muslim,F,יסמינא,32
Muslim,F,יסרה,32
Muslim,F,ירדנה,32
Muslim,F,כאידה,32
Muslim,F,כיראם,32
Muslim,F,כריסטינה,32
Muslim,F,ליסה,32
Muslim,F,מואמנה,32
Muslim,F,מנירה,32
Muslim,F,ניקול,32
Muslim,F,סאדיל,32
Muslim,F,סבטלנה,32
Muslim,F,סילביה,32
Muslim,F,עדאלה,32
Muslim,F,פיחאא,32
Muslim,F,פריגה,32
Muslim,F,פריזה,32
Muslim,F,רוואא,32
Muslim,F,ריוא,32
Muslim,F,ריין,32
Muslim,F,שאמה,32
Muslim,F,שארין,32
Muslim,F,תסביח,32
Muslim,F,תסנין,32
Muslim,F,תקואה,32
Muslim,F,בדרה,31
Muslim,F,ברדיס,31
Muslim,F,ג'והאר,31
Muslim,F,ג'ולנאר,31
Muslim,F,גוהינה,31
Muslim,F,דעינה,31
Muslim,F,הלין,31
Muslim,F,הלן,31
Muslim,F,וויסאל,31
Muslim,F,וטין,31
Muslim,F,זנה,31
Muslim,F,זקייה,31
Muslim,F,טהאני,31
Muslim,F,כראמה,31
Muslim,F,מוהדייה,31
Muslim,F,מיליה,31
Muslim,F,מליכה,31
Muslim,F,מרוואת,31
Muslim,F,נואעם,31
Muslim,F,נירין,31
Muslim,F,נסמאת,31
Muslim,F,סבין,31
Muslim,F,ספאה,31
Muslim,F,ע'זל,31
Muslim,F,עיפת,31
Muslim,F,עיתאב,31
Muslim,F,קאמר,31
Muslim,F,קזאייה,31
Muslim,F,קנדא,31
Muslim,F,רוזאנה,31
Muslim,F,רועא,31
Muslim,F,שזא,31
Muslim,F,שירוק,31
Muslim,F,תרוות,31
Muslim,F,אליה,30
Muslim,F,אלן,30
Muslim,F,אלפת,30
Muslim,F,ארואה,30
Muslim,F,ג'אוהרה,30
Muslim,F,ג'והרה,30
Muslim,F,הייג'ר,30
Muslim,F,וג'ד,30
Muslim,F,ז'אנה,30
Muslim,F,חאלדייה,30
Muslim,F,חיטם,30
Muslim,F,חמדיה,30
Muslim,F,חרבייה,30
Muslim,F,טלי,30
Muslim,F,לאיאן,30
Muslim,F,לאמיס,30
Muslim,F,מאגידה,30
Muslim,F,מאיאן,30
Muslim,F,מינתאללה,30
Muslim,F,מירי,30
Muslim,F,מלק,30
Muslim,F,מנור,30
Muslim,F,נדוה,30
Muslim,F,נוג'וד,30
Muslim,F,נזימה,30
Muslim,F,נשוה,30
Muslim,F,סאדין,30
Muslim,F,סאנדרא,30
Muslim,F,סרייה,30
Muslim,F,עמאל,30
Muslim,F,ריזאן,30
Muslim,F,שפה,30
Muslim,F,תגוא,30
Muslim,F,תמאדור,30
Muslim,F,תשרין,30
Muslim,F,אומילה,29
Muslim,F,אוסוה,29
Muslim,F,איבתהאל,29
Muslim,F,אלמזה,29
Muslim,F,אנסף,29
Muslim,F,ארים,29
Muslim,F,בסמאללה,29
Muslim,F,ג'ורין,29
Muslim,F,דולת,29
Muslim,F,דלין,29
Muslim,F,הילדא,29
Muslim,F,הילדה,29
Muslim,F,ואפיה,29
Muslim,F,וספייה,29
Muslim,F,זוהרייה,29
Muslim,F,חנה,29
Muslim,F,יאגות,29
Muslim,F,כאולה,29
Muslim,F,לואחז,29
Muslim,F,לואלואה,29
Muslim,F,לילאן,29
Muslim,F,לרה,29
Muslim,F,מאאב,29
Muslim,F,מאלכה,29
Muslim,F,מניה,29
Muslim,F,נאפלה,29
Muslim,F,נג'ווא,29
Muslim,F,נהיא,29
Muslim,F,נזהא,29
Muslim,F,ניירה,29
Muslim,F,סאג'ידה,29
Muslim,F,סג'דה,29
Muslim,F,סליאן,29
Muslim,F,עריב,29
Muslim,F,פווזייה,29
Muslim,F,צאלחה,29
Muslim,F,רג'אד,29
Muslim,F,רדייה,29
Muslim,F,רהיג'ה,29
Muslim,F,רומיסאא,29
Muslim,F,רותאג,29
Muslim,F,ריתאז',29
Muslim,F,שייחה,29
Muslim,F,אינה,28
Muslim,F,אית,28
Muslim,F,אלנה,28
Muslim,F,אנאל,28
Muslim,F,אנסטסיה,28
Muslim,F,אנראם,28
Muslim,F,באקזה,28
Muslim,F,ג'אזיה,28
Muslim,F,דוולת,28
Muslim,F,דקריאת,28
Muslim,F,הוידא,28
Muslim,F,זיקרה,28
Muslim,F,חוה,28
Muslim,F,טיה,28
Muslim,F,טלא,28
Muslim,F,כדיר,28
Muslim,F,לקאא,28
Muslim,F,מדא,28
Muslim,F,מונתהה,28
Muslim,F,מינת,28
Muslim,F,מעיין,28
Muslim,F,נאול,28
Muslim,F,נג'ייה,28
Muslim,F,ניהל,28
Muslim,F,ניעמאת,28
Muslim,F,נסמא,28
Muslim,F,נצרה,28
Muslim,F,סג'אא,28
Muslim,F,עארין,28
Muslim,F,ענא,28
Muslim,F,פרחנה,28
Muslim,F,קוסר,28
Muslim,F,קמאר,28
Muslim,F,רבחיה,28
Muslim,F,רוג'ין,28
Muslim,F,אסתר,27
Muslim,F,בהירה,27
Muslim,F,בסמא,27
Muslim,F,ג'סון,27
Muslim,F,גולי,27
Muslim,F,ווסן,27
Muslim,F,זקיה,27
Muslim,F,ח'אלדה,27
Muslim,F,חמדי,27
Muslim,F,ימנא,27
Muslim,F,יסמה,27
Muslim,F,כמלה,27
Muslim,F,לאורה,27
Muslim,F,לוגאין,27
Muslim,F,מאיאר,27
Muslim,F,מארים,27
Muslim,F,מילאנה,27
Muslim,F,מיליסא,27
Muslim,F,מיתא,27
Muslim,F,מנהל,27
Muslim,F,נהילה,27
Muslim,F,נועה,27
Muslim,F,סאנה,27
Muslim,F,סאריה,27
Muslim,F,סואעד,27
Muslim,F,סורא,27
Muslim,F,סיבאל,27
Muslim,F,עאהדה,27
Muslim,F,עסון,27
Muslim,F,פאטנה,27
Muslim,F,צבחיה,27
Muslim,F,קפאייה,27
Muslim,F,קרוואן,27
Muslim,F,ראנד,27
Muslim,F,רודיאנה,27
Muslim,F,רונא,27
Muslim,F,רחיבה,27
Muslim,F,שינה,27
Muslim,F,שירה,27
Muslim,F,תאגריד,27
Muslim,F,תילאוה,27
Muslim,F,איסמאיל,26
Muslim,F,אלזהראא,26
Muslim,F,אמניה,26
Muslim,F,אנגוד,26
Muslim,F,אנתיסר,26
Muslim,F,אפראח,26
Muslim,F,אשג'אן,26
Muslim,F,בשאאר,26
Muslim,F,בשרה,26
Muslim,F,ג'ולן,26
Muslim,F,ג'מאל,26
Muslim,F,גאדא,26
Muslim,F,זאהדה,26
Muslim,F,זאינב,26
Muslim,F,זובידה,26
Muslim,F,חירא,26
Muslim,F,חקמה,26
Muslim,F,כרמן,26
Muslim,F,לאה,26
Muslim,F,לובאבה,26
Muslim,F,מארין,26
Muslim,F,מוזה,26
Muslim,F,מנווה,26
Muslim,F,מנצורה,26
Muslim,F,מעלי,26
Muslim,F,מראוה,26
Muslim,F,נאהי,26
Muslim,F,נוורס,26
Muslim,F,סבחיה,26
Muslim,F,סלאפה,26
Muslim,F,סנאה,26
Muslim,F,עאלייה,26
Muslim,F,עודה,26
Muslim,F,צברין,26
Muslim,F,קטיה,26
Muslim,F,ראיאן,26
Muslim,F,ראייה,26
Muslim,F,רוזאנא,26
Muslim,F,רוח,26
Muslim,F,רוקאיה,26
Muslim,F,ריה,26
Muslim,F,ריסאן,26
Muslim,F,שדואן,26
Muslim,F,שמוע,26
Muslim,F,שפיעה,26
Muslim,F,שרון,26
Muslim,F,אטלאל,25
Muslim,F,איבתיסם,25
Muslim,F,אילינה,25
Muslim,F,אימתיאז,25
Muslim,F,אינשיראח,25
Muslim,F,איסמהאן,25
Muslim,F,אליף,25
Muslim,F,אלכסנדרה,25
Muslim,F,אנגי,25
Muslim,F,אסייל,25
Muslim,F,אשרא,25
Muslim,F,בהיג'ה,25
Muslim,F,בות'ינה,25
Muslim,F,דין,25
Muslim,F,האנא,25
Muslim,F,ווידאד,25
Muslim,F,ותיין,25
Muslim,F,זיקרא,25
Muslim,F,חאקמה,25
Muslim,F,חנון,25
Muslim,F,טובה,25
Muslim,F,טינה,25
Muslim,F,יכין,25
Muslim,F,כדיג'ה,25
Muslim,F,לוריאן,25
Muslim,F,ליזה,25
Muslim,F,מיא,25
Muslim,F,מניסא,25
Muslim,F,מריהאן,25
Muslim,F,מריפה,25
Muslim,F,נאנא,25
Muslim,F,נוואר,25
Muslim,F,נוראס,25
Muslim,F,ניסן,25
Muslim,F,נסימה,25
Muslim,F,נע'ם,25
Muslim,F,נפס,25
Muslim,F,סאירה,25
Muslim,F,סולין,25
Muslim,F,סחאב,25
Muslim,F,עורובה,25
Muslim,F,עזלאן,25
Muslim,F,עפרה,25
Muslim,F,עקילה,25
Muslim,F,קאוקב,25
Muslim,F,קאתרין,25
Muslim,F,קמילה,25
Muslim,F,רולאן,25
Muslim,F,ריוואן,25
Muslim,F,שאדא,25
Muslim,F,שאהרה,25
Muslim,F,תולאן,25
Muslim,F,תחייה,25
Muslim,F,תניה,25
Muslim,F,אוהילה,24
Muslim,F,אוריאן,24
Muslim,F,אורקיד,24
Muslim,F,אינשרח,24
Muslim,F,אלימאמה,24
Muslim,F,בכריה,24
Muslim,F,ג'וליאנא,24
Muslim,F,גולדה,24
Muslim,F,גוליאנא,24
Muslim,F,גיזל,24
Muslim,F,גליה,24
Muslim,F,דואבה,24
Muslim,F,דלה,24
Muslim,F,הגאר,24
Muslim,F,הימת,24
Muslim,F,הנדא,24
Muslim,F,הנידה,24
Muslim,F,חיכמאת,24
Muslim,F,יפא,24
Muslim,F,כריסטין,24
Muslim,F,ליאם,24
Muslim,F,ליילא,24
Muslim,F,למיעה,24
Muslim,F,מאג'ד,24
Muslim,F,מאייר,24
Muslim,F,מארם,24
Muslim,F,מגידה,24
Muslim,F,מוחמד,24
Muslim,F,מוקרם,24
Muslim,F,מילנה,24
Muslim,F,נאגם,24
Muslim,F,נבראס,24
Muslim,F,נגד,24
Muslim,F,נהידה,24
Muslim,F,נהייה,24
Muslim,F,נוראל,24
Muslim,F,נטשה,24
Muslim,F,ניסמא,24
Muslim,F,נרמאן,24
Muslim,F,סבינה,24
Muslim,F,סומעה,24
Muslim,F,סוראיה,24
Muslim,F,סיון,24
Muslim,F,סעדא,24
Muslim,F,עאהד,24
Muslim,F,פהמייה,24
Muslim,F,פווזיה,24
Muslim,F,קטרינה,24
Muslim,F,קרינה,24
Muslim,F,רהאן,24
Muslim,F,רזן,24
Muslim,F,רטיל,24
Muslim,F,שדאא,24
Muslim,F,תוריה,24
Muslim,F,תיג'אן,24
Muslim,F,תנסים,24
Muslim,F,אורוד,23
Muslim,F,איכלאס,23
Muslim,F,אינעם,23
Muslim,F,אירם,23
Muslim,F,אנדירה,23
Muslim,F,אנצאף,23
Muslim,F,אפאק,23
Muslim,F,בלה,23
Muslim,F,בסאן,23
Muslim,F,ברלנתי,23
Muslim,F,ברקה,23
Muslim,F,בתינה,23
Muslim,F,ג'אקלין,23
Muslim,F,גדר,23
Muslim,F,גזיה,23
Muslim,F,דועאה,23
Muslim,F,הדבה,23
Muslim,F,ואזנה,23
Muslim,F,כאות'ר,23
Muslim,F,כאתרין,23
Muslim,F,כפייה,23
Muslim,F,לי,23
Muslim,F,לידיא,23
Muslim,F,מאודה,23
Muslim,F,מאידה,23
Muslim,F,מארייה,23
Muslim,F,מורה,23
Muslim,F,נאבא,23
Muslim,F,נהאייה,23
Muslim,F,נהוונד,23
Muslim,F,נוא,23
Muslim,F,נפנה,23
Muslim,F,נרם,23
Muslim,F,סאבח,23
Muslim,F,סאלמא,23
Muslim,F,סוזנה,23
Muslim,F,סיבה,23
Muslim,F,סיהראב,23
Muslim,F,סינדוס,23
Muslim,F,סנסביל,23
Muslim,F,עדבה,23
Muslim,F,עדרא,23
Muslim,F,עופה,23
Muslim,F,עזאב,23
Muslim,F,פייזה,23
Muslim,F,קונוז,23
Muslim,F,רהב,23
Muslim,F,רויידה,23
Muslim,F,רושדייה,23
Muslim,F,רחא,23
Muslim,F,רחיג,23
Muslim,F,ריסאל,23
Muslim,F,רע'ד,23
Muslim,F,שתילה,23
Muslim,F,תריאק,23
Muslim,F,אחלאץ,22
Muslim,F,איליין,22
Muslim,F,אנשיראח,22
Muslim,F,אספהאן,22
Muslim,F,אקאבר,22
Muslim,F,בורוג,22
Muslim,F,בחיתה,22
Muslim,F,בידור,22
Muslim,F,ביינה,22
Muslim,F,בינאן,22
Muslim,F,ג'ולינאר,22
Muslim,F,גאלא,22
Muslim,F,גוהר,22
Muslim,F,גמאן,22
Muslim,F,הייפה,22
Muslim,F,היפה,22
Muslim,F,המס,22
Muslim,F,וארדה,22
Muslim,F,וואאם,22
Muslim,F,וטאן,22
Muslim,F,זוהדיה,22
Muslim,F,ח'לא,22
Muslim,F,חראא,22
Muslim,F,כווכב,22
Muslim,F,לוליא,22
Muslim,F,לוסי,22
Muslim,F,ליקא,22
Muslim,F,לנדא,22
Muslim,F,מארווה,22
Muslim,F,מונוור,22
Muslim,F,מייסאם,22
Muslim,F,מסרה,22
Muslim,F,נסרינה,22
Muslim,F,נשווה,22
Muslim,F,סאמה,22
Muslim,F,סאנדרה,22
Muslim,F,סאפה,22
Muslim,F,סגאא,22
Muslim,F,סואד,22
Muslim,F,סמאה,22
Muslim,F,ספינאז,22
Muslim,F,סרינה,22
Muslim,F,ע'אליה,22
Muslim,F,ע'ינא,22
Muslim,F,עאאדה,22
Muslim,F,עליזה,22
Muslim,F,פיחא,22
Muslim,F,ציבא,22
Muslim,F,קאהרה,22
Muslim,F,ראגחה,22
Muslim,F,רוג'ינה,22
Muslim,F,רופיידה,22
Muslim,F,רמאל,22
Muslim,F,שאאם,22
Muslim,F,שומה,22
Muslim,F,שיהנאז,22
Muslim,F,שתייה,22
Muslim,F,תוחפה,22
Muslim,F,תורייה,22
Muslim,F,תלה,22
Muslim,F,אבתיהל,21
Muslim,F,אהדאב,21
Muslim,F,אטאר,21
Muslim,F,איהאם,21
Muslim,F,אינתסר,21
Muslim,F,אמרה,21
Muslim,F,אנאור,21
Muslim,F,אנגם,21
Muslim,F,אסינת,21
Muslim,F,אפתח'אר,21
Muslim,F,את'אר,21
Muslim,F,אתר,21
Muslim,F,ג'והיינה,21
Muslim,F,גולנאר,21
Muslim,F,גורין,21
Muslim,F,גזלאן,21
Muslim,F,גיאנה,21
Muslim,F,גיהן,21
Muslim,F,גנדיה,21
Muslim,F,דעד,21
Muslim,F,הדה,21
Muslim,F,היבאת,21
Muslim,F,ורדי,21
Muslim,F,ז'קלין,21
Muslim,F,חילווה,21
Muslim,F,טניה,21
Muslim,F,ילין,21
Muslim,F,ירא,21
Muslim,F,כולוד,21
Muslim,F,לואא,21
Muslim,F,מאראם,21
Muslim,F,מטירה,21
Muslim,F,מייסרה,21
Muslim,F,מליקאן,21
Muslim,F,מנארה,21
Muslim,F,נאוראס,21
Muslim,F,נגיבה,21
Muslim,F,נוראי,21
Muslim,F,ניעאם,21
Muslim,F,סבה,21
Muslim,F,סוהאר,21
Muslim,F,סולף,21
Muslim,F,עורייב,21
Muslim,F,עלמה,21
Muslim,F,עמל,21
Muslim,F,ערפת,21
Muslim,F,קארולין,21
Muslim,F,קנוע,21
Muslim,F,קפא,21
Muslim,F,ראחמה,21
Muslim,F,רואסי,21
Muslim,F,רוג'אן,21
Muslim,F,רודא,21
Muslim,F,רוהיפה,21
Muslim,F,רוואה,21
Muslim,F,רותי,21
Muslim,F,רחמא,21
Muslim,F,רלא,21
Muslim,F,רניא,21
Muslim,F,רעדה,21
Muslim,F,שאוק,21
Muslim,F,שגף,21
Muslim,F,שורוג,21
Muslim,F,שיכה,21
Muslim,F,תאופיקה,21
Muslim,F,תובא,21
Muslim,F,תלגה,21
Muslim,F,אבטיסאם,20
Muslim,F,אוטאן,20
Muslim,F,אוריאנה,20
Muslim,F,איבתיהאל,20
Muslim,F,אינסף,20
Muslim,F,אמנדה,20
Muslim,F,אנאהיד,20
Muslim,F,אנג'לה,20
Muslim,F,אסילה,20
Muslim,F,אפקאר,20
Muslim,F,בודור,20
Muslim,F,בילאסאן,20
Muslim,F,ג'אנית,20
Muslim,F,ג'ויל,20
Muslim,F,ג'ומאנא,20
Muslim,F,גלנאר,20
Muslim,F,גפראן,20
Muslim,F,גרוב,20
Muslim,F,דאנייה,20
Muslim,F,דלידה,20
Muslim,F,דריה,20
Muslim,F,הבת,20
Muslim,F,הלנה,20
Muslim,F,זוהאד,20
Muslim,F,זולפה,20
Muslim,F,זקריאת,20
Muslim,F,חוזימה,20
Muslim,F,חלדיה,20
Muslim,F,חסיבה,20
Muslim,F,חפידה,20
Muslim,F,טיאב,20
Muslim,F,מחאר,20
Muslim,F,מחבובה,20
Muslim,F,מילין,20
Muslim,F,מיעאד,20
Muslim,F,מנואה,20
Muslim,F,מנר,20
Muslim,F,מסא,20
Muslim,F,מרזוקה,20
Muslim,F,מרסיל,20
Muslim,F,נהונד,20
Muslim,F,נוח'ה,20
Muslim,F,נוריאן,20
Muslim,F,נידה,20
Muslim,F,נרקיס,20
Muslim,F,סאלם,20
Muslim,F,סוקיינה,20
Muslim,F,סלטאנה,20
Muslim,F,עאתקה,20
Muslim,F,עדלא,20
Muslim,F,פכריה,20
Muslim,F,פתון,20
Muslim,F,קוותר,20
Muslim,F,קרימאן,20
Muslim,F,ראף,20
Muslim,F,רדן,20
Muslim,F,רוסיילה,20
Muslim,F,ריואן,20
Muslim,F,שאנה,20
Muslim,F,שמעה,20
Muslim,F,תסניים,20
Muslim,F,תע'ריד,20
Muslim,F,אבלין,19
Muslim,F,אגסאן,19
Muslim,F,אוסימה,19
Muslim,F,אזאל,19
Muslim,F,איאט,19
Muslim,F,אילהם,19
Muslim,F,אלאן,19
Muslim,F,אסמאהן,19
Muslim,F,את'יר,19
Muslim,F,ג'ון,19
Muslim,F,ג'ופראן,19
Muslim,F,ג'מלה,19
Muslim,F,גורוב,19
Muslim,F,גקלין,19
Muslim,F,דילארה,19
Muslim,F,הימאן,19
Muslim,F,הינדא,19
Muslim,F,וואלא,19
Muslim,F,וואפא,19
Muslim,F,ולנטינה,19
Muslim,F,זאהיה,19
Muslim,F,זהוה,19
Muslim,F,זקלין,19
Muslim,F,טולאי,19
Muslim,F,כנז,19
Muslim,F,כרמלה,19
Muslim,F,לאנא,19
Muslim,F,לייה,19
Muslim,F,ליליאנה,19
Muslim,F,לינאר,19
Muslim,F,מג'דל,19
Muslim,F,מג'ידה,19
Muslim,F,מדליין,19
Muslim,F,מורגאנה,19
Muslim,F,מזיונה,19
Muslim,F,מזן,19
Muslim,F,מיריאם,19
Muslim,F,מסעודה,19
Muslim,F,מראן,19
Muslim,F,מרבאת,19
Muslim,F,נאג'ם,19
Muslim,F,נארם,19
Muslim,F,נוריהאן,19
Muslim,F,סאאידה,19
Muslim,F,סאבין,19
Muslim,F,סאלין,19
Muslim,F,סדאן,19
Muslim,F,סולפה,19
Muslim,F,סיידה,19
Muslim,F,סילאר,19
Muslim,F,סימאא,19
Muslim,F,סיתה,19
Muslim,F,סנייה,19
Muslim,F,עאביר,19
Muslim,F,עאדלה,19
Muslim,F,עדליה,19
Muslim,F,עסיל,19
Muslim,F,עראם,19
Muslim,F,פאטינה,19
Muslim,F,פכרייה,19
Muslim,F,קרם,19
Muslim,F,רגדא,19
Muslim,F,רואבי,19
Muslim,F,רואד,19
Muslim,F,רוואנד,19
Muslim,F,רומיסא,19
Muslim,F,רופאידה,19
Muslim,F,רחימה,19
Muslim,F,רחמי,19
Muslim,F,ריתאב,19
Muslim,F,שד'א,19
Muslim,F,שומוע,19
Muslim,F,שירהאן,19
Muslim,F,שיריהאן,19
Muslim,F,תבאת,19
Muslim,F,תחיה,19
Muslim,F,תרואת,19
Muslim,F,אואן,18
Muslim,F,אוקסנה,18
Muslim,F,איבתהאג',18
Muslim,F,אינג'וד,18
Muslim,F,איסמא,18
Muslim,F,איקרם,18
Muslim,F,אלורא,18
Muslim,F,אמורה,18
Muslim,F,אמילה,18
Muslim,F,אסייה,18
Muslim,F,אסעאף,18
Muslim,F,אפקר,18
Muslim,F,אריאן,18
Muslim,F,ארקיה,18
Muslim,F,ארתחאב,18
Muslim,F,בהגה,18
Muslim,F,ג'אנט,18
Muslim,F,ג'יאן,18
Muslim,F,ג'נאט,18
Muslim,F,גולין,18
Muslim,F,גינאת,18
Muslim,F,הודיה,18
Muslim,F,היאת,18
Muslim,F,התאף,18
Muslim,F,וואד,18
Muslim,F,ווגיהה,18
Muslim,F,וועאד,18
Muslim,F,ופה,18
Muslim,F,ופייה,18
Muslim,F,וצאל,18
Muslim,F,ח'וזימה,18
Muslim,F,חוור,18
Muslim,F,יאסמה,18
Muslim,F,יועאד,18
Muslim,F,כדרה,18
Muslim,F,כואכב,18
Muslim,F,כווסר,18
Muslim,F,כריסתין,18
Muslim,F,לאמיה,18
Muslim,F,למאא,18
Muslim,F,מזיין,18
Muslim,F,מחפוזה,18
Muslim,F,מירות,18
Muslim,F,מירן,18
Muslim,F,מסאל,18
Muslim,F,מראל,18
Muslim,F,נוראיה,18
Muslim,F,נורלין,18
Muslim,F,ניאל,18
Muslim,F,ניהד,18
Muslim,F,סאלאם,18
Muslim,F,סאלווה,18
Muslim,F,סדרא,18
Muslim,F,סוהיל,18
Muslim,F,סוהלה,18
Muslim,F,סוכאינה,18
Muslim,F,סוקינה,18
Muslim,F,סירה,18
Muslim,F,עזאל,18
Muslim,F,עינאא,18
Muslim,F,ענאדל,18
Muslim,F,ענבר,18
Muslim,F,פוזה,18
Muslim,F,פראת,18
Muslim,F,פרג'ה,18
Muslim,F,קייאן,18
Muslim,F,קראמה,18
Muslim,F,ראג'דה,18
Muslim,F,ראג'ה,18
Muslim,F,ראיין,18
Muslim,F,ראין,18
Muslim,F,רהא,18
Muslim,F,רויטל,18
Muslim,F,רילאם,18
Muslim,F,ריפאן,18
Muslim,F,ריפעה,18
Muslim,F,רנייה,18
Muslim,F,שג'ף,18
Muslim,F,שהנדה,18
Muslim,F,שייח'ה,18
Muslim,F,תאארה,18
Muslim,F,תאמם,18
Muslim,F,תאניה,18
Muslim,F,תאסנים,18
Muslim,F,תאריד,18
Muslim,F,תוליין,18
Muslim,F,תייה,18
Muslim,F,תינא,18
Muslim,F,תליא,18
Muslim,F,תסאהיל,18
Muslim,F,אינאל,17
Muslim,F,אישתיאק,17
Muslim,F,אלורה,17
Muslim,F,אליא,17
Muslim,F,אליזבט,17
Muslim,F,אסואר,17
Muslim,F,אעתימאד,17
Muslim,F,בוסאינה,17
Muslim,F,ביכה,17
Muslim,F,ג'ואל,17
Muslim,F,ג'וליית,17
Muslim,F,גאנת,17
Muslim,F,גדה,17
Muslim,F,דאלידא,17
Muslim,F,דילאן,17
Muslim,F,האזאר,17
Muslim,F,הדאייה,17
Muslim,F,הלאא,17
Muslim,F,הנאדה,17
Muslim,F,הנדייה,17
Muslim,F,ואלה,17
Muslim,F,ווטין,17
Muslim,F,ורוניקה,17
Muslim,F,זהאר,17
Muslim,F,זוביידה,17
Muslim,F,טהני,17
Muslim,F,ימן,17
Muslim,F,ימנה,17
Muslim,F,כאמיליה,17
Muslim,F,כהרמאן,17
Muslim,F,כורדיה,17
Muslim,F,לוליה,17
Muslim,F,לומה,17
Muslim,F,ליבנה,17
Muslim,F,לריסה,17
Muslim,F,מאג'ידה,17
Muslim,F,מאייסה,17
Muslim,F,מאניסה,17
Muslim,F,מאנל,17
Muslim,F,מונטהא,17
Muslim,F,מייאס,17
Muslim,F,מכארם,17
Muslim,F,מלך,17
Muslim,F,מרסאל,17
Muslim,F,נאגח,17
Muslim,F,נאהלה,17
Muslim,F,נדיא,17
Muslim,F,נהאיא,17
Muslim,F,נוריין,17
Muslim,F,ניללי,17
Muslim,F,סאבא,17
Muslim,F,סאגידה,17
Muslim,F,סאיה,17
Muslim,F,סאנע,17
Muslim,F,סוזאנה,17
Muslim,F,סיגל,17
Muslim,F,סיראן,17
Muslim,F,סירינא,17
Muslim,F,סלאף,17
Muslim,F,סלוואה,17
Muslim,F,סנדיאן,17
Muslim,F,עופראן,17
Muslim,F,עינת,17
Muslim,F,ענאב,17
Muslim,F,עסריה,17
Muslim,F,פאג'ר,17
Muslim,F,צפייה,17
Muslim,F,ראפיף,17
Muslim,F,רגיה,17
Muslim,F,רובאן,17
Muslim,F,רובי,17
Muslim,F,רוואידה,17
Muslim,F,רוונק,17
Muslim,F,רוזט,17
Muslim,F,שפק,17
Muslim,F,תאימה,17
Muslim,F,תרות,17
Muslim,F,אולה,16
Muslim,F,אולנה,16
Muslim,F,אומן,16
Muslim,F,אחמד,16
Muslim,F,איאר,16
Muslim,F,איחלס,16
Muslim,F,איכרם,16
Muslim,F,איליאנא,16
Muslim,F,איפתיסם,16
Muslim,F,אכלס,16
Muslim,F,אלזהרא,16
Muslim,F,אמליה,16
Muslim,F,אנא,16
Muslim,F,אנטסר,16
Muslim,F,אנתסר,16
Muslim,F,אסטברק,16
Muslim,F,אסמת,16
Muslim,F,ארגוואן,16
Muslim,F,בהאן,16
Muslim,F,בהאר,16
Muslim,F,בידאא,16
Muslim,F,ביסאל,16
Muslim,F,בירין,16
Muslim,F,בנא,16
Muslim,F,ג'מיעה,16
Muslim,F,ג'נין,16
Muslim,F,גוהיינה,16
Muslim,F,גמאר,16
Muslim,F,גמלה,16
Muslim,F,ואטין,16
Muslim,F,וג'וד,16
Muslim,F,וואטין,16
Muslim,F,וואלה,16
Muslim,F,ווטאן,16
Muslim,F,וופיקה,16
Muslim,F,זהרואן,16
Muslim,F,זוהיירה,16
Muslim,F,זיידה,16
Muslim,F,חמאמה,16
Muslim,F,חשמה,16
Muslim,F,טאובה,16
Muslim,F,טלה,16
Muslim,F,יעל,16
Muslim,F,כאמיליא,16
Muslim,F,כיתאם,16
Muslim,F,כלסום,16
Muslim,F,כרין,16
Muslim,F,למעה,16
Muslim,F,מועזז,16
Muslim,F,מוראם,16
Muslim,F,מזאל,16
Muslim,F,מיידה,16
Muslim,F,מיימונה,16
Muslim,F,מיימנה,16
Muslim,F,מילאא,16
Muslim,F,מימי,16
Muslim,F,מיראי,16
Muslim,F,מכרם,16
Muslim,F,מניסה,16
Muslim,F,מריאה,16
Muslim,F,מתאל,16
Muslim,F,מתין,16
Muslim,F,נגח,16
Muslim,F,נהד,16
Muslim,F,נהרואן,16
Muslim,F,נוראלהודא,16
Muslim,F,נוריס,16
Muslim,F,נורמן,16
Muslim,F,ניעמת,16
Muslim,F,נסיל,16
Muslim,F,סאברה,16
Muslim,F,סאדן,16
Muslim,F,סאלמי,16
Muslim,F,סארין,16
Muslim,F,סהארה,16
Muslim,F,סוהם,16
Muslim,F,סוסו,16
Muslim,F,סינאם,16
Muslim,F,סלוואן,16
Muslim,F,סלסבילה,16
Muslim,F,פאדה,16
Muslim,F,פלה,16
Muslim,F,צבריה,16
Muslim,F,צדיקה,16
Muslim,F,קהרמאן,16
Muslim,F,קורל,16
Muslim,F,קלודין,16
Muslim,F,קלרה,16
Muslim,F,ראוידה,16
Muslim,F,ראנייא,16
Muslim,F,רבחה,16
Muslim,F,רהפ,16
Muslim,F,רואיידה,16
Muslim,F,רוהאן,16
Muslim,F,רות,16
Muslim,F,רחב,16
Muslim,F,ריאל,16
Muslim,F,ריחן,16
Muslim,F,רכאז,16
Muslim,F,רשדיה,16
Muslim,F,שווק,16
Muslim,F,שוכריה,16
Muslim,F,שיראן,16
Muslim,F,שפאעה,16
Muslim,F,שראז,16
Muslim,F,שרהאן,16
Muslim,F,שתוה,16
Muslim,F,תאויל,16
Muslim,F,תאימא,16
Muslim,F,תורכייה,16
Muslim,F,תחריד,16
Muslim,F,אומנייה,15
Muslim,F,אוסנאת,15
Muslim,F,אורגוואן,15
Muslim,F,איווה,15
Muslim,F,איינור,15
Muslim,F,איריס,15
Muslim,F,אנאא,15
Muslim,F,אנג'לינה,15
Muslim,F,אנרם,15
Muslim,F,אפתיחאר,15
Muslim,F,ארואד,15
Muslim,F,אשואג,15
Muslim,F,אתמאר,15
Muslim,F,באסלה,15
Muslim,F,בואדי,15
Muslim,F,בטול,15
Muslim,F,בשירה,15
Muslim,F,ג'אהן,15
Muslim,F,ג'אניית,15
Muslim,F,ג'לנאר,15
Muslim,F,גאקלין,15
Muslim,F,גוואנה,15
Muslim,F,דוניאנא,15
Muslim,F,הוניידה,15
Muslim,F,הלאל,15
Muslim,F,הנאה,15
Muslim,F,ולאה,15
Muslim,F,זיאנה,15
Muslim,F,ח'וריה,15
Muslim,F,ח'יזראן,15
Muslim,F,ח'מיסה,15
Muslim,F,חאתם,15
Muslim,F,חסניה,15
Muslim,F,יקיין,15
Muslim,F,כמר,15
Muslim,F,כנזי,15
Muslim,F,כפיה,15
Muslim,F,מאהה,15
Muslim,F,מאלי,15
Muslim,F,מדיין,15
Muslim,F,מדינה,15
Muslim,F,מוזיאן,15
Muslim,F,מוזנא,15
Muslim,F,מחבה,15
Muslim,F,מיטל,15
Muslim,F,מייאן,15
Muslim,F,מיננה,15
Muslim,F,מלכות,15
Muslim,F,מלקות,15
Muslim,F,מנווא,15
Muslim,F,מעיופה,15
Muslim,F,מרייה,15
Muslim,F,מרנה,15
Muslim,F,מתיל,15
Muslim,F,נאדירה,15
Muslim,F,נג'וואן,15
Muslim,F,נוי,15
Muslim,F,נופא,15
Muslim,F,נזילה,15
Muslim,F,נטאלי,15
Muslim,F,נסאף,15
Muslim,F,נסיים,15
Muslim,F,נשידה,15
Muslim,F,סונדיס,15
Muslim,F,סילוואן,15
Muslim,F,סינאא,15
Muslim,F,עאשה,15
Muslim,F,עומר,15
Muslim,F,עיאדה,15
Muslim,F,עיוש,15
Muslim,F,עייאשה,15
Muslim,F,עינאיאת,15
Muslim,F,ענברה,15
Muslim,F,פאי,15
Muslim,F,פגר,15
Muslim,F,פודא,15
Muslim,F,פוריאל,15
Muslim,F,פורת,15
Muslim,F,פטאם,15
Muslim,F,פתייה,15
Muslim,F,פתנה,15
Muslim,F,צופיא,15
Muslim,F,קודס,15
Muslim,F,קראון,15
Muslim,F,ראחלה,15
Muslim,F,רבה,15
Muslim,F,רגינה,15
Muslim,F,רוגין,15
Muslim,F,רוגינא,15
Muslim,F,רויאם,15
Muslim,F,רזלן,15
Muslim,F,רטיבה,15
Muslim,F,ריאאם,15
Muslim,F,רפידה,15
Muslim,F,רשאא,15
Muslim,F,רשיקה,15
Muslim,F,שבא,15
Muslim,F,שרי,15
Muslim,F,שתיה,15
Muslim,F,אהדא,14
Muslim,F,אהוד,14
Muslim,F,אזדהר,14
Muslim,F,איבה,14
Muslim,F,איוונה,14
Muslim,F,איזדהר,14
Muslim,F,איילן,14
Muslim,F,אייתן,14
Muslim,F,איעתידאל,14
Muslim,F,אכתמאל,14
Muslim,F,אלונה,14
Muslim,F,אלמאז,14
Muslim,F,אלמזן,14
Muslim,F,אם,14
Muslim,F,אמאליא,14
Muslim,F,אמאליה,14
Muslim,F,אמג'אד,14
Muslim,F,אמגאד,14
Muslim,F,אמואג,14
Muslim,F,אמיני,14
Muslim,F,אנטיסאר,14
Muslim,F,אסנאת,14
Muslim,F,אסראה,14
Muslim,F,אסרר,14
Muslim,F,באסמלה,14
Muslim,F,ביהאן,14
Muslim,F,בנדר,14
Muslim,F,בסמללה,14
Muslim,F,ברין,14
Muslim,F,ג'והר,14
Muslim,F,ג'זאלה,14
Muslim,F,ג'לאן,14
Muslim,F,ג'נת,14
Muslim,F,גאלה,14
Muslim,F,גילה,14
Muslim,F,דאלאל,14
Muslim,F,דאלה,14
Muslim,F,דוהא,14
Muslim,F,הבאת,14
Muslim,F,הובא,14
Muslim,F,הזר,14
Muslim,F,היתאף,14
Muslim,F,ואילה,14
Muslim,F,ונסה,14
Muslim,F,וסיפה,14
Muslim,F,זאד,14
Muslim,F,זביידה,14
Muslim,F,זהא,14
Muslim,F,ח'ייריה,14
Muslim,F,חאלוד,14
Muslim,F,חואא,14
Muslim,F,חווא,14
Muslim,F,חווה,14
Muslim,F,חטאם,14
Muslim,F,חיזראן,14
Muslim,F,חכימה,14
Muslim,F,חנא,14
Muslim,F,טרוב,14
Muslim,F,כארין,14
Muslim,F,כוות'ר,14
Muslim,F,כפאיא,14
Muslim,F,כתרין,14
Muslim,F,לוג'יאן,14
Muslim,F,ליאא,14
Muslim,F,מאסאל,14
Muslim,F,מארייא,14
Muslim,F,מאריס,14
Muslim,F,מוואדה,14
Muslim,F,מזין,14
Muslim,F,מזנה,14
Muslim,F,מיראג,14
Muslim,F,מיתאל,14
Muslim,F,מרסלין,14
Muslim,F,נאירוז,14
Muslim,F,נז'אח,14
Muslim,F,ניהיא,14
Muslim,F,נסאיים,14
Muslim,F,נקאא,14
Muslim,F,סאלוה,14
Muslim,F,סדל,14
Muslim,F,סיוור,14
Muslim,F,סירג',14
Muslim,F,סמרא,14
Muslim,F,סראי,14
Muslim,F,ע'ראם,14
Muslim,F,עדה,14
Muslim,F,עטף,14
Muslim,F,עיאת,14
Muslim,F,עמשה,14
Muslim,F,פאדיא,14
Muslim,F,פאוז,14
Muslim,F,פאטום,14
Muslim,F,פח'רייה,14
Muslim,F,פידאה,14
Muslim,F,פרגה,14
Muslim,F,קאוטר,14
Muslim,F,קלתום,14
Muslim,F,קנאנה,14
Muslim,F,ראביה,14
Muslim,F,ראג'א,14
Muslim,F,ראחיק,14
Muslim,F,רבחייה,14
Muslim,F,רואאיה,14
Muslim,F,רואעה,14
Muslim,F,רוזנה,14
Muslim,F,רומא,14
Muslim,F,רימן,14
Muslim,F,ריתה,14
Muslim,F,שהלה,14
Muslim,F,שוקרייה,14
Muslim,F,שמוך,14
Muslim,F,שמש,14
Muslim,F,שרא,14
Muslim,F,תג'ויד,14
Muslim,F,תינה,14
Muslim,F,תפאחה,14
Muslim,F,אבתיהאג,13
Muslim,F,אדין,13
Muslim,F,אומאן,13
Muslim,F,אוממה,13
Muslim,F,אונס,13
Muslim,F,אזאר,13
Muslim,F,אטיר,13
Muslim,F,איאלא,13
Muslim,F,איאלה,13
Muslim,F,איבון,13
Muslim,F,אידה,13
Muslim,F,איליאנה,13
Muslim,F,אינאר,13
Muslim,F,אמאלי,13
Muslim,F,אנגל,13
Muslim,F,אנורין,13
Muslim,F,אנטיסר,13
Muslim,F,אסאר,13
Muslim,F,אסמיהאן,13
Muslim,F,אסתקלאל,13
Muslim,F,אעתסאם,13
Muslim,F,אפתקאר,13
Muslim,F,אראא,13
Muslim,F,ארזאק,13
Muslim,F,באהרה,13
Muslim,F,ביהס,13
Muslim,F,בלגיס,13
Muslim,F,בנין,13
Muslim,F,ג'אכלין,13
Muslim,F,ג'הן,13
Muslim,F,ג'וסון,13
Muslim,F,ג'וריה,13
Muslim,F,ג'ינאת,13
Muslim,F,ג'סיקה,13
Muslim,F,גוואנא,13
Muslim,F,גוזפין,13
Muslim,F,גומנא,13
Muslim,F,גיאן,13
Muslim,F,גלינה,13
Muslim,F,דולין,13
Muslim,F,דחיה,13
Muslim,F,דילארא,13
Muslim,F,היבאה,13
Muslim,F,הייבה,13
Muslim,F,הימן,13
Muslim,F,וואטן,13
Muslim,F,ויגדאן,13
Muslim,F,וירוד,13
Muslim,F,ז'ינה,13
Muslim,F,זהיר,13
Muslim,F,זהנה,13
Muslim,F,זומורוד,13
Muslim,F,זנב,13
Muslim,F,חיכאם,13
Muslim,F,חלאם,13
Muslim,F,חלימי,13
Muslim,F,טיא,13
Muslim,F,יאפא,13
Muslim,F,ימאמא,13
Muslim,F,יסל,13
Muslim,F,יסרין,13
Muslim,F,כולה,13
Muslim,F,כרסתין,13
Muslim,F,לאיין,13
Muslim,F,לאילא,13
Muslim,F,לאיקה,13
Muslim,F,לוואחז,13
Muslim,F,לוסיאנה,13
Muslim,F,לוראן,13
Muslim,F,לימה,13
Muslim,F,לימר,13
Muslim,F,למר,13
Muslim,F,מאה,13
Muslim,F,מאזה,13
Muslim,F,מאריתא,13
Muslim,F,מג'דיה,13
Muslim,F,מוניבה,13
Muslim,F,מוסרה,13
Muslim,F,מועינה,13
Muslim,F,מילאר,13
Muslim,F,מילינא,13
Muslim,F,מיליס,13
Muslim,F,מימאס,13
Muslim,F,מנאס,13
Muslim,F,מקארם,13
Muslim,F,מרבט,13
Muslim,F,נאג'ד,13
Muslim,F,נאפיזה,13
Muslim,F,נג'ח,13
Muslim,F,נגדיה,13
Muslim,F,נופוז,13
Muslim,F,נורמא,13
Muslim,F,נרסיאן,13
Muslim,F,נשואה,13
Muslim,F,סאבחה,13
Muslim,F,סונבולה,13
Muslim,F,סונייה,13
Muslim,F,סימון,13
Muslim,F,סמאת,13
Muslim,F,סמיהן,13
Muslim,F,עאודה,13
Muslim,F,עבד,13
Muslim,F,עדוויה,13
Muslim,F,עדנה,13
Muslim,F,עניאת,13
Muslim,F,עפאת,13
Muslim,F,עצמת,13
Muslim,F,ערבייה,13
Muslim,F,פלורה,13
Muslim,F,פנאן,13
Muslim,F,קאנז,13
Muslim,F,קווסר,13
Muslim,F,קינאר,13
Muslim,F,ראסל,13
Muslim,F,רבב,13
Muslim,F,רוויידה,13
Muslim,F,רוזלינדה,13
Muslim,F,רומייס,13
Muslim,F,רומיסה,13
Muslim,F,רזין,13
Muslim,F,ריחאני,13
Muslim,F,ריחנה,13
Muslim,F,ריפאל,13
Muslim,F,ריפקה,13
Muslim,F,רמאז,13
Muslim,F,רסילה,13
Muslim,F,שהבאא,13
Muslim,F,שהרבאן,13
Muslim,F,שהרזאן,13
Muslim,F,שוקריה,13
Muslim,F,שמחה,13
Muslim,F,שני,13
Muslim,F,שרוג,13
Muslim,F,תאליין,13
Muslim,F,תלאא,13
Muslim,F,תלאוה,13
Muslim,F,תריז,13
Muslim,F,אומימא,12
Muslim,F,אוסאמה,12
Muslim,F,אור,12
Muslim,F,אזהור,12
Muslim,F,איבתהאג,12
Muslim,F,אייא,12
Muslim,F,אינתיצאר,12
Muslim,F,איפתיחאר,12
Muslim,F,איראם,12
Muslim,F,אירין,12
Muslim,F,איתן,12
Muslim,F,אמאמה,12
Muslim,F,אמיראל,12
Muslim,F,אמת,12
Muslim,F,אניטה,12
Muslim,F,אנמאר,12
Muslim,F,אנצאר,12
Muslim,F,אפתיכאר,12
Muslim,F,אריאנא,12
Muslim,F,בדיר,12
Muslim,F,בוסיימה,12
Muslim,F,בילאר,12
Muslim,F,בסיל,12
Muslim,F,ג'אדיר,12
Muslim,F,ג'אמילה,12
Muslim,F,ג'וא,12
Muslim,F,ג'ולייט,12
Muslim,F,ג'ורג'ינה,12
Muslim,F,ג'יידא,12
Muslim,F,ג'ננה,12
Muslim,F,גאוהר,12
Muslim,F,גולינאר,12
Muslim,F,גמלת,12
Muslim,F,דאולה,12
Muslim,F,דיים,12
Muslim,F,דליא,12
Muslim,F,דעאה,12
Muslim,F,האמה,12
Muslim,F,הבתאללה,12
Muslim,F,הויידה,12
Muslim,F,הידא,12
Muslim,F,הלאה,12
Muslim,F,המסא,12
Muslim,F,הנאד,12
Muslim,F,ווארד,12
Muslim,F,וסאן,12
Muslim,F,וסימה,12
Muslim,F,ופאק,12
Muslim,F,ז'נה,12
Muslim,F,זאהר,12
Muslim,F,זיכרא,12
Muslim,F,חיא,12
Muslim,F,חיית,12
Muslim,F,חממה,12
Muslim,F,יאמנה,12
Muslim,F,כאפיה,12
Muslim,F,כירייה,12
Muslim,F,לאין,12
Muslim,F,לג'ין,12
Muslim,F,לירז,12
Muslim,F,למייה,12
Muslim,F,מאהר,12
Muslim,F,מאייסם,12
Muslim,F,מאריאן,12
Muslim,F,מגדיה,12
Muslim,F,מהאה,12
Muslim,F,מור,12
Muslim,F,מיאל,12
Muslim,F,מידה,12
Muslim,F,מילינה,12
Muslim,F,מנאור,12
Muslim,F,מנהאל,12
Muslim,F,מננה,12
Muslim,F,מנסה,12
Muslim,F,מרג'אנה,12
Muslim,F,משאעל,12
Muslim,F,נאלא,12
Muslim,F,נג'ום,12
Muslim,F,נדידה,12
Muslim,F,נורשאן,12
Muslim,F,ניבראס,12
Muslim,F,ניה,12
Muslim,F,נירוונה,12
Muslim,F,נסב,12
Muslim,F,נרימין,12
Muslim,F,סגדה,12
Muslim,F,סופייה,12
Muslim,F,סימא,12
Muslim,F,סירת,12
Muslim,F,סמראא,12
Muslim,F,סקינה,12
Muslim,F,עאמרה,12
Muslim,F,עולאא,12
Muslim,F,ענאייה,12
Muslim,F,פאיגה,12
Muslim,F,פודה,12
Muslim,F,פטינה,12
Muslim,F,פינאן,12
Muslim,F,פירדאוס,12
Muslim,F,פיתון,12
Muslim,F,פרוז,12
Muslim,F,קדאר,12
Muslim,F,ראסמיה,12
Muslim,F,ראפה,12
Muslim,F,רג'ה,12
Muslim,F,רוגינה,12
Muslim,F,רום,12
Muslim,F,רומייסאא,12
Muslim,F,רוסאל,12
Muslim,F,רוסון,12
Muslim,F,רוקיא,12
Muslim,F,רחאן,12
Muslim,F,ריבאל,12
Muslim,F,ריווא,12
Muslim,F,ריטאז',12
Muslim,F,רימין,12
Muslim,F,רנוה,12
Muslim,F,רעיה,12
Muslim,F,רפאא,12
Muslim,F,רפאה,12
Muslim,F,שאמיה,12
Muslim,F,שאפיה,12
Muslim,F,שהרזאת,12
Muslim,F,שהרזד,12
Muslim,F,שריאן,12
Muslim,F,תאקוא,12
Muslim,F,תוגא,12
Muslim,F,תוובה,12
Muslim,F,תיאם,12
Muslim,F,תיגאן,12
Muslim,F,אגואן,11
Muslim,F,אודית,11
Muslim,F,אוהאם,11
Muslim,F,אוסיימה,11
Muslim,F,אורטל,11
Muslim,F,אחתפאל,11
Muslim,F,איוה,11
Muslim,F,איזבלה,11
Muslim,F,איחלאם,11
Muslim,F,איכלס,11
Muslim,F,אינתיהאל,11
Muslim,F,איסמהן,11
Muslim,F,איסתברק,11
Muslim,F,אליסא,11
Muslim,F,אמי,11
Muslim,F,אמיליא,11
Muslim,F,אנטסאר,11
Muslim,F,אסמאן,11
Muslim,F,אסתבראק,11
Muslim,F,אעתדל,11
Muslim,F,אתחאד,11
Muslim,F,בוהיסה,11
Muslim,F,בידא,11
Muslim,F,בראן,11
Muslim,F,ברלין,11
Muslim,F,ג'אן,11
Muslim,F,ג'אנאת,11
Muslim,F,ג'אנן,11
Muslim,F,ג'דא,11
Muslim,F,ג'ויריה,11
Muslim,F,ג'ומנא,11
Muslim,F,גוליאן,11
Muslim,F,גזייה,11
Muslim,F,גלאא,11
Muslim,F,גלית,11
Muslim,F,גנין,11
Muslim,F,גפרה,11
Muslim,F,דומיאנא,11
Muslim,F,דחייה,11
Muslim,F,האדיר,11
Muslim,F,הדייל,11
Muslim,F,הודנה,11
Muslim,F,הנאי,11
Muslim,F,ואלאא,11
Muslim,F,וגד,11
Muslim,F,ווספייה,11
Muslim,F,וופיה,11
Muslim,F,וידיאן,11
Muslim,F,ולריה,11
Muslim,F,ופאה,11
Muslim,F,ורדיה,11
Muslim,F,ורה,11
Muslim,F,זהווה,11
Muslim,F,זוהדייה,11
Muslim,F,זיזי,11
Muslim,F,זלפה,11
Muslim,F,זן,11
Muslim,F,זנאת,11
Muslim,F,זעלה,11
Muslim,F,זקרא,11
Muslim,F,חג'לה,11
Muslim,F,חזימה,11
Muslim,F,חיאט,11
Muslim,F,חייר,11
Muslim,F,חלאל,11
Muslim,F,חניין,11
Muslim,F,ירה,11
Muslim,F,כארולין,11
Muslim,F,כוולה,11
Muslim,F,כייאן,11
Muslim,F,כיפא,11
Muslim,F,כיריה,11
Muslim,F,ליאר,11
Muslim,F,ליחאז,11
Muslim,F,לייאל,11
Muslim,F,לילא,11
Muslim,F,לינוי,11
Muslim,F,מאיסלון,11
Muslim,F,מאנאל,11
Muslim,F,מדאללה,11
Muslim,F,מהאבה,11
Muslim,F,מוג',11
Muslim,F,מורג'ן,11
Muslim,F,מורגן,11
Muslim,F,מייאסר,11
Muslim,F,מייתה,11
Muslim,F,מיליסה,11
Muslim,F,מירה,11
Muslim,F,מנסא,11
Muslim,F,מפידה,11
Muslim,F,מרידה,11
Muslim,F,נאוול,11
Muslim,F,נאזכ,11
Muslim,F,נגוואן,11
Muslim,F,נדאה,11
Muslim,F,נדווה,11
Muslim,F,נדז'דה,11
Muslim,F,נהדה,11
Muslim,F,נזיפה,11
Muslim,F,ניהאן,11
Muslim,F,ניהיה,11
Muslim,F,נילם,11
Muslim,F,נמרה,11
Muslim,F,נסירה,11
Muslim,F,סגיא,11
Muslim,F,סולינה,11
Muslim,F,סיאור,11
Muslim,F,סיבאא,11
Muslim,F,סיה,11
Muslim,F,סינאל,11
Muslim,F,סיראט,11
Muslim,F,סירינה,11
Muslim,F,סלם,11
Muslim,F,סמיהאן,11
Muslim,F,סעד,11
Muslim,F,ספיר,11
Muslim,F,סרואת,11
Muslim,F,ע'דיר,11
Muslim,F,עדויה,11
Muslim,F,עדינה,11
Muslim,F,עדלייה,11
Muslim,F,עוזלאן,11
Muslim,F,עזאלה,11
Muslim,F,עטפה,11
Muslim,F,עידא,11
Muslim,F,עיסמת,11
Muslim,F,פאתמה,11
Muslim,F,פירדוס,11
Muslim,F,קטליה,11
Muslim,F,קטראלנדא,11
Muslim,F,קינאנה,11
Muslim,F,קרלה,11
Muslim,F,ראאידה,11
Muslim,F,ראוא,11
Muslim,F,ראקיה,11
Muslim,F,רג'וא,11
Muslim,F,רהיגה,11
Muslim,F,רהיפה,11
Muslim,F,רואנה,11
Muslim,F,רוג'ינא,11
Muslim,F,רוזלאן,11
Muslim,F,רומאיסה,11
Muslim,F,רומיס,11
Muslim,F,רומנדה,11
Muslim,F,ריאד,11
Muslim,F,ריאה,11
Muslim,F,רידה,11
Muslim,F,ריטאג,11
Muslim,F,רייחאן,11
Muslim,F,רימונה,11
Muslim,F,ריתג',11
Muslim,F,שאדי,11
Muslim,F,שהנז,11
Muslim,F,שהראת,11
Muslim,F,שויקאר,11
Muslim,F,שזה,11
Muslim,F,שיריהן,11
Muslim,F,שמסי,11
Muslim,F,ת'ראא,11
Muslim,F,תאהני,11
Muslim,F,תאלה,11
Muslim,F,תסלים,11
Muslim,F,תקא,11
Muslim,F,אבדור,10
Muslim,F,אביבה,10
Muslim,F,אדריאנה,10
Muslim,F,אהדאא,10
Muslim,F,אומאימה,10
Muslim,F,אורלי,10
Muslim,F,איבתיהל,10
Muslim,F,איבתסם,10
Muslim,F,איואן,10
Muslim,F,איזדיהר,10
Muslim,F,איידה,10
Muslim,F,אילאא,10
Muslim,F,אילנא,10
Muslim,F,אימילי,10
Muslim,F,אינגי,10
Muslim,F,אינטסאר,10
Muslim,F,איסאל,10
Muslim,F,אלאי,10
Muslim,F,אלהנוף,10
Muslim,F,אליזה,10
Muslim,F,אליסר,10
Muslim,F,אלמירה,10
Muslim,F,אלמס,10
Muslim,F,אמור,10
Muslim,F,אמתנאן,10
Muslim,F,אמתסאל,10
Muslim,F,אנאגים,10
Muslim,F,אסלא,10
Muslim,F,אפראג',10
Muslim,F,ארינה,10
Muslim,F,אשראף,10
Muslim,F,אשרקאת,10
Muslim,F,אשתיה,10
Muslim,F,בגדד,10
Muslim,F,בדאיה,10
Muslim,F,בוטינה,10
Muslim,F,בורק,10
Muslim,F,בסמאת,10
Muslim,F,ברוין,10
Muslim,F,בשאר,10
Muslim,F,ג'ולית,10
Muslim,F,ג'יזל,10
Muslim,F,ג'מאן,10
Muslim,F,ג'נוה,10
Muslim,F,גומאנא,10
Muslim,F,גיאנא,10
Muslim,F,גמאלת,10
Muslim,F,דאריין,10
Muslim,F,דולה,10
Muslim,F,דיקריאת,10
Muslim,F,האזר,10
Muslim,F,האידי,10
Muslim,F,הווידא,10
Muslim,F,היבת,10
Muslim,F,הילן,10
Muslim,F,הימאא,10
Muslim,F,ואדחה,10
Muslim,F,ואסן,10
Muslim,F,וג'יה,10
Muslim,F,וגוד,10
Muslim,F,וודיאן,10
Muslim,F,וורדי,10
Muslim,F,וטפא,10
Muslim,F,ותר,10
Muslim,F,זיאדה,10
Muslim,F,זליכה,10
Muslim,F,זמרד,10
Muslim,F,זנא,10
Muslim,F,ח'נסא,10
Muslim,F,חאדיגה,10
Muslim,F,חדיזה,10
Muslim,F,חייט,10
Muslim,F,חימא,10
Muslim,F,חנסא,10
Muslim,F,טאליא,10
Muslim,F,טוליב,10
Muslim,F,יאגין,10
Muslim,F,יבגניה,10
Muslim,F,יסמא,10
Muslim,F,יתריב,10
Muslim,F,לולא,10
Muslim,F,לונאר,10
Muslim,F,לוסייל,10
Muslim,F,לוריאנה,10
Muslim,F,ליזא,10
Muslim,F,ליים,10
Muslim,F,ליקאא,10
Muslim,F,ליקה,10
Muslim,F,מאאל,10
Muslim,F,מאהירה,10
Muslim,F,מאנר,10
Muslim,F,מאקה,10
Muslim,F,מאריא,10
Muslim,F,מונואר,10
Muslim,F,מוראדי,10
Muslim,F,מחמוד,10
Muslim,F,מייאסה,10
Muslim,F,מילאד,10
Muslim,F,מירוואת,10
Muslim,F,מירית,10
Muslim,F,מלאקי,10
Muslim,F,מלכא,10
Muslim,F,מנזומה,10
Muslim,F,נאאילה,10
Muslim,F,נאבין,10
Muslim,F,נאהיא,10
Muslim,F,נוהילה,10
Muslim,F,נוסאיבה,10
Muslim,F,נוריהן,10
Muslim,F,נזאם,10
Muslim,F,נזיהא,10
Muslim,F,נטאשה,10
Muslim,F,ניפוז,10
Muslim,F,נסרא,10
Muslim,F,נעומה,10
Muslim,F,סאוסם,10
Muslim,F,סאכתה,10
Muslim,F,סבאה,10
Muslim,F,סגאה,10
Muslim,F,סהארא,10
Muslim,F,סוילמה,10
Muslim,F,סולינא,10
Muslim,F,סיאהם,10
Muslim,F,סייל,10
Muslim,F,סיני,10
Muslim,F,סלאוה,10
Muslim,F,סמחה,10
Muslim,F,סנד,10
Muslim,F,סניאר,10
Muslim,F,סתנאי,10
Muslim,F,ע'אדה,10
Muslim,F,עבור,10
Muslim,F,עבייר,10
Muslim,F,עגלה,10
Muslim,F,עדאב,10
Muslim,F,עדין,10
Muslim,F,עלי,10
Muslim,F,עלמיה,10
Muslim,F,ענבל,10
Muslim,F,פאוזה,10
Muslim,F,פאטמת,10
Muslim,F,פאירוז,10
Muslim,F,פוללה,10
Muslim,F,פייחאא,10
Muslim,F,פיפי,10
Muslim,F,פרהאן,10
Muslim,F,פתיחה,10
Muslim,F,צביחה,10
Muslim,F,קות,10
Muslim,F,קינאז,10
Muslim,F,קינזי,10
Muslim,F,קיפח,10
Muslim,F,קיראז,10
Muslim,F,קרן,10
Muslim,F,ראגאד,10
Muslim,F,ראדא,10
Muslim,F,ראדייה,10
Muslim,F,ראוד,10
Muslim,F,ראוחיה,10
Muslim,F,ראיגה,10
Muslim,F,ראיד,10
Muslim,F,רארד,10
Muslim,F,רארם,10
Muslim,F,רג'וה,10
Muslim,F,רגדאן,10
Muslim,F,רגוה,10
Muslim,F,רואדה,10
Muslim,F,רוזלן,10
Muslim,F,רוחה,10
Muslim,F,רוכייה,10
Muslim,F,רומאנה,10
Muslim,F,רזלאן,10
Muslim,F,ריאאל,10
Muslim,F,רליה,10
Muslim,F,רסאל,10
Muslim,F,שהדה,10
Muslim,F,שהירא,10
Muslim,F,שפיגה,10
Muslim,F,ת'נאא,10
Muslim,F,תבארכ,10
Muslim,F,תיבא,10
Muslim,F,תמרא,10
Muslim,F,תנוה,10
Muslim,F,תרוה,10
Muslim,F,אבתיסאל,9
Muslim,F,אדנה,9
Muslim,F,אוסווה,9
Muslim,F,אוסילה,9
Muslim,F,אחסאן,9
Muslim,F,איבא,9
Muslim,F,איוואן,9
Muslim,F,אייאם,9
Muslim,F,אייטן,9
Muslim,F,איישה,9
Muslim,F,אינטיסאר,9
Muslim,F,אינטיסר,9
Muslim,F,איראז,9
Muslim,F,אלזהרה,9
Muslim,F,אללאא,9
Muslim,F,אלמאסה,9
Muslim,F,אמאסי,9
Muslim,F,אמנא,9
Muslim,F,אנאר,9
Muslim,F,אנג'ם,9
Muslim,F,אנהיד,9
Muslim,F,אנשרח,9
Muslim,F,אסחאר,9
Muslim,F,אסין,9
Muslim,F,אסמאהאן,9
Muslim,F,אסמע,9
Muslim,F,אעתידל,9
Muslim,F,אפתיח'אר,9
Muslim,F,אפתיסם,9
Muslim,F,אראדה,9
Muslim,F,אריא,9
Muslim,F,אשווק,9
Muslim,F,באכזה,9
Muslim,F,באתול,9
Muslim,F,בוסימה,9
Muslim,F,ביאדר,9
Muslim,F,בילאסן,9
Muslim,F,בישרא,9
Muslim,F,בסמלא,9
Muslim,F,בקיזה,9
Muslim,F,ברהא,9
Muslim,F,בת אל,9
Muslim,F,ג'אוהר,9
Muslim,F,ג'אידה,9
Muslim,F,ג'וזלאן,9
Muslim,F,ג'יידאא,9
Muslim,F,ג'רנאס,9
Muslim,F,גאראם,9
Muslim,F,גוא,9
Muslim,F,גומר,9
Muslim,F,גונדיה,9
Muslim,F,גיורי,9
Muslim,F,גיידה,9
Muslim,F,גלה,9
Muslim,F,גסק,9
Muslim,F,דארא,9
Muslim,F,דארה,9
Muslim,F,דונייה,9
Muslim,F,דיניז,9
Muslim,F,דכרא,9
Muslim,F,האיפה,9
Muslim,F,הדין,9
Muslim,F,הדלה,9
Muslim,F,הותאף,9
Muslim,F,היבאא,9
Muslim,F,היבתאללה,9
Muslim,F,הידאיא,9
Muslim,F,הידיה,9
Muslim,F,היית'ם,9
Muslim,F,המיס,9
Muslim,F,הנאיה,9
Muslim,F,ודאע,9
Muslim,F,ודיעה,9
Muslim,F,ודפה,9
Muslim,F,וואדחה,9
Muslim,F,ווארדה,9
Muslim,F,וולה,9
Muslim,F,ועוד,9
Muslim,F,וקאר,9
Muslim,F,זאהרא,9
Muslim,F,זאיידה,9
Muslim,F,זהוא,9
Muslim,F,זהראה,9
Muslim,F,זוזו,9
Muslim,F,זויא,9
Muslim,F,זויה,9
Muslim,F,זולפא,9
Muslim,F,זידה,9
Muslim,F,זליח'ה,9
Muslim,F,זמורוד,9
Muslim,F,ח'ולדה,9
Muslim,F,חדיג'ה,9
Muslim,F,חדיגיה,9
Muslim,F,חוראלעין,9
Muslim,F,חלדייה,9
Muslim,F,חמדייה,9
Muslim,F,חפצה,9
Muslim,F,חריה,9
Muslim,F,טאג',9
Muslim,F,טיאבה,9
Muslim,F,טסנים,9
Muslim,F,יאמור,9
Muslim,F,יזן,9
Muslim,F,ירדן,9
Muslim,F,כאתיא,9
Muslim,F,כוסר,9
Muslim,F,כינאנה,9
Muslim,F,כיפאייה,9
Muslim,F,כיפח,9
Muslim,F,כנא,9
Muslim,F,כרמאן,9
Muslim,F,לאריין,9
Muslim,F,לאתין,9
Muslim,F,לבקה,9
Muslim,F,לואלוא,9
Muslim,F,לוזיאנה,9
Muslim,F,לולה,9
Muslim,F,ליאלה,9
Muslim,F,ליז,9
Muslim,F,לייאלי,9
Muslim,F,לימאס,9
Muslim,F,לקא,9
Muslim,F,מאירה,9
Muslim,F,מברוקה,9
Muslim,F,מהאא,9
Muslim,F,מוג,9
Muslim,F,מוהיבה,9
Muslim,F,מוחסנה,9
Muslim,F,מולוק,9
Muslim,F,מונתה,9
Muslim,F,מופתייה,9
Muslim,F,מיאדא,9
Muslim,F,מירבד,9
Muslim,F,מירואת,9
Muslim,F,מישל,9
Muslim,F,מלי,9
Muslim,F,מסאר,9
Muslim,F,מפאז,9
Muslim,F,מרה,9
Muslim,F,מרואא,9
Muslim,F,מרימאן,9
Muslim,F,מרליין,9
Muslim,F,נאג'לה,9
Muslim,F,נאג'ת,9
Muslim,F,נאגוה,9
Muslim,F,נאגלה,9
Muslim,F,נאייפה,9
Muslim,F,נארמאן,9
Muslim,F,נג'אה,9
Muslim,F,נדיפה,9
Muslim,F,נהאלה,9
Muslim,F,נוגוד,9
Muslim,F,נווארה,9
Muslim,F,נוזה,9
Muslim,F,נויה,9
Muslim,F,נידאה,9
Muslim,F,ניזאם,9
Muslim,F,נסאם,9
Muslim,F,נסריה,9
Muslim,F,נעומי,9
Muslim,F,נף,9
Muslim,F,נשאת,9
Muslim,F,סאביל,9
Muslim,F,סאג'וד,9
Muslim,F,סאחרה,9
Muslim,F,סאפי,9
Muslim,F,סאפינאז,9
Muslim,F,סג'א,9
Muslim,F,סדף,9
Muslim,F,סואסן,9
Muslim,F,סוב,9
Muslim,F,סוהאן,9
Muslim,F,סולאן,9
Muslim,F,סונבלה,9
Muslim,F,סוריאנה,9
Muslim,F,סטפני,9
Muslim,F,סיאל,9
Muslim,F,סיבל,9
Muslim,F,סיווין,9
Muslim,F,סימונה,9
Muslim,F,סינדיאן,9
Muslim,F,סינמיס,9
Muslim,F,סלמאס,9
Muslim,F,סלסבילא,9
Muslim,F,סרארי,9
Muslim,F,סרור,9
Muslim,F,עאפף,9
Muslim,F,עדרה,9
Muslim,F,עומרי,9
Muslim,F,עטאב,9
Muslim,F,עיינא,9
Muslim,F,עינאב,9
Muslim,F,עינב,9
Muslim,F,עלאיה,9
Muslim,F,פאאדה,9
Muslim,F,פארדוס,9
Muslim,F,פורג'ה,9
Muslim,F,צמוד,9
Muslim,F,קאין,9
Muslim,F,קותאר,9
Muslim,F,קטנה,9
Muslim,F,קטף,9
Muslim,F,קים,9
Muslim,F,קרמה,9
Muslim,F,ראום,9
Muslim,F,ראונה,9
Muslim,F,ראלי,9
Muslim,F,ראן,9
Muslim,F,רוזינה,9
Muslim,F,רויאן,9
Muslim,F,רומייסא,9
Muslim,F,רומייסה,9
Muslim,F,רונאק,9
Muslim,F,רוניה,9
Muslim,F,רידאן,9
Muslim,F,ריכאז,9
Muslim,F,רינאא,9
Muslim,F,רכאד,9
Muslim,F,רנימה,9
Muslim,F,רסלין,9
Muslim,F,רפאיה,9
Muslim,F,רשאן,9
Muslim,F,שאהינאז,9
Muslim,F,שאימאא,9
Muslim,F,שאמא,9
Muslim,F,שאפה,9
Muslim,F,שהנדא,9
Muslim,F,שומוך,9
Muslim,F,שיח,9
Muslim,F,שייכה,9
Muslim,F,שירי,9
Muslim,F,שנארה,9
Muslim,F,תאורה,9
Muslim,F,תאלי,9
Muslim,F,תביאן,9
Muslim,F,תורה,9
Muslim,F,תליד,9
Muslim,F,תקיה,9
Muslim,F,תרווה,9
Muslim,F,תריאג,9
Muslim,F,אבתהל,8
Muslim,F,אגדיר,8
Muslim,F,אדלה,8
Muslim,F,אדן,8
Muslim,F,אוואן,8
Muslim,F,אומסיה,8
Muslim,F,אורכיד,8
Muslim,F,אורנה,8
Muslim,F,אטר,8
Muslim,F,איימי,8
Muslim,F,אינגוד,8
Muslim,F,אינטסר,8
Muslim,F,אינתהאל,8
Muslim,F,איסראה,8
Muslim,F,אירים,8
Muslim,F,אישרא,8
Muslim,F,אלארא,8
Muslim,F,אלמאא,8
Muslim,F,אמאנדא,8
Muslim,F,אמרת,8
Muslim,F,אמתתאל,8
Muslim,F,אנל,8
Muslim,F,אנסם,8
Muslim,F,אנפל,8
Muslim,F,אנתיצאר,8
Muslim,F,אסאייל,8
Muslim,F,אסאלא,8
Muslim,F,אסוה,8
Muslim,F,אסלאח,8
Muslim,F,אעישה,8
Muslim,F,אפכאר,8
Muslim,F,אפתיסאם,8
Muslim,F,ארואא,8
Muslim,F,ארקייה,8
Muslim,F,באילסאן,8
Muslim,F,באלקיס,8
Muslim,F,באראה,8
Muslim,F,בוטיינה,8
Muslim,F,בייסאן,8
Muslim,F,בילא,8
Muslim,F,בילסאן,8
Muslim,F,ביסאם,8
Muslim,F,ביתול,8
Muslim,F,ברלנטי,8
Muslim,F,ג'והאן,8
Muslim,F,ג'ווהר,8
Muslim,F,ג'ניפר,8
Muslim,F,גאדר,8
Muslim,F,גאזי,8
Muslim,F,גאניה,8
Muslim,F,גוהאינה,8
Muslim,F,גולית,8
Muslim,F,גונה,8
Muslim,F,גופרן,8
Muslim,F,גז'ל,8
Muslim,F,גזיל,8
Muslim,F,גזלה,8
Muslim,F,גנוה,8
Muslim,F,גפלה,8
Muslim,F,דג'לה,8
Muslim,F,דהיבה,8
Muslim,F,דויה,8
Muslim,F,דונאי,8
Muslim,F,דועאי,8
Muslim,F,דורה,8
Muslim,F,דילרה,8
Muslim,F,דמוע,8
Muslim,F,הבאא,8
Muslim,F,הדאא,8
Muslim,F,הואזן,8
Muslim,F,הויאם,8
Muslim,F,היאתם,8
Muslim,F,הידאא,8
Muslim,F,היזאר,8
Muslim,F,הילנה,8
Muslim,F,הימא,8
Muslim,F,הלדה,8
Muslim,F,המת,8
Muslim,F,הניא,8
Muslim,F,וואסל,8
Muslim,F,ווהיבה,8
Muslim,F,וולאה,8
Muslim,F,ווסאן,8
Muslim,F,וזנה,8
Muslim,F,ולידה,8
Muslim,F,וצפיה,8
Muslim,F,ורווד,8
Muslim,F,ורקא,8
Muslim,F,ז'ינב,8
Muslim,F,זאינה,8
Muslim,F,זאמזם,8
Muslim,F,זאנב,8
Muslim,F,זהארה,8
Muslim,F,זהדיה,8
Muslim,F,זוהרא,8
Muslim,F,זיכרה,8
Muslim,F,זיקריאת,8
Muslim,F,זליחה,8
Muslim,F,זנאב,8
Muslim,F,חביב,8
Muslim,F,חוזיימה,8
Muslim,F,חוראא,8
Muslim,F,חיאתי,8
Muslim,F,חכאם,8
Muslim,F,חמאם,8
Muslim,F,חמאס,8
Muslim,F,חן,8
Muslim,F,טובא,8
Muslim,F,טוקא,8
Muslim,F,טייבא,8
Muslim,F,טל,8
Muslim,F,טקוה,8
Muslim,F,יואפה,8
Muslim,F,יולאן,8
Muslim,F,יונה,8
Muslim,F,ים,8
Muslim,F,יסר,8
Muslim,F,יערה,8
Muslim,F,כאתיה,8
Muslim,F,כדר,8
Muslim,F,כורדייה,8
Muslim,F,לאיאל,8
Muslim,F,לאריס,8
Muslim,F,לגיין,8
Muslim,F,לדן,8
Muslim,F,לודמילה,8
Muslim,F,לוזין,8
Muslim,F,לוין,8
Muslim,F,לולואה,8
Muslim,F,לוסינדה,8
Muslim,F,ליודמילה,8
Muslim,F,ליטל,8
Muslim,F,ליליאנא,8
Muslim,F,לילק,8
Muslim,F,לנדה,8
Muslim,F,מאימונה,8
Muslim,F,מאיסאא,8
Muslim,F,מאריתה,8
Muslim,F,מארסיל,8
Muslim,F,מדונה,8
Muslim,F,מדיאן,8
Muslim,F,מדין,8
Muslim,F,מודא,8
Muslim,F,מוניקה,8
Muslim,F,מונתאה,8
Muslim,F,מוריא,8
Muslim,F,מטילדה,8
Muslim,F,מיאם,8
Muslim,F,מייסין,8
Muslim,F,מייר,8
Muslim,F,מיכאלה,8
Muslim,F,מיכל,8
Muslim,F,מילוק,8
Muslim,F,מינאא,8
Muslim,F,מיננא,8
Muslim,F,מיסאה,8
Muslim,F,מירון,8
Muslim,F,מיריאן,8
Muslim,F,מנאסה,8
Muslim,F,מרנאן,8
Muslim,F,נאבה,8
Muslim,F,נאג'אח,8
Muslim,F,נאהיד,8
Muslim,F,נאוה,8
Muslim,F,נארה,8
Muslim,F,נאתאלי,8
Muslim,F,נבאה,8
Muslim,F,נבה,8
Muslim,F,נביה,8
Muslim,F,נגאה,8
Muslim,F,נגה,8
Muslim,F,נגים,8
Muslim,F,נדואה,8
Muslim,F,נדימה,8
Muslim,F,נהיד,8
Muslim,F,נהל,8
Muslim,F,נווא,8
Muslim,F,נויר,8
Muslim,F,נוראלעין,8
Muslim,F,נילא,8
Muslim,F,נינא,8
Muslim,F,ניעם,8
Muslim,F,נסאל,8
Muslim,F,נסריין,8
Muslim,F,נעום,8
Muslim,F,נרג'אס,8
Muslim,F,סאם,8
Muslim,F,סברא,8
Muslim,F,סג'ידה,8
Muslim,F,סדקיה,8
Muslim,F,סודקיה,8
Muslim,F,סוהילא,8
Muslim,F,סווסאן,8
Muslim,F,סוכר,8
Muslim,F,סולימה,8
Muslim,F,סוקאינה,8
Muslim,F,סורין,8
Muslim,F,סטלה,8
Muslim,F,סידאר,8
Muslim,F,סיראא,8
Muslim,F,סיראת,8
Muslim,F,סכות,8
Muslim,F,סנדיאנה,8
Muslim,F,ע'זאל,8
Muslim,F,עאוטף,8
Muslim,F,עאמל,8
Muslim,F,עאתכה,8
Muslim,F,עדי,8
Muslim,F,עהאד,8
Muslim,F,עוטאף,8
Muslim,F,עוליה,8
Muslim,F,עולייה,8
Muslim,F,עופרה,8
Muslim,F,עטייאת,8
Muslim,F,עיטב,8
Muslim,F,עיטף,8
Muslim,F,עינאת,8
Muslim,F,עלייא,8
Muslim,F,עפעף,8
Muslim,F,עפראן,8
Muslim,F,עתימאד,8
Muslim,F,פאדוה,8
Muslim,F,פאטם,8
Muslim,F,פהידה,8
Muslim,F,פולא,8
Muslim,F,פולינה,8
Muslim,F,פיהמיה,8
Muslim,F,פייחא,8
Muslim,F,פליחה,8
Muslim,F,פלשתין,8
Muslim,F,פתנאת,8
Muslim,F,צובחייה,8
Muslim,F,קאון,8
Muslim,F,קואקב,8
Muslim,F,קוטר,8
Muslim,F,קלארא,8
Muslim,F,קסנדרה,8
Muslim,F,קריסתין,8
Muslim,F,קתרינה,8
Muslim,F,ראה,8
Muslim,F,ראוה,8
Muslim,F,ראוייה,8
Muslim,F,ראחיל,8
Muslim,F,ראחל,8
Muslim,F,רבאח,8
Muslim,F,רג'ד,8
Muslim,F,רג'ואה,8
Muslim,F,רג'יחה,8
Muslim,F,רגאיה,8
Muslim,F,רגייה,8
Muslim,F,רהאב,8
Muslim,F,רוד,8
Muslim,F,רוויה,8
Muslim,F,רוזיית,8
Muslim,F,רויאדה,8
Muslim,F,רומאיס,8
Muslim,F,רזלה,8
Muslim,F,רחאנה,8
Muslim,F,רחילה,8
Muslim,F,רחמת,8
Muslim,F,ריטג',8
Muslim,F,רייחאנה,8
Muslim,F,ריתאז,8
Muslim,F,רסאלה,8
Muslim,F,רסלאן,8
Muslim,F,רעליה,8
Muslim,F,רראם,8
Muslim,F,רשאה,8
Muslim,F,רתאב,8
Muslim,F,רתאן,8
Muslim,F,שאדין,8
Muslim,F,שהידה,8
Muslim,F,שהינז,8
Muslim,F,שהראזד,8
Muslim,F,שויכאר,8
Muslim,F,שופה,8
Muslim,F,שוקראן,8
Muslim,F,שורין,8
Muslim,F,שחר,8
Muslim,F,שימאי,8
Muslim,F,שראח,8
Muslim,F,תאיה,8
Muslim,F,תאני,8
Muslim,F,תגוה,8
Muslim,F,תהריד,8
Muslim,F,תילא,8
Muslim,F,תילין,8
Muslim,F,תיריז,8
Muslim,F,אאן,7
Muslim,F,אבראהים,7
Muslim,F,אג'נדין,7
Muslim,F,אדואא,7
Muslim,F,אדר,7
Muslim,F,אהואז,7
Muslim,F,אוולין,7
Muslim,F,אוליביה,7
Muslim,F,אומאיה,7
Muslim,F,אורינב,7
Muslim,F,אזאהר,7
Muslim,F,אזדיהר,7
Muslim,F,אח'לאץ,7
Muslim,F,אחראר,7
Muslim,F,איבאן,7
Muslim,F,איוואנא,7
Muslim,F,איזבל,7
Muslim,F,אייאט,7
Muslim,F,אינתצאר,7
Muslim,F,איסאר,7
Muslim,F,איעתמאד,7
Muslim,F,איפא,7
Muslim,F,אירנה,7
Muslim,F,אלאנה,7
Muslim,F,אלאף,7
Muslim,F,אליונה,7
Muslim,F,אלמאר,7
Muslim,F,אלמז,7
Muslim,F,אמאל,7
Muslim,F,אמאליד,7
Muslim,F,אמתיתאל,7
Muslim,F,אנאג'ים,7
Muslim,F,אנגלה,7
Muslim,F,אנדירא,7
Muslim,F,אניא,7
Muslim,F,אניס,7
Muslim,F,אנתדאר,7
Muslim,F,אנתזאר,7
Muslim,F,אסמיהן,7
Muslim,F,אסראי,7
Muslim,F,אקסא,7
Muslim,F,ארג'וואן,7
Muslim,F,ארזה,7
Muslim,F,אריין,7
Muslim,F,ארנאן,7
Muslim,F,אשראא,7
Muslim,F,אתי,7
Muslim,F,אתינה,7
Muslim,F,באן,7
Muslim,F,בוסינא,7
Muslim,F,בורן,7
Muslim,F,ביידאא,7
Muslim,F,ביסלאן,7
Muslim,F,בנורה,7
Muslim,F,בסנט,7
Muslim,F,בראק,7
Muslim,F,ברלנת,7
Muslim,F,בשייר,7
Muslim,F,ג'ודה,7
Muslim,F,ג'וואנה,7
Muslim,F,ג'ינן,7
Muslim,F,ג'לאא,7
Muslim,F,ג'לינאר,7
Muslim,F,ג'נאה,7
Muslim,F,ג'ני,7
Muslim,F,ג'ניט,7
Muslim,F,ג'נית,7
Muslim,F,גאידאא,7
Muslim,F,גאלי,7
Muslim,F,גאנית,7
Muslim,F,גארם,7
Muslim,F,גוהאן,7
Muslim,F,גווד,7
Muslim,F,גוזלן,7
Muslim,F,גוליט,7
Muslim,F,גוסן,7
Muslim,F,גזאייה,7
Muslim,F,גנא,7
Muslim,F,גננה,7
Muslim,F,גריבה,7
Muslim,F,דאבלה,7
Muslim,F,דומא,7
Muslim,F,דונייא,7
Muslim,F,דוריס,7
Muslim,F,דניס,7
Muslim,F,האנדי,7
Muslim,F,הדנה,7
Muslim,F,הודאיה,7
Muslim,F,הוזאם,7
Muslim,F,הידיא,7
Muslim,F,ואתן,7
Muslim,F,ודחא,7
Muslim,F,וואדד,7
Muslim,F,וואסן,7
Muslim,F,ווג'יהה,7
Muslim,F,וויג'דאן,7
Muslim,F,וסמייה,7
Muslim,F,זאהייה,7
Muslim,F,זאקיה,7
Muslim,F,זהב,7
Muslim,F,זוהאר,7
Muslim,F,זומורד,7
Muslim,F,חאוולה,7
Muslim,F,חאית,7
Muslim,F,חאנאן,7
Muslim,F,חאסנה,7
Muslim,F,חביבת,7
Muslim,F,חדיג'י,7
Muslim,F,חותאם,7
Muslim,F,חיפה,7
Muslim,F,חכמייה,7
Muslim,F,חלב,7
Muslim,F,חלמייה,7
Muslim,F,חנונה,7
Muslim,F,חנסה,7
Muslim,F,חסנאת,7
Muslim,F,חסנייה,7
Muslim,F,חרייה,7
Muslim,F,טורקאן,7
Muslim,F,טרז,7
Muslim,F,טרייה,7
Muslim,F,יאמן,7
Muslim,F,יאסמין,7
Muslim,F,יאסרין,7
Muslim,F,יגות,7
Muslim,F,יוטפה,7
Muslim,F,יוסף,7
Muslim,F,יוסריה,7
Muslim,F,יופה,7
Muslim,F,ימינה,7
Muslim,F,יסאר,7
Muslim,F,כאדיר,7
Muslim,F,כולתום,7
Muslim,F,כינאר,7
Muslim,F,כפיאה,7
Muslim,F,כרולין,7
Muslim,F,כרסטין,7
Muslim,F,לאילי,7
Muslim,F,לאלי,7
Muslim,F,לאמיתא,7
Muslim,F,לוג'איין,7
Muslim,F,לוג'אן,7
Muslim,F,לולי,7
Muslim,F,לוריין,7
Muslim,F,לטפיה,7
Muslim,F,ליביא,7
Muslim,F,ליביה,7
Muslim,F,לידא,7
Muslim,F,ליל,7
Muslim,F,ליסא,7
Muslim,F,מאב,7
Muslim,F,מאהלה,7
Muslim,F,מאוודה,7
Muslim,F,מאזל,7
Muslim,F,מאיין,7
Muslim,F,מאימנה,7
Muslim,F,מאיסאן,7
Muslim,F,מאסק,7
Muslim,F,מבסם,7
Muslim,F,מברוכה,7
Muslim,F,מוהגה,7
Muslim,F,מוחמדיה,7
Muslim,F,מונאל,7
Muslim,F,מונאר,7
Muslim,F,מונטהה,7
Muslim,F,מועאד,7
Muslim,F,מופתיה,7
Muslim,F,מחמדייה,7
Muslim,F,מחמודה,7
Muslim,F,מטיעה,7
Muslim,F,מיאסא,7
Muslim,F,מייה,7
Muslim,F,מיכאל,7
Muslim,F,מינאר,7
Muslim,F,מיסאנה,7
Muslim,F,מיראב,7
Muslim,F,מיראז',7
Muslim,F,מירבט,7
Muslim,F,מירם,7
Muslim,F,מליסא,7
Muslim,F,מנאן,7
Muslim,F,מנורה,7
Muslim,F,מניפה,7
Muslim,F,מעזז,7
Muslim,F,מראווה,7
Muslim,F,מרגאנה,7
Muslim,F,מרגלית,7
Muslim,F,מרגריטה,7
Muslim,F,מרימאר,7
Muslim,F,מריס,7
Muslim,F,מתאיל,7
Muslim,F,מתילדה,7
Muslim,F,נאג'וה,7
Muslim,F,נאג'יה,7
Muslim,F,נאדר,7
Muslim,F,נאואר,7
Muslim,F,נאייה,7
Muslim,F,נאסמה,7
Muslim,F,נאעמה,7
Muslim,F,נביאן,7
Muslim,F,נג'אד,7
Muslim,F,נגום,7
Muslim,F,נהר,7
Muslim,F,נואהד,7
Muslim,F,נוארס,7
Muslim,F,נובאל,7
Muslim,F,נוזת,7
Muslim,F,נועאם,7
Muslim,F,נוראללה,7
Muslim,F,נזהת,7
Muslim,F,נזלה,7
Muslim,F,ניאיה,7
Muslim,F,ניילם,7
Muslim,F,נימאלא,7
Muslim,F,ניר,7
Muslim,F,ניראג',7
Muslim,F,נירמאן,7
Muslim,F,נעאים,7
Muslim,F,נרוין,7
Muslim,F,נרמיאן,7
Muslim,F,סאדה,7
Muslim,F,סאהירה,7
Muslim,F,סאוסה,7
Muslim,F,סאימה,7
Muslim,F,סאלחיה,7
Muslim,F,סאלסביל,7
Muslim,F,סאמאר,7
Muslim,F,סאמהר,7
Muslim,F,סאמיא,7
Muslim,F,סאניה,7
Muslim,F,סאנין,7
Muslim,F,סאפייה,7
Muslim,F,סבחייה,7
Muslim,F,סביתה,7
Muslim,F,סגידה,7
Muslim,F,סואהר,7
Muslim,F,סוג'יד,7
Muslim,F,סוהירה,7
Muslim,F,סולאפא,7
Muslim,F,סורייא,7
Muslim,F,סיאר,7
Muslim,F,סידרת,7
Muslim,F,סיטה,7
Muslim,F,סיליין,7
Muslim,F,סימי,7
Muslim,F,סיסיליא,7
Muslim,F,סכיבה,7
Muslim,F,סלא,7
Muslim,F,סליאנה,7
Muslim,F,סלמאה,7
Muslim,F,סמהאן,7
Muslim,F,סמיא,7
Muslim,F,סנאי,7
Muslim,F,סנאם,7
Muslim,F,סנאר,7
Muslim,F,סנע,7
Muslim,F,סריא,7
Muslim,F,סתברק,7
Muslim,F,עדיה,7
Muslim,F,עובור,7
Muslim,F,עוליא,7
Muslim,F,עזבה,7
Muslim,F,עייט,7
Muslim,F,עסמאת,7
Muslim,F,עפף,7
Muslim,F,עשק,7
Muslim,F,עתידאל,7
Muslim,F,עתמאד,7
Muslim,F,פאדווה,7
Muslim,F,פאולה,7
Muslim,F,פאתין,7
Muslim,F,פדיאה,7
Muslim,F,פטומה,7
Muslim,F,פיפיאן,7
Muslim,F,פירוזה,7
Muslim,F,פלסתין,7
Muslim,F,פנינה,7
Muslim,F,פסאיל,7
Muslim,F,פרייאל,7
Muslim,F,פתינה,7
Muslim,F,צופיה,7
Muslim,F,קאיאן,7
Muslim,F,קאמליה,7
Muslim,F,קארן,7
Muslim,F,קדריה,7
Muslim,F,קודסייה,7
Muslim,F,קוראל,7
Muslim,F,קיעאן,7
Muslim,F,קיפאיה,7
Muslim,F,קלודיה,7
Muslim,F,קמיליא,7
Muslim,F,קנר,7
Muslim,F,קרימן,7
Muslim,F,ראגיה,7
Muslim,F,ראהאף,7
Muslim,F,ראיידה,7
Muslim,F,רג'אה,7
Muslim,F,רגוא,7
Muslim,F,רגיד,7
Muslim,F,רואייא,7
Muslim,F,רובאא,7
Muslim,F,רוגיה,7
Muslim,F,רוגייה,7
Muslim,F,רוגינדא,7
Muslim,F,רוהא,7
Muslim,F,רוהייפה,7
Muslim,F,רווחייה,7
Muslim,F,רוטאג',7
Muslim,F,רומיה,7
Muslim,F,רונאן,7
Muslim,F,רוסלנה,7
Muslim,F,ריאנא,7
Muslim,F,ריהאנה,7
Muslim,F,ריואל,7
Muslim,F,ריידה,7
Muslim,F,ריינה,7
Muslim,F,ריסאלה,7
Muslim,F,רכד,7
Muslim,F,רמאן,7
Muslim,F,רמיה,7
Muslim,F,רניין,7
Muslim,F,רסאם,7
Muslim,F,רסייל,7
Muslim,F,רקאן,7
Muslim,F,רראד,7
Muslim,F,שאירה,7
Muslim,F,שהימה,7
Muslim,F,שיר,7
Muslim,F,שיריין,7
Muslim,F,שמסיה,7
Muslim,F,שריאהן,7
Muslim,F,תאוויל,7
Muslim,F,תאניא,7
Muslim,F,תארא,7
Muslim,F,תגויד,7
Muslim,F,תכריד,7
Muslim,F,אארז,6
Muslim,F,אביתסאם,6
Muslim,F,אבן,6
Muslim,F,אג'נאדין,6
Muslim,F,אגאדיר,6
Muslim,F,אגנדין,6
Muslim,F,אודליה,6
Muslim,F,אוהיילה,6
Muslim,F,אולא,6
Muslim,F,אולפט,6
Muslim,F,אזיס,6
Muslim,F,אחכאם,6
Muslim,F,אחתראם,6
Muslim,F,איבתיהאג',6
Muslim,F,איווא,6
Muslim,F,איידן,6
Muslim,F,אילנית,6
Muslim,F,אימאמה,6
Muslim,F,אימראת,6
Muslim,F,אינג'י,6
Muslim,F,אינסאם,6
Muslim,F,איסיל,6
Muslim,F,איסמת,6
Muslim,F,איעתדל,6
Muslim,F,איפאנא,6
Muslim,F,איראדה,6
Muslim,F,אישראק,6
Muslim,F,אלואז,6
Muslim,F,אלול,6
Muslim,F,אליאנור,6
Muslim,F,אליזבטה,6
Muslim,F,אליממה,6
Muslim,F,אלישר,6
Muslim,F,אלמהא,6
Muslim,F,אמג'ד,6
Muslim,F,אמוואג',6
Muslim,F,אמיה,6
Muslim,F,אמנדא,6
Muslim,F,אמתינאן,6
Muslim,F,אנאת,6
Muslim,F,אנג'ילה,6
Muslim,F,אנגלינה,6
Muslim,F,אנדרה,6
Muslim,F,אנילה,6
Muslim,F,אנתזאה,6
Muslim,F,אסאן,6
Muslim,F,אסול,6
Muslim,F,אסייא,6
Muslim,F,אסיף,6
Muslim,F,אסמאא,6
Muslim,F,אסמהא,6
Muslim,F,אסתברג,6
Muslim,F,אעלאם,6
Muslim,F,אעתזאז,6
Muslim,F,אפאף,6
Muslim,F,ארינא,6
Muslim,F,ארמין,6
Muslim,F,אתייר,6
Muslim,F,באדיה,6
Muslim,F,בוסי,6
Muslim,F,בותינא,6
Muslim,F,ביידא,6
Muslim,F,בייהס,6
Muslim,F,בילה,6
Muslim,F,בנזהיר,6
Muslim,F,בסנד,6
Muslim,F,בקאא,6
Muslim,F,בשיאר,6
Muslim,F,בשייאר,6
Muslim,F,בתיל,6
Muslim,F,ג'אלא,6
Muslim,F,ג'אלילה,6
Muslim,F,ג'הד,6
Muslim,F,ג'ודא,6
Muslim,F,ג'והאינה,6
Muslim,F,ג'וויל,6
Muslim,F,ג'וזפין,6
Muslim,F,ג'ול,6
Muslim,F,ג'וסלין,6
Muslim,F,ג'יהד,6
Muslim,F,ג'יואן,6
Muslim,F,ג'יידה,6
Muslim,F,ג'מאלת,6
Muslim,F,ג'מאנא,6
Muslim,F,ג'מילי,6
Muslim,F,ג'מלת,6
Muslim,F,ג'סלין,6
Muslim,F,גאוהרה,6
Muslim,F,גויריה,6
Muslim,F,גומאר,6
Muslim,F,גונא,6
Muslim,F,גוריה,6
Muslim,F,גיד,6
Muslim,F,גילנאר,6
Muslim,F,גינן,6
Muslim,F,גנאט,6
Muslim,F,גנית,6
Muslim,F,גרייס,6
Muslim,F,גרם,6
Muslim,F,גרנאס,6
Muslim,F,דאלא,6
Muslim,F,דאלידה,6
Muslim,F,דאלע,6
Muslim,F,דאריה,6
Muslim,F,דוגא,6
Muslim,F,דולאת,6
Muslim,F,דומיה,6
Muslim,F,דוריה,6
Muslim,F,דורית,6
Muslim,F,דיכרא,6
Muslim,F,דילא,6
Muslim,F,דימה,6
Muslim,F,דינרה,6
Muslim,F,דנאי,6
Muslim,F,דניאל,6
Muslim,F,האם,6
Muslim,F,האנם,6
Muslim,F,הדיא,6
Muslim,F,הדר,6
Muslim,F,הונאידה,6
Muslim,F,הור,6
Muslim,F,היאב,6
Muslim,F,היגאר,6
Muslim,F,הייבא,6
Muslim,F,הלדא,6
Muslim,F,הנוד,6
Muslim,F,הניאה,6
Muslim,F,התון,6
Muslim,F,ואד,6
Muslim,F,ואטפה,6
Muslim,F,ווג'וד,6
Muslim,F,וויגדאן,6
Muslim,F,ווסילה,6
Muslim,F,וחדה,6
Muslim,F,ויאנה,6
Muslim,F,ויולית,6
Muslim,F,ויסל,6
Muslim,F,וירא,6
Muslim,F,וירה,6
Muslim,F,וסנא,6
Muslim,F,ועיד,6
Muslim,F,זאיה,6
Muslim,F,זומורדה,6
Muslim,F,זיוה,6
Muslim,F,זכאא,6
Muslim,F,זמורד,6
Muslim,F,זקרה,6
Muslim,F,זרינה,6
Muslim,F,ח'אלדייה,6
Muslim,F,ח'ד'רה,6
Muslim,F,חאדרה,6
Muslim,F,חדיז'ה,6
Muslim,F,חולא,6
Muslim,F,חיאא,6
Muslim,F,חיאתם,6
Muslim,F,חסאן,6
Muslim,F,טאהני,6
Muslim,F,טבארק,6
Muslim,F,טורקיה,6
Muslim,F,טליא,6
Muslim,F,טמאר,6
Muslim,F,טקואה,6
Muslim,F,טרטיל,6
Muslim,F,יאלין,6
Muslim,F,יאמאמה,6
Muslim,F,יאסמא,6
Muslim,F,יהדין,6
Muslim,F,יולין,6
Muslim,F,יולנדה,6
Muslim,F,יראה,6
Muslim,F,ישרא,6
Muslim,F,ית'רב,6
Muslim,F,כאמילה,6
Muslim,F,כאמר,6
Muslim,F,כאתבה,6
Muslim,F,כוכבה,6
Muslim,F,כמילה,6
Muslim,F,כפאא,6
Muslim,F,כפאי,6
Muslim,F,כפה,6
Muslim,F,כרימן,6
Muslim,F,כרמי,6
Muslim,F,כתיבה,6
Muslim,F,כתרינא,6
Muslim,F,לאורא,6
Muslim,F,לאלה,6
Muslim,F,לואיזה,6
Muslim,F,לוור,6
Muslim,F,לוז'אין,6
Muslim,F,לוז'ין,6
Muslim,F,לונדו,6
Muslim,F,לוסיה,6
Muslim,F,לוסינדא,6
Muslim,F,לורית,6
Muslim,F,לטין,6
Muslim,F,ליבנא,6
Muslim,F,לינה,6
Muslim,F,לירן,6
Muslim,F,ללה,6
Muslim,F,למיאה,6
Muslim,F,לריס,6
Muslim,F,מאייסון,6
Muslim,F,מאכה,6
Muslim,F,מאלקה,6
Muslim,F,מאמונה,6
Muslim,F,מאתר,6
Muslim,F,מדלאן,6
Muslim,F,מוהאב,6
Muslim,F,מוהיא,6
Muslim,F,מונתאללה,6
Muslim,F,מופאז,6
Muslim,F,מורא,6
Muslim,F,מוריה,6
Muslim,F,מזיאנה,6
Muslim,F,מחמדיה,6
Muslim,F,מחסן,6
Muslim,F,מיאמי,6
Muslim,F,מיאסם,6
Muslim,F,מיהאד,6
Muslim,F,מייסן,6
Muslim,F,מינס,6
Muslim,F,מיסאר,6
Muslim,F,מיסונה,6
Muslim,F,מיסלין,6
Muslim,F,מיראז,6
Muslim,F,מיראת,6
Muslim,F,מירבאת,6
Muslim,F,מירהאן,6
Muslim,F,מירפאת,6
Muslim,F,מלינדה,6
Muslim,F,מנוואה,6
Muslim,F,מנייה,6
Muslim,F,מנתהה,6
Muslim,F,מסה,6
Muslim,F,מראג',6
Muslim,F,מרדי,6
Muslim,F,מרוית,6
Muslim,F,מריומה,6
Muslim,F,מרייא,6
Muslim,F,מרסא,6
Muslim,F,מרתה,6
Muslim,F,נאגד,6
Muslim,F,נאגחה,6
Muslim,F,נאגיה,6
Muslim,F,נאדי,6
Muslim,F,נאהיל,6
Muslim,F,נאוא,6
Muslim,F,נאזקה,6
Muslim,F,נאטלי,6
Muslim,F,נאני,6
Muslim,F,נאסר,6
Muslim,F,נארא,6
Muslim,F,נארגיס,6
Muslim,F,נג'מי,6
Muslim,F,נג'ת,6
Muslim,F,נגוואה,6
Muslim,F,נהאוונד,6
Muslim,F,נהאר,6
Muslim,F,נהיאה,6
Muslim,F,נהריז,6
Muslim,F,נודא,6
Muslim,F,נוזאת,6
Muslim,F,נור-אלהודא,6
Muslim,F,נורגהאן,6
Muslim,F,ניג'וד,6
Muslim,F,ניגמי,6
Muslim,F,נידין,6
Muslim,F,ניהייא,6
Muslim,F,נלמס,6
Muslim,F,נמאא,6
Muslim,F,נמאריק,6
Muslim,F,נפיז,6
Muslim,F,נקא,6
Muslim,F,נראמין,6
Muslim,F,נרגאס,6
Muslim,F,נתאליה,6
Muslim,F,סאמירה,6
Muslim,F,סאן,6
Muslim,F,סבייחה,6
Muslim,F,סבילה,6
Muslim,F,סבתה,6
Muslim,F,סדיין,6
Muslim,F,סהה,6
Muslim,F,סהיל,6
Muslim,F,סהירה,6
Muslim,F,סוג'ד,6
Muslim,F,סודקייה,6
Muslim,F,סולימאן,6
Muslim,F,סוניאס,6
Muslim,F,סופאנה,6
Muslim,F,סוראג',6
Muslim,F,סוריאנא,6
Muslim,F,סיא,6
Muslim,F,סיאלין,6
Muslim,F,סיאן,6
Muslim,F,סיבין,6
Muslim,F,סיג'אל,6
Muslim,F,סיהא,6
Muslim,F,סימוד,6
Muslim,F,סינארית,6
Muslim,F,סיסיל,6
Muslim,F,סיראז',6
Muslim,F,סירייה,6
Muslim,F,סל,6
Muslim,F,סלביה,6
Muslim,F,סלטנה,6
Muslim,F,סליחה,6
Muslim,F,סלמאא,6
Muslim,F,סמאהיר,6
Muslim,F,סמוחה,6
Muslim,F,סמיר,6
Muslim,F,סמרקנד,6
Muslim,F,סנאל,6
Muslim,F,סנבל,6
Muslim,F,סנדרא,6
Muslim,F,סנייאל,6
Muslim,F,ספין,6
Muslim,F,סקיבה,6
Muslim,F,סראיא,6
Muslim,F,סרהאב,6
Muslim,F,סרווה,6
Muslim,F,סרוות,6
Muslim,F,סרינא,6
Muslim,F,ע'ינה,6
Muslim,F,עדלאת,6
Muslim,F,עיון,6
Muslim,F,עינאייה,6
Muslim,F,עינה,6
Muslim,F,עיפף,6
Muslim,F,עיתב,6
Muslim,F,עלאם,6
Muslim,F,עלוה,6
Muslim,F,עמאר,6
Muslim,F,עמרה,6
Muslim,F,ענאיא,6
Muslim,F,עסליה,6
Muslim,F,עסרייה,6
Muslim,F,עפיה,6
Muslim,F,עפראא,6
Muslim,F,עריין,6
Muslim,F,עתידל,6
Muslim,F,עתיקה,6
Muslim,F,פאדוא,6
Muslim,F,פאדואה,6
Muslim,F,פאראח,6
Muslim,F,פארידה,6
Muslim,F,פואז,6
Muslim,F,פטנה,6
Muslim,F,פסל,6
Muslim,F,פרדיס,6
Muslim,F,פתוח,6
Muslim,F,צאפה,6
Muslim,F,צבחייה,6
Muslim,F,צילה,6
Muslim,F,קבאא,6
Muslim,F,קוכב,6
Muslim,F,קינוז,6
Muslim,F,קיראם,6
Muslim,F,קמליה,6
Muslim,F,קסניה,6
Muslim,F,קרול,6
Muslim,F,קרולינה,6
Muslim,F,ראאם,6
Muslim,F,ראבב,6
Muslim,F,ראג'חה,6
Muslim,F,ראגא,6
Muslim,F,ראהם,6
Muslim,F,ראווה,6
Muslim,F,ראיאת,6
Muslim,F,ראלא,6
Muslim,F,ראלה,6
Muslim,F,ראנן,6
Muslim,F,ראקייה,6
Muslim,F,רג'דא,6
Muslim,F,רג'ואן,6
Muslim,F,רג'ינה,6
Muslim,F,רהד,6
Muslim,F,רוביאן,6
Muslim,F,רובין,6
Muslim,F,רודאן,6
Muslim,F,רודיינא,6
Muslim,F,רוזיט,6
Muslim,F,רוחמה,6
Muslim,F,רוייא,6
Muslim,F,רונדה,6
Muslim,F,רוקייא,6
Muslim,F,רותג',6
Muslim,F,רטאל,6
Muslim,F,ריבא,6
Muslim,F,ריהן,6
Muslim,F,ריטא,6
Muslim,F,רילאן,6
Muslim,F,רימאה,6
Muslim,F,רימונד,6
Muslim,F,רימל,6
Muslim,F,רינדה,6
Muslim,F,ריניה,6
Muslim,F,ריפא,6
Muslim,F,רמוז,6
Muslim,F,רמיס,6
Muslim,F,רסין,6
Muslim,F,רפיה,6
Muslim,F,רקאז,6
Muslim,F,ררדה,6
Muslim,F,רתייל,6
Muslim,F,שאד,6
Muslim,F,שאהירה,6
Muslim,F,שאנל,6
Muslim,F,שאריהאן,6
Muslim,F,שג'א,6
Muslim,F,שהרה,6
Muslim,F,שיימע,6
Muslim,F,שילה,6
Muslim,F,שירהן,6
Muslim,F,שלביה,6
Muslim,F,שלי,6
Muslim,F,שמאח,6
Muslim,F,שקרה,6
Muslim,F,ת'וריא,6
Muslim,F,ת'רות,6
Muslim,F,תהאנה,6
Muslim,F,תואב,6
Muslim,F,תונאי,6
Muslim,F,תורקיה,6
Muslim,F,תיבה,6
Muslim,F,תיביאן,6
Muslim,F,תמינה,6
Muslim,F,תנהא,6
Muslim,F,תרים,6
Muslim,F,אאלא,5
Muslim,F,אאלאא,5
Muslim,F,אבור,5
Muslim,F,אביטל,5
Muslim,F,אבתיאל,5
Muslim,F,אבתסאל,5
Muslim,F,אג'יאד,5
Muslim,F,אגנאדין,5
Muslim,F,אדאל,5
Muslim,F,אדייאן,5
Muslim,F,אדילה,5
Muslim,F,אדלין,5
Muslim,F,אומיא,5
Muslim,F,אומכלתום,5
Muslim,F,אומניא,5
Muslim,F,אוסאל,5
Muslim,F,אוראל,5
Muslim,F,אורג'וואן,5
Muslim,F,אורגואנה,5
Muslim,F,אורין,5
Muslim,F,אורית,5
Muslim,F,אזדאהר,5
Muslim,F,אטואר,5
Muslim,F,אטף,5
Muslim,F,איבנה,5
Muslim,F,איברו,5
Muslim,F,איוא,5
Muslim,F,איוון,5
Muslim,F,איזאר,5
Muslim,F,איח'אלס,5
Muslim,F,אייל,5
Muslim,F,איינאס,5
Muslim,F,אילונה,5
Muslim,F,אילייה,5
Muslim,F,אימיליא,5
Muslim,F,אינאת,5
Muslim,F,אינשירח,5
Muslim,F,איסמיהן,5
Muslim,F,איסעאף,5
Muslim,F,איפתח'אר,5
Muslim,F,איפתכאר,5
Muslim,F,אלחן,5
Muslim,F,אליסיה,5
Muslim,F,אמאסל,5
Muslim,F,אמואז,5
Muslim,F,אמוני,5
Muslim,F,אמינא,5
Muslim,F,אנאבלה,5
Muslim,F,אנג'ליקה,5
Muslim,F,אנדליב,5
Muslim,F,אנט,5
Muslim,F,אנע'אם,5
Muslim,F,אנתהאל,5
Muslim,F,אנתמאא,5
Muslim,F,אסא,5
Muslim,F,אסאללה,5
Muslim,F,אסווה,5
Muslim,F,אסימה,5
Muslim,F,אסיר,5
Muslim,F,אסלאה,5
Muslim,F,אסמאי,5
Muslim,F,אסמאת,5
Muslim,F,אפרודית,5
Muslim,F,אפרת,5
Muslim,F,אפתיחר,5
Muslim,F,אקתמאל,5
Muslim,F,ארא,5
Muslim,F,ארוואה,5
Muslim,F,ארזואן,5
Muslim,F,אריאף,5
Muslim,F,ארתחאם,5
Muslim,F,אשואא,5
Muslim,F,אשרה,5
Muslim,F,אתין,5
Muslim,F,אתניה,5
Muslim,F,באינה,5
Muslim,F,באסנת,5
Muslim,F,בארא,5
Muslim,F,בהיא,5
Muslim,F,בוטאינה,5
Muslim,F,בונסיאנה,5
Muslim,F,בוסיינא,5
Muslim,F,בותיאנה,5
Muslim,F,בחריה,5
Muslim,F,ביאל,5
Muslim,F,ביין,5
Muslim,F,בינה,5
Muslim,F,בסיטה,5
Muslim,F,בסינה,5
Muslim,F,בסקאל,5
Muslim,F,בקי,5
Muslim,F,בתיה,5
Muslim,F,ג'אדי,5
Muslim,F,ג'אהר,5
Muslim,F,ג'אואן,5
Muslim,F,ג'אונא,5
Muslim,F,ג'דה,5
Muslim,F,ג'ואיריה,5
Muslim,F,ג'וליט,5
Muslim,F,ג'זיל,5
Muslim,F,ג'ילן,5
Muslim,F,ג'נדיה,5
Muslim,F,ג'פרא,5
Muslim,F,גאהר,5
Muslim,F,גאמילה,5
Muslim,F,גאנאת,5
Muslim,F,גווהאר,5
Muslim,F,גווהר,5
Muslim,F,גוורי,5
Muslim,F,גורגינה,5
Muslim,F,גיזלאן,5
Muslim,F,גייד,5
Muslim,F,גינאא,5
Muslim,F,גנת,5
Muslim,F,דאהב,5
Muslim,F,דוג'אנה,5
Muslim,F,דולי,5
Muslim,F,דוניאנה,5
Muslim,F,דייאר,5
Muslim,F,דיעא,5
Muslim,F,דיעאא,5
Muslim,F,דלא,5
Muslim,F,דניז,5
Muslim,F,דרהקאן,5
Muslim,F,האדיא,5
Muslim,F,האילה,5
Muslim,F,האנד,5
Muslim,F,האנדה,5
Muslim,F,האנייה,5
Muslim,F,הדאי,5
Muslim,F,הדבי,5
Muslim,F,הוואידה,5
Muslim,F,היג'אר,5
Muslim,F,הינאדי,5
Muslim,F,המסאת,5
Muslim,F,הנאם,5
Muslim,F,ואדאד,5
Muslim,F,ואסל,5
Muslim,F,וואזנה,5
Muslim,F,ווג'ד,5
Muslim,F,ווגד,5
Muslim,F,וודחא,5
Muslim,F,וויויאן,5
Muslim,F,וועוד,5
Muslim,F,וורווד,5
Muslim,F,וותר,5
Muslim,F,ויד,5
Muslim,F,ויולט,5
Muslim,F,ויוליית,5
Muslim,F,וירונה,5
Muslim,F,וסאיף,5
Muslim,F,ותאן,5
Muslim,F,ז'ורי,5
Muslim,F,זאן,5
Muslim,F,זארא,5
Muslim,F,זארה,5
Muslim,F,זהרת,5
Muslim,F,זומרד,5
Muslim,F,זומרדה,5
Muslim,F,זיינב,5
Muslim,F,זיכריאת,5
Muslim,F,זמרדה,5
Muslim,F,זקאא,5
Muslim,F,ח'יראת,5
Muslim,F,ח'נסאא,5
Muslim,F,חאדיג'ה,5
Muslim,F,חבוס,5
Muslim,F,חגאזיה,5
Muslim,F,חדיג'א,5
Muslim,F,חוואא,5
Muslim,F,חוליד,5
Muslim,F,חוסנה,5
Muslim,F,חוראן,5
Muslim,F,חותם,5
Muslim,F,חיקאיה,5
Muslim,F,חלאה,5
Muslim,F,חליד,5
Muslim,F,חנאיא,5
Muslim,F,חנינה,5
Muslim,F,חנסאא,5
Muslim,F,חסון,5
Muslim,F,טגריד,5
Muslim,F,טוג'אן,5
Muslim,F,טוקה,5
Muslim,F,טייה,5
Muslim,F,טיימה,5
Muslim,F,טימא,5
Muslim,F,טיף,5
Muslim,F,יהודית,5
Muslim,F,יודחה,5
Muslim,F,יזהר,5
Muslim,F,יסראא,5
Muslim,F,יפית,5
Muslim,F,יראא,5
Muslim,F,כאדי,5
Muslim,F,כאמליה,5
Muslim,F,כות'ר,5
Muslim,F,כותיבה,5
Muslim,F,כינאז,5
Muslim,F,כיפה,5
Muslim,F,כיפייה,5
Muslim,F,כמיראן,5
Muslim,F,כנאז,5
Muslim,F,כנארי,5
Muslim,F,כרמיל,5
Muslim,F,כרמית,5
Muslim,F,לאיאלי,5
Muslim,F,לאלין,5
Muslim,F,לארה,5
Muslim,F,לדיס,5
Muslim,F,לובה,5
Muslim,F,לוג'ינא,5
Muslim,F,לוג'ן,5
Muslim,F,לוגאן,5
Muslim,F,לוגיאן,5
Muslim,F,לוזה,5
Muslim,F,לוסיאן,5
Muslim,F,לורינא,5
Muslim,F,לורינה,5
Muslim,F,לורנס,5
Muslim,F,לטיפי,5
Muslim,F,ליאת,5
Muslim,F,ליובוב,5
Muslim,F,ליילי,5
Muslim,F,לימאן,5
Muslim,F,לינאי,5
Muslim,F,ליסאא,5
Muslim,F,למאה,5
Muslim,F,למעאן,5
Muslim,F,לריין,5
Muslim,F,מאגדולין,5
Muslim,F,מאיידה,5
Muslim,F,מאלאכ,5
Muslim,F,מאריאנה,5
Muslim,F,מאריז,5
Muslim,F,מארינא,5
Muslim,F,מגדאלין,5
Muslim,F,מהאד,5
Muslim,F,מהד,5
Muslim,F,מודללה,5
Muslim,F,מוואהב,5
Muslim,F,מוזיה,5
Muslim,F,מונה,5
Muslim,F,מוראל,5
Muslim,F,מורגנה,5
Muslim,F,מורוג',5
Muslim,F,מזאן,5
Muslim,F,מיאד,5
Muslim,F,מייאסין,5
Muslim,F,מייסאנה,5
Muslim,F,מימאנה,5
Muslim,F,מינסא,5
Muslim,F,מיסין,5
Muslim,F,מיעד,5
Muslim,F,מיראס,5
Muslim,F,מיריאנא,5
Muslim,F,מירין,5
Muslim,F,מירסאל,5
Muslim,F,מיתאק,5
Muslim,F,מלאכה,5
Muslim,F,מלאקה,5
Muslim,F,מליא,5
Muslim,F,מלכאן,5
Muslim,F,מנאיא,5
Muslim,F,מנאסא,5
Muslim,F,מנאף,5
Muslim,F,מנאת,5
Muslim,F,מנהאללה,5
Muslim,F,מנהר,5
Muslim,F,מניא,5
Muslim,F,מרגרית,5
Muslim,F,מרמר,5
Muslim,F,מרפד,5
Muslim,F,מרתא,5
Muslim,F,מתאב,5
Muslim,F,מתילה,5
Muslim,F,נאבילה,5
Muslim,F,נאג'מה,5
Muslim,F,נאגווה,5
Muslim,F,נאדרין,5
Muslim,F,נאוזת,5
Muslim,F,נאזיק,5
Muslim,F,נאיל,5
Muslim,F,נאירה,5
Muslim,F,נאמה,5
Muslim,F,נאנה,5
Muslim,F,נאצרה,5
Muslim,F,נארג'ס,5
Muslim,F,נאריז,5
Muslim,F,נארימין,5
Muslim,F,נאתלי,5
Muslim,F,נבד,5
Muslim,F,נבל,5
Muslim,F,נג'מא,5
Muslim,F,נג'מיה,5
Muslim,F,נגאוה,5
Muslim,F,נגדה,5
Muslim,F,נגיד,5
Muslim,F,נדווא,5
Muslim,F,נדמיה,5
Muslim,F,נהאדה,5
Muslim,F,נהוא,5
Muslim,F,נהוואנד,5
Muslim,F,נובין,5
Muslim,F,נוה,5
Muslim,F,נוהאל,5
Muslim,F,נוהידה,5
Muslim,F,נוזאה,5
Muslim,F,נוייר,5
Muslim,F,נוסייבא,5
Muslim,F,נוראיי,5
Muslim,F,נורג'אן,5
Muslim,F,נוריאנה,5
Muslim,F,נורסן,5
Muslim,F,נטאליה,5
Muslim,F,ניבון,5
Muslim,F,נייה,5
Muslim,F,נילין,5
Muslim,F,נימרה,5
Muslim,F,ניסאם,5
Muslim,F,נלה,5
Muslim,F,נסיפה,5
Muslim,F,נסמאה,5
Muslim,F,נסריאן,5
Muslim,F,נעמאתי,5
Muslim,F,נפלה,5
Muslim,F,נצרין,5
Muslim,F,נרד,5
Muslim,F,נשווא,5
Muslim,F,נשוואה,5
Muslim,F,סאבאח,5
Muslim,F,סאווסאן,5
Muslim,F,סאראי,5
Muslim,F,סבחא,5
Muslim,F,סבל,5
Muslim,F,סג'ד,5
Muslim,F,סדקייה,5
Muslim,F,סהם,5
Muslim,F,סוהל,5
Muslim,F,סומאייה,5
Muslim,F,סומאנה,5
Muslim,F,סומייא,5
Muslim,F,סופה,5
Muslim,F,סורה,5
Muslim,F,סורינה,5
Muslim,F,סיאדה,5
Muslim,F,סידה,5
Muslim,F,סידל,5
Muslim,F,סיואר,5
Muslim,F,סיילא,5
Muslim,F,סיירת,5
Muslim,F,סילנא,5
Muslim,F,סינאר,5
Muslim,F,סיניה,5
Muslim,F,סיסיליה,5
Muslim,F,סיראז,5
Muslim,F,סירג,5
Muslim,F,סיריין,5
Muslim,F,סלביא,5
Muslim,F,סלמייה,5
Muslim,F,סמאיה,5
Muslim,F,סמארא,5
Muslim,F,סמורה,5
Muslim,F,סנאן,5
Muslim,F,סנדה,5
Muslim,F,סנדרלה,5
Muslim,F,סראה,5
Muslim,F,סרוואת,5
Muslim,F,סתה,5
Muslim,F,ע'סון,5
Muslim,F,עאבדה,5
Muslim,F,עאהידה,5
Muslim,F,עאטפה,5
Muslim,F,עאסייה,5
Muslim,F,עדווייה,5
Muslim,F,עואדה,5
Muslim,F,עוודה,5
Muslim,F,עווטף,5
Muslim,F,עוטפה,5
Muslim,F,עוטר,5
Muslim,F,עזיזי,5
Muslim,F,עטיה,5
Muslim,F,עטר,5
Muslim,F,עיאד,5
Muslim,F,עידאא,5
Muslim,F,עידי,5
Muslim,F,עיזיה,5
Muslim,F,עיפאת,5
Muslim,F,עישא,5
Muslim,F,עלמת,5
Muslim,F,ענאק,5
Muslim,F,עסאלה,5
Muslim,F,עפיפי,5
Muslim,F,עפרא,5
Muslim,F,ערובא,5
Muslim,F,פאאקה,5
Muslim,F,פאטין,5
Muslim,F,פאיידה,5
Muslim,F,פדאה,5
Muslim,F,פדיא,5
Muslim,F,פהדי,5
Muslim,F,פוטנה,5
Muslim,F,פטחיה,5
Muslim,F,פיגא,5
Muslim,F,פיטאם,5
Muslim,F,פינאר,5
Muslim,F,פירלה,5
Muslim,F,פכרת,5
Muslim,F,פקריה,5
Muslim,F,פריג'ה,5
Muslim,F,צאברה,5
Muslim,F,צאפיה,5
Muslim,F,צפורה,5
Muslim,F,קאדאר,5
Muslim,F,קאטיה,5
Muslim,F,קאמיליה,5
Muslim,F,קארלא,5
Muslim,F,קארלה,5
Muslim,F,קאתיא,5
Muslim,F,קאתיה,5
Muslim,F,קובאל,5
Muslim,F,קווקב,5
Muslim,F,קוזידה,5
Muslim,F,קולט,5
Muslim,F,קוקה,5
Muslim,F,קיידה,5
Muslim,F,קיין,5
Muslim,F,קלאודיה,5
Muslim,F,קלארה,5
Muslim,F,קנוז,5
Muslim,F,קתר,5
Muslim,F,ראואה,5
Muslim,F,ראוזן,5
Muslim,F,ראונאק,5
Muslim,F,ראחדה,5
Muslim,F,ראייאן,5
Muslim,F,ראייגה,5
Muslim,F,ראלין,5
Muslim,F,ראמייה,5
Muslim,F,ראמין,5
Muslim,F,ראנסא,5
Muslim,F,ראפיה,5
Muslim,F,רארדה,5
Muslim,F,ראשידה,5
Muslim,F,רג'ווה,5
Muslim,F,רגאה,5
Muslim,F,רגה,5
Muslim,F,רדאב,5
Muslim,F,רדוה,5
Muslim,F,רהואן,5
Muslim,F,רואא,5
Muslim,F,רואח,5
Muslim,F,רואידא,5
Muslim,F,רוג'יין,5
Muslim,F,רוגאן,5
Muslim,F,רוועא,5
Muslim,F,רוזליה,5
Muslim,F,רוייה,5
Muslim,F,רויים,5
Muslim,F,רונת,5
Muslim,F,רועאה,5
Muslim,F,רוקיאה,5
Muslim,F,רותאז',5
Muslim,F,רז'אל,5
Muslim,F,רזאלה,5
Muslim,F,רזואן,5
Muslim,F,רזואנד,5
Muslim,F,רזונד,5
Muslim,F,רחאל,5
Muslim,F,רחה,5
Muslim,F,רחמאת,5
Muslim,F,ריאב,5
Muslim,F,ריאת,5
Muslim,F,ריגה,5
Muslim,F,ריוואל,5
Muslim,F,ריחאם,5
Muslim,F,ריחאנא,5
Muslim,F,רייגה,5
Muslim,F,ריידא,5
Muslim,F,ריימא,5
Muslim,F,ריסל,5
Muslim,F,ריקאז,5
Muslim,F,ריקיה,5
Muslim,F,רנאה,5
Muslim,F,רניים,5
Muslim,F,רנית,5
Muslim,F,רפעת,5
Muslim,F,רשדייה,5
Muslim,F,שאיימה,5
Muslim,F,שאתילה,5
Muslim,F,שהינדה,5
Muslim,F,שהראזאד,5
Muslim,F,שהריאן,5
Muslim,F,שיאם,5
Muslim,F,שיימאה,5
Muslim,F,שימוך,5
Muslim,F,שמאא,5
Muslim,F,שעאע,5
Muslim,F,שפרה,5
Muslim,F,שראהן,5
Muslim,F,שרונה,5
Muslim,F,שריפי,5
Muslim,F,שתילא,5
Muslim,F,תאימאא,5
Muslim,F,תארה,5
Muslim,F,תארין,5
Muslim,F,תוהאם,5
Muslim,F,תולי,5
Muslim,F,תחריה,5
Muslim,F,תייסיר,5
Muslim,F,תילאווה,5
Muslim,F,תימאה,5
Muslim,F,תימאר,5
Muslim,F,תמהיד,5
Muslim,F,תמי,5
Muslim,F,תנהיד,5
Muslim,F,תריד,5
Muslim,F,תתיאנא,5
Muslim,M,מוחמד,129792
Muslim,M,אחמד,49326
Muslim,M,עבד,24695
Muslim,M,מחמוד,24558
Muslim,M,יוסף,22690
Muslim,M,עלי,21238
Muslim,M,עומר,19671
Muslim,M,אבראהים,19527
Muslim,M,אדם,14630
Muslim,M,אמיר,13678
Muslim,M,ח'אלד,13307
Muslim,M,חסן,9303
Muslim,M,מוסטפא,8533
Muslim,M,עבדאללה,8526
Muslim,M,סולימאן,7657
Muslim,M,סאלח,7108
Muslim,M,חוסין,6845
Muslim,M,מוסא,6301
Muslim,M,עלאא,5860
Muslim,M,סעיד,5692
Muslim,M,חמזה,5386
Muslim,M,יזן,5218
Muslim,M,מג'ד,5141
Muslim,M,ג'מאל,5137
Muslim,M,ח'ליל,5103
Muslim,M,כרם,5064
Muslim,M,בלאל,4756
Muslim,M,וליד,4720
Muslim,M,יחיא,4707
Muslim,M,ראמי,4359
Muslim,M,סאמי,4357
Muslim,M,עימאד,4335
Muslim,M,אימאן,4242
Muslim,M,פאדי,4103
Muslim,M,כרים,3972
Muslim,M,עודאי,3941
Muslim,M,נור,3919
Muslim,M,טארק,3880
Muslim,M,אנס,3867
Muslim,M,כמאל,3841
Muslim,M,שאדי,3823
Muslim,M,מוראד,3701
Muslim,M,באסם,3692
Muslim,M,ג'וד,3616
Muslim,M,חוסאם,3569
Muslim,M,אמין,3544
Muslim,M,איאד,3463
Muslim,M,אוסאמה,3459
Muslim,M,זיאד,3457
Muslim,M,באסל,3394
Muslim,M,סמיר,3374
Muslim,M,נאסר,3357
Muslim,M,סמר,3350
Muslim,M,עדנאן,3269
Muslim,M,איסמאיל,3262
Muslim,M,עאדל,3250
Muslim,M,וסים,3231
Muslim,M,וסאם,3173
Muslim,M,אשרף,3159
Muslim,M,זיין,3123
Muslim,M,עמאר,3101
Muslim,M,קוסאי,3010
Muslim,M,פארס,3006
Muslim,M,מהדי,3005
Muslim,M,סאלם,2933
Muslim,M,סלים,2923
Muslim,M,עאמר,2913
Muslim,M,מוהנד,2903
Muslim,M,סלאח,2900
Muslim,M,מלאק,2897
Muslim,M,ריאן,2893
Muslim,M,איהאם,2768
Muslim,M,אדהם,2761
Muslim,M,תאמר,2760
Muslim,M,מועתז,2747
Muslim,M,קאסם,2740
Muslim,M,ראיד,2727
Muslim,M,איהאב,2720
Muslim,M,עיסא,2668
Muslim,M,פואד,2648
Muslim,M,יאסין,2589
Muslim,M,מאהר,2561
Muslim,M,האני,2550
Muslim,M,פיראס,2550
Muslim,M,לואי,2536
Muslim,M,ג'ואד,2533
Muslim,M,סנד,2519
Muslim,M,תאופיק,2480
Muslim,M,מרואן,2441
Muslim,M,זייד,2438
Muslim,M,יאסר,2426
Muslim,M,אמג'ד,2396
Muslim,M,ג'יהאד,2348
Muslim,M,יאמן,2316
Muslim,M,נביל,2276
Muslim,M,ג'מיל,2250
Muslim,M,הישאם,2249
Muslim,M,יונס,2236
Muslim,M,סיף,2234
Muslim,M,עמראן,2232
Muslim,M,בשאר,2225
Muslim,M,ואיל,2214
Muslim,M,ורד,2098
Muslim,M,נסים,2081
Muslim,M,ריאד,2062
Muslim,M,עיסאם,2053
Muslim,M,נידאל,2040
Muslim,M,היית'ם,2012
Muslim,M,מאג'ד,2007
Muslim,M,קייס,2004
Muslim,M,מוניר,1980
Muslim,M,איוב,1979
Muslim,M,בהאא,1966
Muslim,M,נאדר,1951
Muslim,M,אכרם,1926
Muslim,M,עוביידה,1886
Muslim,M,עומרי,1823
Muslim,M,רביע,1822
Muslim,M,עז,1795
Muslim,M,עאטף,1787
Muslim,M,זכריא,1739
Muslim,M,מג'די,1674
Muslim,M,אנוור,1645
Muslim,M,מואמן,1615
Muslim,M,נאיף,1604
Muslim,M,שריף,1596
Muslim,M,עות'מאן,1573
Muslim,M,אסלאם,1559
Muslim,M,האדי,1556
Muslim,M,פאיז,1538
Muslim,M,דאוד,1528
Muslim,M,בכר,1512
Muslim,M,חמד,1483
Muslim,M,נימר,1480
Muslim,M,ליית,1461
Muslim,M,ג'אד,1458
Muslim,M,ענאן,1455
Muslim,M,פתחי,1448
Muslim,M,סלאמה,1437
Muslim,M,יעקוב,1403
Muslim,M,מועתסם,1376
Muslim,M,חאתם,1349
Muslim,M,טאהא,1336
Muslim,M,יזיד,1335
Muslim,M,ודיע,1322
Muslim,M,גוד,1313
Muslim,M,נעים,1311
Muslim,M,ניזאר,1304
Muslim,M,סובחי,1300
Muslim,M,ג'לאל,1298
Muslim,M,תיים,1293
Muslim,M,תייסיר,1286
Muslim,M,אליאס,1284
Muslim,M,פריד,1229
Muslim,M,אווס,1216
Muslim,M,סיראג',1192
Muslim,M,אסעד,1186
Muslim,M,האשם,1186
Muslim,M,רמזי,1183
Muslim,M,דיאא,1165
Muslim,M,סולטאן,1161
Muslim,M,ח'דר,1157
Muslim,M,בדר,1152
Muslim,M,מועאד',1131
Muslim,M,עיד,1116
Muslim,M,זוהיר,1107
Muslim,M,בראאה,1101
Muslim,M,מאמון,1088
Muslim,M,מואייד,1079
Muslim,M,סוהייב,1066
Muslim,M,מאזן,1061
Muslim,M,ראפת,1046
Muslim,M,פהד,1005
Muslim,M,עווד,999
Muslim,M,עמרו,966
Muslim,M,מונד'ר,960
Muslim,M,גסאן,949
Muslim,M,עודה,946
Muslim,M,ימאן,939
Muslim,M,הלאל,931
Muslim,M,סאהר,929
Muslim,M,סמיח,892
Muslim,M,בשיר,887
Muslim,M,חוסני,874
Muslim,M,עדי,871
Muslim,M,מהראן,870
Muslim,M,כאיד,867
Muslim,M,פאוזי,865
Muslim,M,ראזי,865
Muslim,M,גאזי,863
Muslim,M,רשיד,862
Muslim,M,חאזם,856
Muslim,M,דיאב,852
Muslim,M,פייסל,827
Muslim,M,ג'אבר,823
Muslim,M,זיידאן,822
Muslim,M,נדים,821
Muslim,M,סעד,811
Muslim,M,טלאל,809
Muslim,M,נאיל,808
Muslim,M,מנסור,796
Muslim,M,תאיר,782
Muslim,M,סארי,768
Muslim,M,עטיה,759
Muslim,M,כנאן,757
Muslim,M,קינאן,754
Muslim,M,סאבר,727
Muslim,M,סופיאן,723
Muslim,M,אוסיד,704
Muslim,M,אדיב,692
Muslim,M,סברי,692
Muslim,M,עארף,688
Muslim,M,חביב,684
Muslim,M,סאמח,684
Muslim,M,מופיד,682
Muslim,M,חאמד,674
Muslim,M,טאלב,673
Muslim,M,מוסעב,673
Muslim,M,איאס,667
Muslim,M,טאהר,630
Muslim,M,איסחאק,626
Muslim,M,עזמי,623
Muslim,M,פארוק,623
Muslim,M,זכי,621
Muslim,M,זאהר,618
Muslim,M,מועין,612
Muslim,M,ראני,612
Muslim,M,והיב,603
Muslim,M,נאג'י,600
Muslim,M,עבדאל,599
Muslim,M,מועאד,598
Muslim,M,ראשד,596
Muslim,M,רדא,596
Muslim,M,סלאם,595
Muslim,M,עזיז,595
Muslim,M,שאכר,593
Muslim,M,סוהיל,589
Muslim,M,רשאד,587
Muslim,M,גאלב,582
Muslim,M,עאהד,580
Muslim,M,נוח,575
Muslim,M,שחאדה,575
Muslim,M,עפיף,574
Muslim,M,ג'ומעה,565
Muslim,M,סאיד,565
Muslim,M,ויאם,556
Muslim,M,תים,554
Muslim,M,רקאן,550
Muslim,M,איאן,547
Muslim,M,רפיק,534
Muslim,M,עבדל,529
Muslim,M,איחסאן,518
Muslim,M,ח'מיס,516
Muslim,M,ג'בר,512
Muslim,M,תמים,506
Muslim,M,עאסם,505
Muslim,M,חסאן,502
Muslim,M,עטא,501
Muslim,M,אסיל,497
Muslim,M,פואז,493
Muslim,M,לוטפי,492
Muslim,M,עזאלדין,492
Muslim,M,ג'עפר,489
Muslim,M,דיב,489
Muslim,M,רדואן,485
Muslim,M,אניס,484
Muslim,M,פהמי,481
Muslim,M,עזאם,477
Muslim,M,פדל,476
Muslim,M,רואד,471
Muslim,M,נואף,449
Muslim,M,וג'די,447
Muslim,M,זאיד,445
Muslim,M,רמדאן,444
Muslim,M,קנאן,441
Muslim,M,ריזק,438
Muslim,M,ממדוח,435
Muslim,M,הארון,433
Muslim,M,שאהר,431
Muslim,M,ערפאת,430
Muslim,M,שיהאב,421
Muslim,M,וג'יה,415
Muslim,M,ספואן,414
Muslim,M,ח'יר,412
Muslim,M,מונתסר,411
Muslim,M,עאיד,411
Muslim,M,חמאדה,408
Muslim,M,זאהי,406
Muslim,M,עבאס,406
Muslim,M,עבדאלרחמן,406
Muslim,M,נזיה,405
Muslim,M,ינאל,400
Muslim,M,ראמז,400
Muslim,M,עאוני,393
Muslim,M,מרעי,390
Muslim,M,נשאת,383
Muslim,M,ראיף,381
Muslim,M,חמדאן,378
Muslim,M,פרג',370
Muslim,M,שפיק,370
Muslim,M,פח'רי,359
Muslim,M,כארם,358
Muslim,M,אייסר,357
Muslim,M,נג'יב,350
Muslim,M,אסד,346
Muslim,M,המאם,346
Muslim,M,מוחסן,343
Muslim,M,רפעת,343
Muslim,M,נג'ואן,340
Muslim,M,גאנם,337
Muslim,M,סאג'ד,335
Muslim,M,סקר,334
Muslim,M,עורווה,331
Muslim,M,ראסם,331
Muslim,M,ראפע,329
Muslim,M,חמדי,328
Muslim,M,רידא,326
Muslim,M,נהאד,324
Muslim,M,מוופק,322
Muslim,M,ראוף,319
Muslim,M,וחיד,317
Muslim,M,חאפז,311
Muslim,M,תמיר,309
Muslim,M,מוחיי,308
Muslim,M,רסלאן,307
Muslim,M,חלמי,306
Muslim,M,שוכרי,304
Muslim,M,ארקאן,300
Muslim,M,סאם,300
Muslim,M,עזאת,299
Muslim,M,רעד,299
Muslim,M,מועאז',290
Muslim,M,ראדי,290
Muslim,M,חמיד,286
Muslim,M,מדחת,286
Muslim,M,רבחי,285
Muslim,M,דין,277
Muslim,M,נעמאן,276
Muslim,M,עורסאן,273
Muslim,M,ג'ברין,269
Muslim,M,ג'ולאן,267
Muslim,M,שאהין,261
Muslim,M,נזמי,260
Muslim,M,ג'בריל,259
Muslim,M,טלב,257
Muslim,M,נוראלדין,247
Muslim,M,פלאח,247
Muslim,M,רסמי,247
Muslim,M,אדריס,245
Muslim,M,מורסי,245
Muslim,M,רג'א,244
Muslim,M,ביאן,243
Muslim,M,יוסרי,242
Muslim,M,רושדי,238
Muslim,M,חודיפה,236
Muslim,M,נאפז,234
Muslim,M,פרחאן,230
Muslim,M,רבאח,230
Muslim,M,סעוד,229
Muslim,M,כינאן,227
Muslim,M,עבדול,227
Muslim,M,בדיע,226
Muslim,M,ראם,224
Muslim,M,מוסלם,223
Muslim,M,ראיק,223
Muslim,M,מואנס,221
Muslim,M,ופיק,212
Muslim,M,דאהר,210
Muslim,M,עמיד,209
Muslim,M,פיאד,209
Muslim,M,מילאד,206
Muslim,M,פהים,205
Muslim,M,טלעת,204
Muslim,M,עיאד,204
Muslim,M,ראתב,204
Muslim,M,ת'אבת,204
Muslim,M,אמל,197
Muslim,M,כאלד,196
Muslim,M,אייל,195
Muslim,M,סייד,194
Muslim,M,משהור,190
Muslim,M,חמודי,189
Muslim,M,סביח,189
Muslim,M,מוניב,187
Muslim,M,סעדי,187
Muslim,M,גמעה,185
Muslim,M,עליאן,182
Muslim,M,ענאד,181
Muslim,M,אראם,180
Muslim,M,ניהאד,179
Muslim,M,פאדל,179
Muslim,M,שאוקי,178
Muslim,M,גאסם,177
Muslim,M,עומראן,177
Muslim,M,עטאללה,177
Muslim,M,חכם,175
Muslim,M,מואפק,175
Muslim,M,זינאלדין,174
Muslim,M,בורהאן,171
Muslim,M,חמודה,171
Muslim,M,מסעוד,171
Muslim,M,רייאן,171
Muslim,M,זוהייר,169
Muslim,M,האיל,168
Muslim,M,אמיל,167
Muslim,M,ראגב,167
Muslim,M,עתמאן,166
Muslim,M,סאפי,165
Muslim,M,עצאם,165
Muslim,M,ג'סאן,163
Muslim,M,סגר,163
Muslim,M,נאזם,162
Muslim,M,סוהייל,162
Muslim,M,חטאב,161
Muslim,M,יוסוף,160
Muslim,M,שעבאן,160
Muslim,M,פרג,159
Muslim,M,אל,158
Muslim,M,עוני,158
Muslim,M,ליית',157
Muslim,M,מערוף,157
Muslim,M,סאג'י,157
Muslim,M,גיית,156
Muslim,M,פוראת,152
Muslim,M,סאדק,151
Muslim,M,פאיק,151
Muslim,M,פורסאן,149
Muslim,M,ג'אסר,148
Muslim,M,נסרי,148
Muslim,M,קינן,148
Muslim,M,מג'יד,147
Muslim,M,רכאן,147
Muslim,M,עקאב,146
Muslim,M,זאין,144
Muslim,M,מתין,144
Muslim,M,עמיר,144
Muslim,M,תחסין,142
Muslim,M,חאלד,141
Muslim,M,גית,140
Muslim,M,דרויש,140
Muslim,M,וטן,139
Muslim,M,שמס,139
Muslim,M,הוד,138
Muslim,M,פאלח,138
Muslim,M,ראקאן,138
Muslim,M,עהד,137
Muslim,M,בדראן,136
Muslim,M,ברכאת,136
Muslim,M,ג'וואד,136
Muslim,M,גאית,136
Muslim,M,מובארכ,135
Muslim,M,תאים,134
Muslim,M,סרחאן,133
Muslim,M,מנצור,132
Muslim,M,ארז,131
Muslim,M,דניאל,131
Muslim,M,ראג'ח,130
Muslim,M,גאסר,129
Muslim,M,רוחי,128
Muslim,M,אובאי,127
Muslim,M,אדים,125
Muslim,M,חמדאללה,125
Muslim,M,ניל,124
Muslim,M,דאווד,122
Muslim,M,זוהדי,122
Muslim,M,מכרם,122
Muslim,M,עיזאת,122
Muslim,M,ארכאן,120
Muslim,M,כמיל,120
Muslim,M,עדלי,120
Muslim,M,עבדאלרחמאן,119
Muslim,M,ראוי,119
Muslim,M,ג'ית,118
Muslim,M,זן,118
Muslim,M,מאדי,118
Muslim,M,מיאס,118
Muslim,M,עפו,118
Muslim,M,אסר,116
Muslim,M,ח'טאב,116
Muslim,M,ראג'י,116
Muslim,M,עדואן,115
Muslim,M,אובי,114
Muslim,M,נבהאן,114
Muslim,M,נאשד,113
Muslim,M,מוסלח,112
Muslim,M,מופלח,111
Muslim,M,מיסרה,111
Muslim,M,ערב,111
Muslim,M,אסלאן,110
Muslim,M,נביה,110
Muslim,M,עבדו,110
Muslim,M,זייאד,109
Muslim,M,סיאף,109
Muslim,M,עומייר,109
Muslim,M,עזת,109
Muslim,M,בהגת,108
Muslim,M,קיסר,108
Muslim,M,מוהאב,107
Muslim,M,אבו,105
Muslim,M,אברהם,105
Muslim,M,אייאד,105
Muslim,M,ואפי,105
Muslim,M,מורשד,105
Muslim,M,עווני,105
Muslim,M,קיאן,105
Muslim,M,בוראק,104
Muslim,M,גאלי,104
Muslim,M,חאדר,104
Muslim,M,סלטאן,104
Muslim,M,עבדאלכרים,104
Muslim,M,סאגר,103
Muslim,M,גולן,102
Muslim,M,הני,102
Muslim,M,לאפי,102
Muslim,M,עקל,102
Muslim,M,רוני,102
Muslim,M,פרחאת,101
Muslim,M,ג'מעה,100
Muslim,M,דראר,100
Muslim,M,רמאח,100
Muslim,M,אאוס,99
Muslim,M,מען,99
Muslim,M,סודקי,99
Muslim,M,עומיר,99
Muslim,M,עטוה,99
Muslim,M,אויס,98
Muslim,M,ג'יית,98
Muslim,M,מסעד,98
Muslim,M,רם,98
Muslim,M,עדל,97
Muslim,M,חרבי,96
Muslim,M,ליאם,96
Muslim,M,אלחסן,95
Muslim,M,ג'אודת,95
Muslim,M,נאגח,95
Muslim,M,סדאם,95
Muslim,M,פווזי,95
Muslim,M,אוסאמא,94
Muslim,M,עאבד,94
Muslim,M,פדיל,94
Muslim,M,איאל,93
Muslim,M,מועאויה,93
Muslim,M,אייד,92
Muslim,M,באשיר,92
Muslim,M,מועמר,92
Muslim,M,מנזר,92
Muslim,M,מרסל,92
Muslim,M,זכריה,91
Muslim,M,מוג'אהד,91
Muslim,M,רובין,91
Muslim,M,וופא,90
Muslim,M,פוואז,90
Muslim,M,ריפעת,90
Muslim,M,ווארד,89
Muslim,M,כאזם,89
Muslim,M,רדאד,89
Muslim,M,נזיר,88
Muslim,M,רחים,88
Muslim,M,ואסף,87
Muslim,M,סאדן,87
Muslim,M,עינאד,87
Muslim,M,חלדון,86
Muslim,M,כליל,86
Muslim,M,נסראללה,86
Muslim,M,רגב,86
Muslim,M,חידר,85
Muslim,M,טייב,85
Muslim,M,סכר,85
Muslim,M,אוביי,84
Muslim,M,באהר,84
Muslim,M,זהיר,84
Muslim,M,חמוד,84
Muslim,M,חרב,84
Muslim,M,סלמאן,84
Muslim,M,פאהד,84
Muslim,M,חכמת,83
Muslim,M,מאליק,83
Muslim,M,סאיב,83
Muslim,M,רפי,83
Muslim,M,והבי,82
Muslim,M,נצר,82
Muslim,M,עאיש,82
Muslim,M,מגיד,81
Muslim,M,נד'אל,81
Muslim,M,תימור,80
Muslim,M,מזהר,79
Muslim,M,עדן,79
Muslim,M,קאזם,79
Muslim,M,קסאם,79
Muslim,M,רגא,79
Muslim,M,בראהים,78
Muslim,M,גזאל,78
Muslim,M,צוהיב,78
Muslim,M,אוויס,77
Muslim,M,איואן,77
Muslim,M,וספי,77
Muslim,M,חילמי,77
Muslim,M,מופק,77
Muslim,M,מנהל,77
Muslim,M,שרף,77
Muslim,M,אילאן,76
Muslim,M,מסלם,76
Muslim,M,פרסאן,76
Muslim,M,בסיל,75
Muslim,M,חכים,75
Muslim,M,מוהדי,75
Muslim,M,מוהיב,75
Muslim,M,רג'ב,75
Muslim,M,רחיב,75
Muslim,M,סאיל,74
Muslim,M,עדאל,74
Muslim,M,ראאפת,74
Muslim,M,תקי,74
Muslim,M,אידריס,73
Muslim,M,ג'אזי,73
Muslim,M,ח'ייר,73
Muslim,M,סאלים,73
Muslim,M,סבאח,73
Muslim,M,עלאם,73
Muslim,M,רגאאי,73
Muslim,M,שוקי,73
Muslim,M,דיאר,72
Muslim,M,חודייפה,72
Muslim,M,נג'ם,72
Muslim,M,סלימן,72
Muslim,M,חלף,71
Muslim,M,לית',71
Muslim,M,נאהד,71
Muslim,M,נאל,71
Muslim,M,ארסלאן,70
Muslim,M,ברהאן,70
Muslim,M,מאהל,70
Muslim,M,נאג'ח,70
Muslim,M,קרם,70
Muslim,M,איסם,69
Muslim,M,נזאם,69
Muslim,M,פכרי,69
Muslim,M,ריבחי,69
Muslim,M,כנעאן,68
Muslim,M,לוקמאן,68
Muslim,M,מתקאל,68
Muslim,M,סלם,68
Muslim,M,קארים,68
Muslim,M,אסיד,67
Muslim,M,יאמין,67
Muslim,M,כיאן,67
Muslim,M,כפאח,67
Muslim,M,מרזוק,67
Muslim,M,נידל,67
Muslim,M,זינדין,66
Muslim,M,יוניס,66
Muslim,M,מותנא,66
Muslim,M,מצטפא,66
Muslim,M,קייסר,66
Muslim,M,רפעאת,66
Muslim,M,אתיר,65
Muslim,M,מאג'די,65
Muslim,M,נואר,65
Muslim,M,פרח,65
Muslim,M,דאהש,64
Muslim,M,מועז,64
Muslim,M,ג'אלב,63
Muslim,M,גיית',63
Muslim,M,מהנא,63
Muslim,M,מימון,63
Muslim,M,קותיבה,63
Muslim,M,אלטייב,62
Muslim,M,הית'ם,62
Muslim,M,טאריק,62
Muslim,M,מוטיע,62
Muslim,M,משה,62
Muslim,M,נאדי,62
Muslim,M,פידא,62
Muslim,M,גאית',61
Muslim,M,לואאי,61
Muslim,M,מוהנא,61
Muslim,M,מחמד,61
Muslim,M,מעאז,61
Muslim,M,נאורס,61
Muslim,M,עבדלרחמן,61
Muslim,M,פיצל,61
Muslim,M,אהרון,60
Muslim,M,אייבק,60
Muslim,M,ג'אסם,60
Muslim,M,גולאן,60
Muslim,M,חלאד,60
Muslim,M,טאה,60
Muslim,M,טראד,60
Muslim,M,לביב,60
Muslim,M,נעמן,60
Muslim,M,צאבר,60
Muslim,M,מוטלק,59
Muslim,M,מונתצר,59
Muslim,M,מפלח,59
Muslim,M,עבדאלעזיז,59
Muslim,M,עדנן,59
Muslim,M,שדאד,59
Muslim,M,אלבראא,58
Muslim,M,ברקאת,58
Muslim,M,מובין,58
Muslim,M,מוהנאד,58
Muslim,M,מייסרה,58
Muslim,M,מנאר,58
Muslim,M,בהג'את,57
Muslim,M,בהג'ת,57
Muslim,M,בסים,57
Muslim,M,ג'ואן,57
Muslim,M,ג'מל,57
Muslim,M,גודת,57
Muslim,M,נועמאן,57
Muslim,M,סנאן,57
Muslim,M,אוסמן,56
Muslim,M,אלי,56
Muslim,M,ביברס,56
Muslim,M,דורגאם,56
Muslim,M,יאמאן,56
Muslim,M,מדיאן,56
Muslim,M,מונג'ד,56
Muslim,M,נורדין,56
Muslim,M,סחר,56
Muslim,M,סינאן,56
Muslim,M,פאעור,56
Muslim,M,פג'ר,56
Muslim,M,שאפע,56
Muslim,M,תאר,56
Muslim,M,מגאהד,55
Muslim,M,מוצעב,55
Muslim,M,סח'ר,55
Muslim,M,עאזם,55
Muslim,M,פריח,55
Muslim,M,צובחי,55
Muslim,M,ראגח,55
Muslim,M,רוואד,55
Muslim,M,רני,55
Muslim,M,ג'וליאן,54
Muslim,M,ג'יהד,54
Muslim,M,דרגאם,54
Muslim,M,זהראן,54
Muslim,M,מולהם,54
Muslim,M,עאצם,54
Muslim,M,פגר,54
Muslim,M,ראגי,54
Muslim,M,תורכי,54
Muslim,M,חביבאללה,53
Muslim,M,חסיב,53
Muslim,M,יעגוב,53
Muslim,M,מחסן,53
Muslim,M,מקדאד,53
Muslim,M,מתעב,53
Muslim,M,צברי,53
Muslim,M,וג'ד,52
Muslim,M,חיידר,52
Muslim,M,כרמל,52
Muslim,M,מסבאח,52
Muslim,M,קוציי,52
Muslim,M,ראיאן,52
Muslim,M,רדוואן,52
Muslim,M,שהין,52
Muslim,M,ג'בל,51
Muslim,M,ווחיד,51
Muslim,M,סעאדה,51
Muslim,M,עייד,51
Muslim,M,רוסלאן,51
Muslim,M,רמאדן,51
Muslim,M,תיימור,51
Muslim,M,אזאד,50
Muslim,M,אימאם,50
Muslim,M,אלמועתסם,50
Muslim,M,זאן,50
Muslim,M,חיכמת,50
Muslim,M,חלים,50
Muslim,M,עאקף,50
Muslim,M,פתחאללה,50
Muslim,M,קמיל,50
Muslim,M,איבק,49
Muslim,M,אמאם,49
Muslim,M,דוד,49
Muslim,M,היסאם,49
Muslim,M,היסם,49
Muslim,M,מוח'לס,49
Muslim,M,פאריס,49
Muslim,M,פראג',49
Muslim,M,שאוכת,49
Muslim,M,אוסאם,48
Muslim,M,אילן,48
Muslim,M,אסמר,48
Muslim,M,היימן,48
Muslim,M,חירי,48
Muslim,M,טועמה,48
Muslim,M,כיפאח,48
Muslim,M,מדיין,48
Muslim,M,נסיר,48
Muslim,M,סאקר,48
Muslim,M,ראאף,48
Muslim,M,אוסם,47
Muslim,M,אסרף,47
Muslim,M,מואמין,47
Muslim,M,נאפע,47
Muslim,M,קאהר,47
Muslim,M,שאן,47
Muslim,M,תאיסיר,47
Muslim,M,אמג'אד,46
Muslim,M,גאודת,46
Muslim,M,גידאא,46
Muslim,M,גסוב,46
Muslim,M,זאקי,46
Muslim,M,חארת,46
Muslim,M,מושיר,46
Muslim,M,מייסם,46
Muslim,M,מניר,46
Muslim,M,מסלח,46
Muslim,M,מעאויה,46
Muslim,M,מעדי,46
Muslim,M,עיאש,46
Muslim,M,פירס,46
Muslim,M,ראפאת,46
Muslim,M,רגאי,46
Muslim,M,רכאד,46
Muslim,M,רשדי,46
Muslim,M,שהד,46
Muslim,M,תומר,46
Muslim,M,ג'ובראן,45
Muslim,M,גוסאי,45
Muslim,M,דיף,45
Muslim,M,ודאח,45
Muslim,M,ועד,45
Muslim,M,טאופיק,45
Muslim,M,מאגדי,45
Muslim,M,מוכתאר,45
Muslim,M,מונעם,45
Muslim,M,מוסי,45
Muslim,M,מחרוס,45
Muslim,M,עוקבה,45
Muslim,M,עלאדין,45
Muslim,M,עסאן,45
Muslim,M,צאדק,45
Muslim,M,ראמזי,45
Muslim,M,ת'אאר,45
Muslim,M,אסלן,44
Muslim,M,דן,44
Muslim,M,יקין,44
Muslim,M,מדחאת,44
Muslim,M,מוחלס,44
Muslim,M,נמיר,44
Muslim,M,עסאף,44
Muslim,M,עסמת,44
Muslim,M,רוסתום,44
Muslim,M,ג'אית,43
Muslim,M,גמל,43
Muslim,M,היאב,43
Muslim,M,ואהיב,43
Muslim,M,ווגדי,43
Muslim,M,ווטן,43
Muslim,M,יסאר,43
Muslim,M,סעדו,43
Muslim,M,עבדאלרחים,43
Muslim,M,עבוד,43
Muslim,M,עיצאם,43
Muslim,M,ערפאן,43
Muslim,M,אחסאן,42
Muslim,M,אלקאסם,42
Muslim,M,בשיר /בשאר ??,42
Muslim,M,גאמל,42
Muslim,M,ח'לדון,42
Muslim,M,חאבס,42
Muslim,M,חאפד,42
Muslim,M,מייאס,42
Muslim,M,פאייז,42
Muslim,M,ראפי,42
Muslim,M,רודא,42
Muslim,M,רזין,42
Muslim,M,ריחאן,42
Muslim,M,שוהם,42
Muslim,M,אייסם,41
Muslim,M,אשראף,41
Muslim,M,ג'אלל,41
Muslim,M,גבריאל,41
Muslim,M,ווג'די,41
Muslim,M,וופיק,41
Muslim,M,זינאדין,41
Muslim,M,לוטוף,41
Muslim,M,מיראן,41
Muslim,M,מעמר,41
Muslim,M,עוראבי,41
Muslim,M,עטאלה,41
Muslim,M,פאיד,41
Muslim,M,אלסדיג,40
Muslim,M,ג'אלי,40
Muslim,M,גדיר,40
Muslim,M,גלאל,40
Muslim,M,דרוויש,40
Muslim,M,זאייד,40
Muslim,M,חסון,40
Muslim,M,מוגאהד,40
Muslim,M,מיכאל,40
Muslim,M,עטווה,40
Muslim,M,ראוחי,40
Muslim,M,רוסול,40
Muslim,M,אסא,39
Muslim,M,באדי,39
Muslim,M,גודאת,39
Muslim,M,ותין,39
Muslim,M,חדיפה,39
Muslim,M,מהיוב,39
Muslim,M,נאסיף,39
Muslim,M,עולא,39
Muslim,M,עיאדה,39
Muslim,M,פטין,39
Muslim,M,ראג'ב,39
Muslim,M,רגיד,39
Muslim,M,שעיב,39
Muslim,M,תארק,39
Muslim,M,ארקן,38
Muslim,M,ג'אודאת,38
Muslim,M,גדוע,38
Muslim,M,מעאוויה,38
Muslim,M,נאדים,38
Muslim,M,נארת,38
Muslim,M,נדי,38
Muslim,M,נופל,38
Muslim,M,נסראת,38
Muslim,M,ספואת,38
Muslim,M,עבדאלקאדר,38
Muslim,M,עגאב,38
Muslim,M,עוד,38
Muslim,M,פראג,38
Muslim,M,צהיב,38
Muslim,M,ראאיד,38
Muslim,M,ראבח,38
Muslim,M,אלאן,37
Muslim,M,לייס,37
Muslim,M,מונגד,37
Muslim,M,מיאר,37
Muslim,M,מקרם,37
Muslim,M,נישאן,37
Muslim,M,סבע,37
Muslim,M,סבר,37
Muslim,M,סמארה,37
Muslim,M,ענתר,37
Muslim,M,רנים,37
Muslim,M,תאג',37
Muslim,M,אסף,36
Muslim,M,דהאם,36
Muslim,M,זאפר,36
Muslim,M,מאמן,36
Muslim,M,מחי,36
Muslim,M,מעתצם,36
Muslim,M,נאייף,36
Muslim,M,נוואף,36
Muslim,M,נזאל,36
Muslim,M,סהיב,36
Muslim,M,עבדאלהאדי,36
Muslim,M,פריג,36
Muslim,M,קותייבה,36
Muslim,M,שאם,36
Muslim,M,שכיב,36
Muslim,M,אנוואר,35
Muslim,M,אסי,35
Muslim,M,בחר,35
Muslim,M,חכמאת,35
Muslim,M,טופיק,35
Muslim,M,כותיבה,35
Muslim,M,מג'אהד,35
Muslim,M,מדין,35
Muslim,M,נוהאד,35
Muslim,M,עאשור,35
Muslim,M,עטה,35
Muslim,M,עיזאלדין,35
Muslim,M,רודין,35
Muslim,M,בן,34
Muslim,M,גודה,34
Muslim,M,דאפר,34
Muslim,M,חאסן,34
Muslim,M,חגאזי,34
Muslim,M,יוסי,34
Muslim,M,מחפוז,34
Muslim,M,מידחת,34
Muslim,M,מנדר,34
Muslim,M,נגם,34
Muslim,M,נעמה,34
Muslim,M,סאד,34
Muslim,M,סאדאת,34
Muslim,M,סוילם,34
Muslim,M,סיזאר,34
Muslim,M,עואמר,34
Muslim,M,עכרמה,34
Muslim,M,עלם,34
Muslim,M,עראבי,34
Muslim,M,ראווי,34
Muslim,M,רסאן,34
Muslim,M,שווקי,34
Muslim,M,אדיאן,33
Muslim,M,אמגאד,33
Muslim,M,אנדי,33
Muslim,M,חליפה,33
Muslim,M,יוסיף,33
Muslim,M,כדר,33
Muslim,M,מועתאסם,33
Muslim,M,מסללם,33
Muslim,M,נאדל,33
Muslim,M,סלאחאלדין,33
Muslim,M,שתיוי,33
Muslim,M,אזהר,32
Muslim,M,אסמעאיל,32
Muslim,M,אסראא,32
Muslim,M,דודו,32
Muslim,M,היתם,32
Muslim,M,ווספי,32
Muslim,M,חוזיפה,32
Muslim,M,מוסבאח,32
Muslim,M,סאמיר,32
Muslim,M,סוהל,32
Muslim,M,סלמה,32
Muslim,M,עובדה,32
Muslim,M,עיסם,32
Muslim,M,עלאאלדין,32
Muslim,M,פיהמי,32
Muslim,M,קדרי,32
Muslim,M,קמל,32
Muslim,M,אבי,31
Muslim,M,אייאס,31
Muslim,M,ג'אנם,31
Muslim,M,זיאן,31
Muslim,M,זכרייא,31
Muslim,M,טלחה,31
Muslim,M,יאן,31
Muslim,M,לאיס,31
Muslim,M,מודר,31
Muslim,M,מעיין,31
Muslim,M,נח,31
Muslim,M,סאאב,31
Muslim,M,סאאיד,31
Muslim,M,סאוסר,31
Muslim,M,סבחי,31
Muslim,M,עבדאלחי,31
Muslim,M,עבדלעזיז,31
Muslim,M,עובדיה,31
Muslim,M,קאדם,31
Muslim,M,ראיין,31
Muslim,M,רג'אאי,31
Muslim,M,אלאמיר,30
Muslim,M,אלנור,30
Muslim,M,גובראן,30
Muslim,M,דאני,30
Muslim,M,דני,30
Muslim,M,חסני,30
Muslim,M,מוזהר,30
Muslim,M,מועיד,30
Muslim,M,מצעב,30
Muslim,M,נאהי,30
Muslim,M,עבדאלקרים,30
Muslim,M,עובידא,30
Muslim,M,עקיל,30
Muslim,M,עקרמה,30
Muslim,M,פריג',30
Muslim,M,תאאיר,30
Muslim,M,בלל,29
Muslim,M,בנימין,29
Muslim,M,בשארה,29
Muslim,M,ג'אהד,29
Muslim,M,ג'הד,29
Muslim,M,ג'יית',29
Muslim,M,גליל,29
Muslim,M,ווגיה,29
Muslim,M,זידן,29
Muslim,M,חאטם,29
Muslim,M,טלעאת,29
Muslim,M,לטיף,29
Muslim,M,לייט,29
Muslim,M,מובדא,29
Muslim,M,מוניף,29
Muslim,M,מוראן,29
Muslim,M,מזיד,29
Muslim,M,מטר,29
Muslim,M,מרסיל,29
Muslim,M,סביתאן,29
Muslim,M,עזדין,29
Muslim,M,פארז,29
Muslim,M,ראלב,29
Muslim,M,רוויד,29
Muslim,M,רוסלן,29
Muslim,M,רייאד,29
Muslim,M,אדיר,28
Muslim,M,אומיה,28
Muslim,M,אחסין,28
Muslim,M,איליאס,28
Muslim,M,בדווי,28
Muslim,M,בהיג',28
Muslim,M,ג'ליל,28
Muslim,M,הייסם,28
Muslim,M,זאכי,28
Muslim,M,חיירי,28
Muslim,M,חסנין,28
Muslim,M,חקם,28
Muslim,M,טיים,28
Muslim,M,מאגיד,28
Muslim,M,מואד,28
Muslim,M,מוכתר,28
Muslim,M,מוקבל,28
Muslim,M,נג'ד,28
Muslim,M,נגאח,28
Muslim,M,נגאתי,28
Muslim,M,נהאר,28
Muslim,M,עאסי,28
Muslim,M,עבדאלחמיד,28
Muslim,M,עבדאלסלאם,28
Muslim,M,עינד,28
Muslim,M,עירפאן,28
Muslim,M,קאייד,28
Muslim,M,ראקן,28
Muslim,M,רסיל,28
Muslim,M,רשואן,28
Muslim,M,שאפיק,28
Muslim,M,שפיע,28
Muslim,M,אבקר,27
Muslim,M,אלאא,27
Muslim,M,אלמעתסם,27
Muslim,M,באביקר,27
Muslim,M,ג'יבריל,27
Muslim,M,לואא,27
Muslim,M,מליק,27
Muslim,M,נדר,27
Muslim,M,סאברי,27
Muslim,M,סדיק,27
Muslim,M,סלמי,27
Muslim,M,עטף,27
Muslim,M,עיזת,27
Muslim,M,עראף,27
Muslim,M,פאכר,27
Muslim,M,פהיד,27
Muslim,M,קסי,27
Muslim,M,שהיר,27
Muslim,M,אאסר,26
Muslim,M,אייאן,26
Muslim,M,ג'ודי,26
Muslim,M,ג'ודת,26
Muslim,M,ג'ול,26
Muslim,M,גאודאת,26
Muslim,M,גבל,26
Muslim,M,גדי,26
Muslim,M,ואסל,26
Muslim,M,טהר,26
Muslim,M,כוסאי,26
Muslim,M,כותייבה,26
Muslim,M,מונתסאר,26
Muslim,M,מועייד,26
Muslim,M,נאדם,26
Muslim,M,נג'אח,26
Muslim,M,נוראדין,26
Muslim,M,ניג'ם,26
Muslim,M,סירחאן,26
Muslim,M,רג'ואן,26
Muslim,M,תאיים,26
Muslim,M,אלאמין,25
Muslim,M,אמר,25
Muslim,M,באג'ס,25
Muslim,M,בדואן,25
Muslim,M,בנאן,25
Muslim,M,גאדי,25
Muslim,M,דאן,25
Muslim,M,ואחיד,25
Muslim,M,וועד,25
Muslim,M,ח'ירי,25
Muslim,M,כטאב,25
Muslim,M,כריים,25
Muslim,M,מוהאנד,25
Muslim,M,מורן,25
Muslim,M,מותיים,25
Muslim,M,מילאן,25
Muslim,M,מלחם,25
Muslim,M,נאביל,25
Muslim,M,ניזאם,25
Muslim,M,נסיף,25
Muslim,M,סאאר,25
Muslim,M,סאמד,25
Muslim,M,סבייח,25
Muslim,M,עבדלכרים,25
Muslim,M,עובאידה,25
Muslim,M,פרהוד,25
Muslim,M,ראטב,25
Muslim,M,רג'אי,25
Muslim,M,רואיד,25
Muslim,M,רווחי,25
Muslim,M,ריבאל,25
Muslim,M,רעאד,25
Muslim,M,שדי,25
Muslim,M,אואיס,24
Muslim,M,אוייס,24
Muslim,M,הזאע,24
Muslim,M,הייתאם,24
Muslim,M,זהדי,24
Muslim,M,ח'יראללה,24
Muslim,M,חטיב,24
Muslim,M,מידאן,24
Muslim,M,מנוור,24
Muslim,M,מקסים,24
Muslim,M,ניר,24
Muslim,M,נסיב,24
Muslim,M,נצאר,24
Muslim,M,סהם,24
Muslim,M,סלאמי,24
Muslim,M,סרור,24
Muslim,M,עאזי,24
Muslim,M,עבדלרחמאן,24
Muslim,M,עוביד,24
Muslim,M,עלאי,24
Muslim,M,פאד,24
Muslim,M,ראין,24
Muslim,M,ראכאן,24
Muslim,M,רגד,24
Muslim,M,שבל,24
Muslim,M,שתיווי,24
Muslim,M,איסמעאיל,23
Muslim,M,ארשיד,23
Muslim,M,בהה,23
Muslim,M,גאדאללה,23
Muslim,M,גוהר,23
Muslim,M,ואסם,23
Muslim,M,זהאר,23
Muslim,M,זעל,23
Muslim,M,חיכמאת,23
Muslim,M,חמזא,23
Muslim,M,ירין,23
Muslim,M,לבאד,23
Muslim,M,מועתסאם,23
Muslim,M,מיתקאל,23
Muslim,M,מפיד,23
Muslim,M,נזים,23
Muslim,M,ניעמה,23
Muslim,M,סאדם,23
Muslim,M,סף,23
Muslim,M,פאריד,23
Muslim,M,פתח,23
Muslim,M,צוהייב,23
Muslim,M,צקר,23
Muslim,M,רפאת,23
Muslim,M,אבובקר,22
Muslim,M,אואב,22
Muslim,M,איזל,22
Muslim,M,אכראם,22
Muslim,M,אסכנדר,22
Muslim,M,באכר,22
Muslim,M,ביסאן,22
Muslim,M,ג'אן,22
Muslim,M,ג'ודאת,22
Muslim,M,ג'והר,22
Muslim,M,ג'ריר,22
Muslim,M,גווד,22
Muslim,M,חג'אג',22
Muslim,M,חייר,22
Muslim,M,טלל,22
Muslim,M,כליפה,22
Muslim,M,לורנס,22
Muslim,M,מנאע,22
Muslim,M,מרסי,22
Muslim,M,נאהל,22
Muslim,M,ניהד,22
Muslim,M,ספוות,22
Muslim,M,עדאי,22
Muslim,M,ערסאן,22
Muslim,M,פרנאס,22
Muslim,M,שהאר,22
Muslim,M,שיבלי,22
Muslim,M,איעד,21
Muslim,M,אליף,21
Muslim,M,אלכסנדר,21
Muslim,M,אלמהדי,21
Muslim,M,אקראם,21
Muslim,M,בדוי,21
Muslim,M,ג'יאד,21
Muslim,M,גיאד,21
Muslim,M,הומאם,21
Muslim,M,הייל,21
Muslim,M,וואסף,21
Muslim,M,וראד,21
Muslim,M,טאלל,21
Muslim,M,כאייד,21
Muslim,M,מואניס,21
Muslim,M,מוח'תאר,21
Muslim,M,מועיין,21
Muslim,M,מוריס,21
Muslim,M,מותעב,21
Muslim,M,מחמאד,21
Muslim,M,סאיף,21
Muslim,M,סהיל,21
Muslim,M,סמואל,21
Muslim,M,עאייד,21
Muslim,M,ערוא,21
Muslim,M,פרס,21
Muslim,M,רויד,21
Muslim,M,רימון,21
Muslim,M,רסול,21
Muslim,M,שוקת,21
Muslim,M,אודאי,20
Muslim,M,אחמיד,20
Muslim,M,אלמועתז,20
Muslim,M,אסמעין,20
Muslim,M,בדיר,20
Muslim,M,גודי,20
Muslim,M,הימן,20
Muslim,M,וואס,20
Muslim,M,זוהרי,20
Muslim,M,טייסיר,20
Muslim,M,טלאע,20
Muslim,M,מדעאן,20
Muslim,M,מוחסין,20
Muslim,M,מוכיד,20
Muslim,M,מונטסר,20
Muslim,M,מופדי,20
Muslim,M,מסטפה,20
Muslim,M,משעל,20
Muslim,M,נאפד,20
Muslim,M,נוראן,20
Muslim,M,סאיר,20
Muslim,M,סאעד,20
Muslim,M,עבדאלראוף,20
Muslim,M,עבדלרחים,20
Muslim,M,עבודי,20
Muslim,M,עומרן,20
Muslim,M,פאחר,20
Muslim,M,קאייס,20
Muslim,M,רוסתם,20
Muslim,M,רידה,20
Muslim,M,רנאן,20
Muslim,M,אג'וד,19
Muslim,M,אודי,19
Muslim,M,אוסאיד,19
Muslim,M,איד,19
Muslim,M,איוואן,19
Muslim,M,אריאן,19
Muslim,M,בהאאלדין,19
Muslim,M,ג'אוד,19
Muslim,M,ג'אמיל,19
Muslim,M,ג'ווד,19
Muslim,M,ג'ולן,19
Muslim,M,גייס,19
Muslim,M,דוריד,19
Muslim,M,הימאן,19
Muslim,M,הליל,19
Muslim,M,ואדיע,19
Muslim,M,זאד,19
Muslim,M,זין,19
Muslim,M,חאליד,19
Muslim,M,חודאיפה,19
Muslim,M,חמידי,19
Muslim,M,טארג,19
Muslim,M,לקמאן,19
Muslim,M,מאזין,19
Muslim,M,מחיסן,19
Muslim,M,ניאז,19
Muslim,M,סלימאן,19
Muslim,M,סללאם,19
Muslim,M,סמאח,19
Muslim,M,עביידה,19
Muslim,M,עורוא,19
Muslim,M,עטלה,19
Muslim,M,פארג',19
Muslim,M,קוטייבה,19
Muslim,M,ראבאל,19
Muslim,M,ראנם,19
Muslim,M,ראסל,19
Muslim,M,רג'יד,19
Muslim,M,ריף,19
Muslim,M,שאוכאת,19
Muslim,M,שדואן,19
Muslim,M,תאג,19
Muslim,M,תאהר,19
Muslim,M,תאמיר,19
Muslim,M,אבד,18
Muslim,M,אלחארת,18
Muslim,M,אלקעקאע,18
Muslim,M,אפנאן,18
Muslim,M,ארם,18
Muslim,M,באגס,18
Muslim,M,בביקר,18
Muslim,M,בהגאת,18
Muslim,M,בקרי,18
Muslim,M,גאנדי,18
Muslim,M,גמיעאן,18
Muslim,M,דיאאלדין,18
Muslim,M,דיאן,18
Muslim,M,והבה,18
Muslim,M,וקאס,18
Muslim,M,חג'אזי,18
Muslim,M,יואל,18
Muslim,M,יחייא,18
Muslim,M,ייזן,18
Muslim,M,מוג'הד,18
Muslim,M,מודי,18
Muslim,M,מוריד,18
Muslim,M,מורסל,18
Muslim,M,מחבוב,18
Muslim,M,מעזוז,18
Muslim,M,מראם,18
Muslim,M,מרשד,18
Muslim,M,נאדיר,18
Muslim,M,סגאר,18
Muslim,M,עאדי,18
Muslim,M,עבדאלמגיד,18
Muslim,M,עביד,18
Muslim,M,עהאד,18
Muslim,M,פהדי,18
Muslim,M,פואאד,18
Muslim,M,קוצאי,18
Muslim,M,קעקאע,18
Muslim,M,ראגד,18
Muslim,M,ראכז,18
Muslim,M,רובחי,18
Muslim,M,רונן,18
Muslim,M,רידאן,18
Muslim,M,תאסיר,18
Muslim,M,תיאם,18
Muslim,M,תמר,18
Muslim,M,אדיל,17
Muslim,M,אוואב,17
Muslim,M,אוואיס,17
Muslim,M,אלחוסיין,17
Muslim,M,ברהום,17
Muslim,M,ג'אדאללה,17
Muslim,M,ג'אפר,17
Muslim,M,גבראן,17
Muslim,M,גוברין,17
Muslim,M,גוסי,17
Muslim,M,גריב,17
Muslim,M,דוראר,17
Muslim,M,דעאס,17
Muslim,M,והאב,17
Muslim,M,זקרייה,17
Muslim,M,חמאדי,17
Muslim,M,חנא,17
Muslim,M,יונאן,17
Muslim,M,לטפי,17
Muslim,M,מארסיל,17
Muslim,M,מהארן,17
Muslim,M,מוברק,17
Muslim,M,מוחיאלדין,17
Muslim,M,מונתאסר,17
Muslim,M,מורתדא,17
Muslim,M,מייאר,17
Muslim,M,מיעאד,17
Muslim,M,נסראלדין,17
Muslim,M,סאדר,17
Muslim,M,סהייב,17
Muslim,M,סינאל,17
Muslim,M,ספא,17
Muslim,M,עבדרבה,17
Muslim,M,עגל,17
Muslim,M,עובייד,17
Muslim,M,עוסמן,17
Muslim,M,עמד,17
Muslim,M,ערפה,17
Muslim,M,קוג'אן,17
Muslim,M,ראהד,17
Muslim,M,שאוקת,17
Muslim,M,שאריף,17
Muslim,M,שהדי,17
Muslim,M,שועיב,17
Muslim,M,תקיי,17
Muslim,M,תרואת,17
Muslim,M,אג'ואד,16
Muslim,M,אוסמאן,16
Muslim,M,אינאל,16
Muslim,M,אלסדיק,16
Muslim,M,אמון,16
Muslim,M,אמור,16
Muslim,M,ברק,16
Muslim,M,ג'סוב,16
Muslim,M,גריר,16
Muslim,M,ואג'די,16
Muslim,M,ווהבי,16
Muslim,M,ויליאם,16
Muslim,M,ולאא,16
Muslim,M,טים,16
Muslim,M,כיואן,16
Muslim,M,ליואא,16
Muslim,M,מאג'יד,16
Muslim,M,מוהלל,16
Muslim,M,מוחרם,16
Muslim,M,מומין,16
Muslim,M,מוסעד,16
Muslim,M,מועאוויה,16
Muslim,M,מזייד,16
Muslim,M,מייקל,16
Muslim,M,מיקאל,16
Muslim,M,מראון,16
Muslim,M,מרק,16
Muslim,M,סאכר,16
Muslim,M,סהל,16
Muslim,M,עבאד,16
Muslim,M,עבדאלחלים,16
Muslim,M,עוטמאן,16
Muslim,M,עזו,16
Muslim,M,עלאאדין,16
Muslim,M,עלאה,16
Muslim,M,עלואן,16
Muslim,M,עמאדאלדין,16
Muslim,M,עקרם,16
Muslim,M,פח'ר,16
Muslim,M,פייאד,16
Muslim,M,קסם,16
Muslim,M,ראסן,16
Muslim,M,ריאד',16
Muslim,M,ריסאן,16
Muslim,M,רמדן,16
Muslim,M,רפאעי,16
Muslim,M,שי,16
Muslim,M,שרחביל,16
Muslim,M,תאמים,16
Muslim,M,אור,15
Muslim,M,איברהים,15
Muslim,M,אמאן,15
Muslim,M,אסעיד,15
Muslim,M,בראק,15
Muslim,M,ג'ראח,15
Muslim,M,גראח,15
Muslim,M,דייב,15
Muslim,M,ואכד,15
Muslim,M,וואסם,15
Muslim,M,זיו,15
Muslim,M,זעים,15
Muslim,M,חזאם,15
Muslim,M,חכאם,15
Muslim,M,חמדן,15
Muslim,M,טליע,15
Muslim,M,ליאו,15
Muslim,M,מאיר,15
Muslim,M,מברוק,15
Muslim,M,מהיב,15
Muslim,M,מוחמדין,15
Muslim,M,מחפוד,15
Muslim,M,מנואר,15
Muslim,M,מקבול,15
Muslim,M,נאג'ד,15
Muslim,M,נדאל,15
Muslim,M,נשאאת,15
Muslim,M,סדקי,15
Muslim,M,סירג',15
Muslim,M,עאאד,15
Muslim,M,עבדאלפתאח,15
Muslim,M,עבדוללה,15
Muslim,M,עבטאן,15
Muslim,M,עומאיר,15
Muslim,M,עטואה,15
Muslim,M,עפנאן,15
Muslim,M,פדלאללה,15
Muslim,M,פראת,15
Muslim,M,צדיק,15
Muslim,M,קדר,15
Muslim,M,קייד,15
Muslim,M,ראול,15
Muslim,M,ראזק,15
Muslim,M,רדה,15
Muslim,M,רינאד,15
Muslim,M,ריפעאת,15
Muslim,M,רמז,15
Muslim,M,רסלן,15
Muslim,M,שאפי,15
Muslim,M,שווקת,15
Muslim,M,שון,15
Muslim,M,שיך,15
Muslim,M,תאייר,15
Muslim,M,תיאסיר,15
Muslim,M,תיסייר,15
Muslim,M,תרוות,15
Muslim,M,אבובאקר,14
Muslim,M,אחמאד,14
Muslim,M,אייהאם,14
Muslim,M,איסאר,14
Muslim,M,אמחמד,14
Muslim,M,אנאור,14
Muslim,M,אעמר,14
Muslim,M,ארקם,14
Muslim,M,בדרי,14
Muslim,M,בהאי,14
Muslim,M,בכרי,14
Muslim,M,בניאמין,14
Muslim,M,בסמאן,14
Muslim,M,ג'דוע,14
Muslim,M,ג'ודה,14
Muslim,M,ג'ורג',14
Muslim,M,ג'יאהד,14
Muslim,M,ג'ימי,14
Muslim,M,גאסן,14
Muslim,M,גבאר,14
Muslim,M,גברי,14
Muslim,M,גנאם,14
Muslim,M,דאמן,14
Muslim,M,דיראר,14
Muslim,M,דריס,14
Muslim,M,הלייל,14
Muslim,M,ואקד,14
Muslim,M,ויקטור,14
Muslim,M,זוהאר,14
Muslim,M,חאמזי,14
Muslim,M,חוסאן,14
Muslim,M,חליל,14
Muslim,M,חמדאלה,14
Muslim,M,טהאר,14
Muslim,M,יאזאן,14
Muslim,M,יאסיר,14
Muslim,M,יוסר,14
Muslim,M,כאיס,14
Muslim,M,לאית',14
Muslim,M,מהאב,14
Muslim,M,מואב,14
Muslim,M,מוגירה,14
Muslim,M,מוכרם,14
Muslim,M,מועטאז,14
Muslim,M,מוצטפה,14
Muslim,M,מוקיד,14
Muslim,M,מורגאן,14
Muslim,M,מחאמד,14
Muslim,M,מטאוע,14
Muslim,M,מייסר,14
Muslim,M,מנג'ד,14
Muslim,M,נאאיל,14
Muslim,M,נג'י,14
Muslim,M,נהיל,14
Muslim,M,סאדיק,14
Muslim,M,סאייד,14
Muslim,M,סאף,14
Muslim,M,סבאר,14
Muslim,M,סובח,14
Muslim,M,סולמאן,14
Muslim,M,ספוואן,14
Muslim,M,ספי,14
Muslim,M,עאכף,14
Muslim,M,עוודה,14
Muslim,M,ערף,14
Muslim,M,פחר,14
Muslim,M,קמר,14
Muslim,M,קתיבה,14
Muslim,M,ראבי,14
Muslim,M,רג'אא,14
Muslim,M,רזקאללה,14
Muslim,M,רן,14
Muslim,M,רשד,14
Muslim,M,רתיב,14
Muslim,M,שאוגי,14
Muslim,M,שבלי,14
Muslim,M,שווכת,14
Muslim,M,שועאע,14
Muslim,M,שכרי,14
Muslim,M,תורקי,14
Muslim,M,'ג'ורג',13
Muslim,M,אבאן,13
Muslim,M,אבאקר,13
Muslim,M,אוהד,13
Muslim,M,אווייס,13
Muslim,M,איברהם,13
Muslim,M,איסאם,13
Muslim,M,אישם,13
Muslim,M,אכראמי,13
Muslim,M,אלוליד,13
Muslim,M,אלחביב,13
Muslim,M,אלחוסין,13
Muslim,M,אלמונתסר,13
Muslim,M,אלפארוק,13
Muslim,M,אמן,13
Muslim,M,אסדי,13
Muslim,M,אסיר,13
Muslim,M,באהא,13
Muslim,M,באסיל,13
Muslim,M,באסים,13
Muslim,M,גדעון,13
Muslim,M,גוודת,13
Muslim,M,גיבריל,13
Muslim,M,גיברין,13
Muslim,M,דיפאללה,13
Muslim,M,הוישל,13
Muslim,M,וגד,13
Muslim,M,זיינאלדין,13
Muslim,M,חודיפא,13
Muslim,M,חיים,13
Muslim,M,חיראללה,13
Muslim,M,חמידאן,13
Muslim,M,חתאם,13
Muslim,M,טרק,13
Muslim,M,לאיית,13
Muslim,M,ליאס,13
Muslim,M,מבארק,13
Muslim,M,מגדאד,13
Muslim,M,מהד,13
Muslim,M,מוג'יב,13
Muslim,M,מוהב,13
Muslim,M,מוהיימן,13
Muslim,M,מוכלס,13
Muslim,M,מידין,13
Muslim,M,מיסאן,13
Muslim,M,מיסר,13
Muslim,M,מנד'ר,13
Muslim,M,מנהאל,13
Muslim,M,מקין,13
Muslim,M,נאסרי,13
Muslim,M,נבאל,13
Muslim,M,סאקב,13
Muslim,M,סידיג,13
Muslim,M,סייאח,13
Muslim,M,סלומאן,13
Muslim,M,סעאד,13
Muslim,M,עאוד,13
Muslim,M,עאייש,13
Muslim,M,עאלי,13
Muslim,M,עבד-אל,13
Muslim,M,עוודאללה,13
Muslim,M,עומאד,13
Muslim,M,עוקאב,13
Muslim,M,עוריב,13
Muslim,M,עמית,13
Muslim,M,עראפת,13
Muslim,M,עריף,13
Muslim,M,פאח'ר,13
Muslim,M,פדי,13
Muslim,M,פרחן,13
Muslim,M,צבחי,13
Muslim,M,צדאם,13
Muslim,M,צדקי,13
Muslim,M,קוטיבה,13
Muslim,M,ראוד,13
Muslim,M,ראייד,13
Muslim,M,ראן,13
Muslim,M,ראסמי,13
Muslim,M,רוי,13
Muslim,M,רזיק,13
Muslim,M,ריזיק,13
Muslim,M,שאדן,13
Muslim,M,שחאדי,13
Muslim,M,שקיב,13
Muslim,M,אדריאן,12
Muslim,M,אהב,12
Muslim,M,אהוד,12
Muslim,M,אוסמאה,12
Muslim,M,אורהאן,12
Muslim,M,אזאר,12
Muslim,M,איהם,12
Muslim,M,איוון,12
Muslim,M,אילאף,12
Muslim,M,אישג,12
Muslim,M,אניר,12
Muslim,M,אשר,12
Muslim,M,בהיג,12
Muslim,M,בליג,12
Muslim,M,ג'אדי,12
Muslim,M,ג'אלאל,12
Muslim,M,ג'ברי,12
Muslim,M,ג'יברין,12
Muslim,M,ג'ריב,12
Muslim,M,דוח'י,12
Muslim,M,דורג'אם,12
Muslim,M,האוס,12
Muslim,M,הדי,12
Muslim,M,ואג'ד,12
Muslim,M,ואטן,12
Muslim,M,וואהיב,12
Muslim,M,ווג'יה,12
Muslim,M,זריף,12
Muslim,M,ח'לף,12
Muslim,M,חוזייפה,12
Muslim,M,חיסאם,12
Muslim,M,חלאף,12
Muslim,M,חליד,12
Muslim,M,טום,12
Muslim,M,טראק,12
Muslim,M,ימן,12
Muslim,M,יסרי,12
Muslim,M,ישראל,12
Muslim,M,כמיס,12
Muslim,M,ליאור,12
Muslim,M,מאלך,12
Muslim,M,מוהימן,12
Muslim,M,מוניס,12
Muslim,M,מוסלים,12
Muslim,M,מוסעאב,12
Muslim,M,מופאק,12
Muslim,M,מורג'אן,12
Muslim,M,מילד,12
Muslim,M,מנור,12
Muslim,M,מנעם,12
Muslim,M,מרווח,12
Muslim,M,נאמר,12
Muslim,M,נורלדין,12
Muslim,M,נצרי,12
Muslim,M,סיד,12
Muslim,M,סמח,12
Muslim,M,סעדאללה,12
Muslim,M,ע'ית,12
Muslim,M,ע'סאן,12
Muslim,M,עבדאלגני,12
Muslim,M,עבדאלחכים,12
Muslim,M,עבדאללטיף,12
Muslim,M,עבדאלמנעם,12
Muslim,M,עבדאלרזאק,12
Muslim,M,עבודה,12
Muslim,M,עון,12
Muslim,M,עזם,12
Muslim,M,עיקאב,12
Muslim,M,עלייאן,12
Muslim,M,פאוז,12
Muslim,M,קבלאן,12
Muslim,M,קצי,12
Muslim,M,רוואיד,12
Muslim,M,רוכן,12
Muslim,M,רון,12
Muslim,M,רוסל,12
Muslim,M,רנאד,12
Muslim,M,רעפאת,12
Muslim,M,שעלאן,12
Muslim,M,תומאס,12
Muslim,M,תייסר,12
Muslim,M,אברהאים,11
Muslim,M,אדי,11
Muslim,M,אדל,11
Muslim,M,אורהן,11
Muslim,M,אזל,11
Muslim,M,אחמוד,11
Muslim,M,איידין,11
Muslim,M,אימאד,11
Muslim,M,אימיל,11
Muslim,M,אכתם,11
Muslim,M,אליאן,11
Muslim,M,אניל,11
Muslim,M,אסיף,11
Muslim,M,בדאר,11
Muslim,M,בורהן,11
Muslim,M,בורק,11
Muslim,M,בכיר,11
Muslim,M,ברג'ס,11
Muslim,M,ברהים,11
Muslim,M,ג'אווד,11
Muslim,M,ג'אית',11
Muslim,M,ג'די,11
Muslim,M,ג'וברין,11
Muslim,M,ג'ון,11
Muslim,M,ג'וני,11
Muslim,M,ג'סאר,11
Muslim,M,גואן,11
Muslim,M,גוליאן,11
Muslim,M,גיס,11
Muslim,M,גסאר,11
Muslim,M,דאניאל,11
Muslim,M,דהאש,11
Muslim,M,דוחי,11
Muslim,M,דיה,11
Muslim,M,דניס,11
Muslim,M,דרדאח,11
Muslim,M,הוסמא,11
Muslim,M,והב,11
Muslim,M,וואהל,11
Muslim,M,וואפי,11
Muslim,M,ווג'ד,11
Muslim,M,ווסלי,11
Muslim,M,וצפי,11
Muslim,M,זאיין,11
Muslim,M,זהיא,11
Muslim,M,ח'ד'ר,11
Muslim,M,חאלף,11
Muslim,M,חקים,11
Muslim,M,טורקי,11
Muslim,M,יחיאה,11
Muslim,M,יניב,11
Muslim,M,יסמעיל,11
Muslim,M,יערב,11
Muslim,M,כאדם,11
Muslim,M,ליס,11
Muslim,M,מדאח,11
Muslim,M,מוהתדי,11
Muslim,M,מוחייאלדין,11
Muslim,M,מועתמר,11
Muslim,M,מחארב,11
Muslim,M,מיאד,11
Muslim,M,מייס,11
Muslim,M,מנתצר,11
Muslim,M,מצבאח,11
Muslim,M,מריאן,11
Muslim,M,מרעב,11
Muslim,M,נורי,11
Muslim,M,נזייה,11
Muslim,M,סאלמן,11
Muslim,M,סאר,11
Muslim,M,סביר,11
Muslim,M,סמור,11
Muslim,M,עאלה,11
Muslim,M,עאמד,11
Muslim,M,עבדאלנאסר,11
Muslim,M,עבדלקרים,11
Muslim,M,עוביידא,11
Muslim,M,עונאללה,11
Muslim,M,עוקבא,11
Muslim,M,עטואן,11
Muslim,M,עטיש,11
Muslim,M,עייאד,11
Muslim,M,עימראן,11
Muslim,M,עית,11
Muslim,M,ענד,11
Muslim,M,ערבי,11
Muslim,M,פאחרי,11
Muslim,M,פאטמה,11
Muslim,M,פייצל,11
Muslim,M,פראח,11
Muslim,M,צאיל,11
Muslim,M,צחר,11
Muslim,M,צפות,11
Muslim,M,רגאא,11
Muslim,M,רוקון,11
Muslim,M,רחאל,11
Muslim,M,ריאל,11
Muslim,M,רינאן,11
Muslim,M,רסים,11
Muslim,M,רפיף,11
Muslim,M,רקיב,11
Muslim,M,שאמך,11
Muslim,M,שוכראללה,11
Muslim,M,שיהב,11
Muslim,M,שעבן,11
Muslim,M,תאקי,11
Muslim,M,תואפיק,11
Muslim,M,תומס,11
Muslim,M,תמאם,11
Muslim,M,אדוארד,10
Muslim,M,אווסם,10
Muslim,M,אומייה,10
Muslim,M,אזר,10
Muslim,M,אטראד,10
Muslim,M,איאהב,10
Muslim,M,אייס,10
Muslim,M,אימד,10
Muslim,M,אימראן,10
Muslim,M,אינס,10
Muslim,M,איסה,10
Muslim,M,אנמאר,10
Muslim,M,אסים,10
Muslim,M,אסמאיל,10
Muslim,M,אסעוד,10
Muslim,M,אעסם,10
Muslim,M,אצחק,10
Muslim,M,ארדוגאן,10
Muslim,M,בדרן,10
Muslim,M,בירם,10
Muslim,M,בנדר,10
Muslim,M,ג'באר,10
Muslim,M,ג'בראן,10
Muslim,M,ג'לל,10
Muslim,M,גד,10
Muslim,M,גיאת,10
Muslim,M,גרייב,10
Muslim,M,הזאר,10
Muslim,M,היאד,10
Muslim,M,וואסל,10
Muslim,M,ז'קי,10
Muslim,M,ח'יאם,10
Muslim,M,חאמיס,10
Muslim,M,טאאר,10
Muslim,M,טאר,10
Muslim,M,טלאק,10
Muslim,M,טריק,10
Muslim,M,יאד,10
Muslim,M,ימין,10
Muslim,M,כאמל,10
Muslim,M,כאסם,10
Muslim,M,כראמה,10
Muslim,M,לוקמן,10
Muslim,M,מאאמון,10
Muslim,M,מאלק,10
Muslim,M,מוחידין,10
Muslim,M,מונס,10
Muslim,M,מונצר,10
Muslim,M,מוסאב,10
Muslim,M,מותים,10
Muslim,M,מותנה,10
Muslim,M,מינא,10
Muslim,M,מכראם,10
Muslim,M,מלהם,10
Muslim,M,מנגד,10
Muslim,M,מעטסם,10
Muslim,M,משארי,10
Muslim,M,נאסראלדין,10
Muslim,M,נגאת,10
Muslim,M,נדאם,10
Muslim,M,נדב,10
Muslim,M,נוואר,10
Muslim,M,נזי,10
Muslim,M,ניסן,10
Muslim,M,סאטי,10
Muslim,M,סאלאם,10
Muslim,M,סאמיח,10
Muslim,M,סביל,10
Muslim,M,סולי,10
Muslim,M,סורי,10
Muslim,M,סיראז',10
Muslim,M,סעדאלדין,10
Muslim,M,ספות,10
Muslim,M,ע,10
Muslim,M,עאלא,10
Muslim,M,עבדאלגבאר,10
Muslim,M,עבדלסלאם,10
Muslim,M,עודאללה,10
Muslim,M,עוטמן,10
Muslim,M,עז-אלדין,10
Muslim,M,עסמאת,10
Muslim,M,עצמת,10
Muslim,M,עראב,10
Muslim,M,עשור,10
Muslim,M,עת'מאן,10
Muslim,M,פאג'ר,10
Muslim,M,פאקר,10
Muslim,M,פאתחי,10
Muslim,M,פהאמי,10
Muslim,M,פיקרי,10
Muslim,M,פקרי,10
Muslim,M,פריז,10
Muslim,M,פריס,10
Muslim,M,קאראם,10
Muslim,M,קותיבא,10
Muslim,M,ראחל,10
Muslim,M,ראפיק,10
Muslim,M,רבח,10
Muslim,M,רודי,10
Muslim,M,רזג,10
Muslim,M,רקן,10
Muslim,M,שהאדי,10
Muslim,M,שועייב,10
Muslim,M,שריקי,10
Muslim,M,תרות,10
Muslim,M,אבדו,9
Muslim,M,אבדל,9
Muslim,M,אדואר,9
Muslim,M,איהד,9
Muslim,M,איזאר,9
Muslim,M,אימאר,9
Muslim,M,אלכס,9
Muslim,M,אלמנתסר,9
Muslim,M,אלן,9
Muslim,M,אמראן,9
Muslim,M,אסאי,9
Muslim,M,אסייל,9
Muslim,M,אסמא,9
Muslim,M,את'יר,9
Muslim,M,באהה,9
Muslim,M,באקרי,9
Muslim,M,בהאה,9
Muslim,M,בההא,9
Muslim,M,ביאזיד,9
Muslim,M,ג'ד,9
Muslim,M,ג'וודת,9
Muslim,M,ג'זאל,9
Muslim,M,ג'ית',9
Muslim,M,גאהד,9
Muslim,M,גאואד,9
Muslim,M,גאיית,9
Muslim,M,גאיס,9
Muslim,M,גבי,9
Muslim,M,גהאד,9
Muslim,M,גימאר,9
Muslim,M,גית',9
Muslim,M,ד'יאא,9
Muslim,M,דלאל,9
Muslim,M,הודאי,9
Muslim,M,היאל,9
Muslim,M,היימאן,9
Muslim,M,הנדי,9
Muslim,M,ואגדי,9
Muslim,M,והדאן,9
Muslim,M,ולא,9
Muslim,M,וסיל,9
Muslim,M,ז'אן,9
Muslim,M,זהי,9
Muslim,M,ח'אדר,9
Muslim,M,ח'טיב,9
Muslim,M,חאסם,9
Muslim,M,חאקם,9
Muslim,M,חדאר,9
Muslim,M,חמאדא,9
Muslim,M,חמדללה,9
Muslim,M,חמידו,9
Muslim,M,חן,9
Muslim,M,חפיז,9
Muslim,M,יאגוב,9
Muslim,M,יזייד,9
Muslim,M,ימאם,9
Muslim,M,יסר,9
Muslim,M,ירמוק,9
Muslim,M,כאדר,9
Muslim,M,כאמיל,9
Muslim,M,כייס,9
Muslim,M,כילאני,9
Muslim,M,לירן,9
Muslim,M,מאהרן,9
Muslim,M,מאור,9
Muslim,M,מארסל,9
Muslim,M,מג'אד,9
Muslim,M,מדר,9
Muslim,M,מהלי,9
Muslim,M,מוגהד,9
Muslim,M,מוגיר,9
Muslim,M,מוהד,9
Muslim,M,מוני,9
Muslim,M,מונסר,9
Muslim,M,מחאסן,9
Muslim,M,מחדי,9
Muslim,M,מטיע,9
Muslim,M,מטעב,9
Muslim,M,מסאלם,9
Muslim,M,מעתאז,9
Muslim,M,מצטפה,9
Muslim,M,מרסאל,9
Muslim,M,נאג',9
Muslim,M,נאגיב,9
Muslim,M,נאוף,9
Muslim,M,נאייל,9
Muslim,M,נאלבי,9
Muslim,M,נבראס,9
Muslim,M,נג'אתי,9
Muslim,M,נדאר,9
Muslim,M,נהד,9
Muslim,M,ניאר,9
Muslim,M,ניבאל,9
Muslim,M,ניעמאן,9
Muslim,M,נסרלדין,9
Muslim,M,נתי,9
Muslim,M,סאנאד,9
Muslim,M,סבח,9
Muslim,M,סג'ד,9
Muslim,M,סונאי,9
Muslim,M,סטיב,9
Muslim,M,סיאם,9
Muslim,M,סלום,9
Muslim,M,סליח,9
Muslim,M,סריי,9
Muslim,M,עאודה,9
Muslim,M,עאסף,9
Muslim,M,עבדולה,9
Muslim,M,עבדלחמיד,9
Muslim,M,עודיה,9
Muslim,M,עיסמת,9
Muslim,M,עלאלדין,9
Muslim,M,עמי,9
Muslim,M,עממאר,9
Muslim,M,עקאף,9
Muslim,M,ערין,9
Muslim,M,פאיג,9
Muslim,M,פירז,9
Muslim,M,פראז,9
Muslim,M,צאיב,9
Muslim,M,צודקי,9
Muslim,M,צפואן,9
Muslim,M,צפוות,9
Muslim,M,קיסאר,9
Muslim,M,קתאדה,9
Muslim,M,ראיס,9
Muslim,M,ראסלן,9
Muslim,M,רגאב,9
Muslim,M,רוייד,9
Muslim,M,רומל,9
Muslim,M,רוקן,9
Muslim,M,רקאד,9
Muslim,M,רשראש,9
Muslim,M,שאחדה,9
Muslim,M,שהר,9
Muslim,M,שוכת,9
Muslim,M,שוקאת,9
Muslim,M,שיבאן,9
Muslim,M,שיבל,9
Muslim,M,שירז,9
Muslim,M,תאייסיר,9
Muslim,M,תוהאמי,9
Muslim,M,תחריר,9
Muslim,M,תמין,9
Muslim,M,תראד,9
Muslim,M,אבראהם,8
Muslim,M,אג'ווד,8
Muslim,M,אובאיי,8
Muslim,M,אוניס,8
Muslim,M,אזדין,8
Muslim,M,איאת,8
Muslim,M,איזיל,8
Muslim,M,איזלדין,8
Muslim,M,איליא,8
Muslim,M,איראן,8
Muslim,M,אלהאדי,8
Muslim,M,אלון,8
Muslim,M,אלסאדיג,8
Muslim,M,אלעבאס,8
Muslim,M,אסאם,8
Muslim,M,אסם,8
Muslim,M,אצחאק,8
Muslim,M,ארון,8
Muslim,M,באיזיד,8
Muslim,M,בדראלדין,8
Muslim,M,בהאלדין,8
Muslim,M,בינאן,8
Muslim,M,ביסאם,8
Muslim,M,ברהם,8
Muslim,M,ברכה,8
Muslim,M,ג'אנדי,8
Muslim,M,ג'וועד,8
Muslim,M,ג'לאא,8
Muslim,M,גוודאת,8
Muslim,M,גוסיי,8
Muslim,M,דואס,8
Muslim,M,דון,8
Muslim,M,דיבאן,8
Muslim,M,דיין,8
Muslim,M,האיסם,8
Muslim,M,האלי,8
Muslim,M,האשים,8
Muslim,M,וואאם,8
Muslim,M,וולאא,8
Muslim,M,וטאן,8
Muslim,M,ויהאם,8
Muslim,M,וסיים,8
Muslim,M,זאהד,8
Muslim,M,זאמל,8
Muslim,M,זועבי,8
Muslim,M,זכאריא,8
Muslim,M,זכאריה,8
Muslim,M,ח'ליפה,8
Muslim,M,חוסאי,8
Muslim,M,חיאן,8
Muslim,M,חנדלה,8
Muslim,M,חסונה,8
Muslim,M,טאבת,8
Muslim,M,טל,8
Muslim,M,יהאב,8
Muslim,M,יואב,8
Muslim,M,יחייה,8
Muslim,M,יריב,8
Muslim,M,כנען,8
Muslim,M,כראמי,8
Muslim,M,כתיבה,8
Muslim,M,ליאון,8
Muslim,M,ליל,8
Muslim,M,מואיאד,8
Muslim,M,מואתז,8
Muslim,M,מואתסם,8
Muslim,M,מובראק,8
Muslim,M,מודחי,8
Muslim,M,מומתאז,8
Muslim,M,מונדיר,8
Muslim,M,מוסבח,8
Muslim,M,מורדי,8
Muslim,M,מותאנה,8
Muslim,M,מחיי,8
Muslim,M,מידן,8
Muslim,M,מימאתי,8
Muslim,M,מיפלח,8
Muslim,M,מישל,8
Muslim,M,מנאף,8
Muslim,M,מניב,8
Muslim,M,מניזל,8
Muslim,M,מסלמה,8
Muslim,M,מעאדי,8
Muslim,M,מעד,8
Muslim,M,מראחיל,8
Muslim,M,מרוח,8
Muslim,M,משדי,8
Muslim,M,נאזי,8
Muslim,M,נאזר,8
Muslim,M,נאסיר,8
Muslim,M,נגד,8
Muslim,M,נהיד,8
Muslim,M,נהר,8
Muslim,M,נוסייר,8
Muslim,M,נור-אלדין,8
Muslim,M,ניסאן,8
Muslim,M,נסוח,8
Muslim,M,נפין,8
Muslim,M,סאג'ר,8
Muslim,M,סאלאח,8
Muslim,M,סאעיד,8
Muslim,M,סוהיר,8
Muslim,M,סופייאן,8
Muslim,M,סוראקה,8
Muslim,M,סיאח,8
Muslim,M,סידקי,8
Muslim,M,סיפאלדין,8
Muslim,M,סלאמן,8
Muslim,M,סמאעיל,8
Muslim,M,סמעיל,8
Muslim,M,סנאת,8
Muslim,M,ספיר,8
Muslim,M,עאד,8
Muslim,M,עבדאלהדי,8
Muslim,M,עבדלטיף,8
Muslim,M,עבדלסאלם,8
Muslim,M,עבדלרזיג,8
Muslim,M,עדוי,8
Muslim,M,עובאדא,8
Muslim,M,עודד,8
Muslim,M,עופר,8
Muslim,M,עיסמאת,8
Muslim,M,עלמי,8
Muslim,M,עסם,8
Muslim,M,עקב,8
Muslim,M,עקבה,8
Muslim,M,ערואה,8
Muslim,M,עתייק,8
Muslim,M,פאייק,8
Muslim,M,פאיסל,8
Muslim,M,פדאל,8
Muslim,M,פורת,8
Muslim,M,פיראז,8
Muslim,M,צאאב,8
Muslim,M,קאדר,8
Muslim,M,קדיר,8
Muslim,M,קוגאן,8
Muslim,M,קופטאן,8
Muslim,M,קיצר,8
Muslim,M,קסיי,8
Muslim,M,קפאח,8
Muslim,M,קריים,8
Muslim,M,ראביע,8
Muslim,M,ראואד,8
Muslim,M,רגואן,8
Muslim,M,רד'א,8
Muslim,M,רוברט,8
Muslim,M,רזאן,8
Muslim,M,רחמי,8
Muslim,M,ריקאן,8
Muslim,M,רמלי,8
Muslim,M,רסתם,8
Muslim,M,רפאל,8
Muslim,M,שאמי,8
Muslim,M,שוגי,8
Muslim,M,שוקראללה,8
Muslim,M,שלום,8
Muslim,M,שלומי,8
Muslim,M,שלמה,8
Muslim,M,תארג,8
Muslim,M,תמבי,8
Muslim,M,אבאס,7
Muslim,M,אביב,7
Muslim,M,אבן,7
Muslim,M,אדין,7
Muslim,M,אומיד,7
Muslim,M,אומר,7
Muslim,M,איסל,7
Muslim,M,אירן,7
Muslim,M,איתן,7
Muslim,M,אלב,7
Muslim,M,אלברא,7
Muslim,M,אלטיב,7
Muslim,M,אלקסאם,7
Muslim,M,אלראזי,7
Muslim,M,אלריאן,7
Muslim,M,אמנון,7
Muslim,M,אמרן,7
Muslim,M,אנסאר,7
Muslim,M,אסמאעין,7
Muslim,M,אסמעיל,7
Muslim,M,אעקאב,7
Muslim,M,ארבאב,7
Muslim,M,ארואד,7
Muslim,M,באיר,7
Muslim,M,בהאדין,7
Muslim,M,בחיט,7
Muslim,M,בילאל,7
Muslim,M,בסאל,7
Muslim,M,בסיר,7
Muslim,M,ג'והד,7
Muslim,M,גאוד,7
Muslim,M,גאיד,7
Muslim,M,גדיע,7
Muslim,M,גוהאד,7
Muslim,M,גל,7
Muslim,M,דודי,7
Muslim,M,דויחי,7
Muslim,M,דח'לאללה,7
Muslim,M,דחאם,7
Muslim,M,דחלאללה,7
Muslim,M,דמיר,7
Muslim,M,דריד,7
Muslim,M,האייל,7
Muslim,M,היידר,7
Muslim,M,הייתים,7
Muslim,M,ואתק,7
Muslim,M,וגייה,7
Muslim,M,ודוד,7
Muslim,M,וואיב,7
Muslim,M,ווגד,7
Muslim,M,וריד,7
Muslim,M,ז'ין,7
Muslim,M,זאור,7
Muslim,M,זהרן,7
Muslim,M,זידון,7
Muslim,M,זין-אלדין,7
Muslim,M,זקאריה,7
Muslim,M,ח'ייראללה,7
Muslim,M,חאג',7
Muslim,M,חאכם,7
Muslim,M,חאליל,7
Muslim,M,חארת',7
Muslim,M,חזם,7
Muslim,M,חלווי,7
Muslim,M,טאיר,7
Muslim,M,טוילע,7
Muslim,M,טיסיר,7
Muslim,M,טריפי,7
Muslim,M,יורי,7
Muslim,M,יזין,7
Muslim,M,יסיר,7
Muslim,M,יעקב,7
Muslim,M,יצחאק,7
Muslim,M,ישמעאל,7
Muslim,M,ישר,7
Muslim,M,יתרב,7
Muslim,M,כירי,7
Muslim,M,כלף,7
Muslim,M,לוא,7
Muslim,M,לואב,7
Muslim,M,לוואי,7
Muslim,M,ליש,7
Muslim,M,מאאב,7
Muslim,M,מאהיר,7
Muslim,M,מאיד,7
Muslim,M,מאיסרה,7
Muslim,M,מאמין,7
Muslim,M,מאריו,7
Muslim,M,מגלי,7
Muslim,M,מהאוש,7
Muslim,M,מהיאר,7
Muslim,M,מואנד,7
Muslim,M,מוגהאד,7
Muslim,M,מוהאד,7
Muslim,M,מוחיאדין,7
Muslim,M,מוחמאד,7
Muslim,M,מונאדל,7
Muslim,M,מונאי,7
Muslim,M,מונדאר,7
Muslim,M,מונקד,7
Muslim,M,מוצלח,7
Muslim,M,מורשיד,7
Muslim,M,מותקאל,7
Muslim,M,מטלק,7
Muslim,M,מידיאן,7
Muslim,M,מיימון,7
Muslim,M,מייק,7
Muslim,M,מיסרא,7
Muslim,M,מיקדאד,7
Muslim,M,מירן,7
Muslim,M,מסאעד,7
Muslim,M,מסלאם,7
Muslim,M,מסעאד,7
Muslim,M,מסרי,7
Muslim,M,מעטז,7
Muslim,M,מעלא,7
Muslim,M,מצלח,7
Muslim,M,מקדאם,7
Muslim,M,מרזה,7
Muslim,M,מרט,7
Muslim,M,מרטין,7
Muslim,M,מרקו,7
Muslim,M,נג'די,7
Muslim,M,נג'ח,7
Muslim,M,נהרו,7
Muslim,M,נוורס,7
Muslim,M,נועמן,7
Muslim,M,נזר,7
Muslim,M,סאאיב,7
Muslim,M,סאייל,7
Muslim,M,סאריה,7
Muslim,M,סג'ר,7
Muslim,M,סואר,7
Muslim,M,סולמן,7
Muslim,M,סיזר,7
Muslim,M,סיפ,7
Muslim,M,סירי,7
Muslim,M,סמעין,7
Muslim,M,ספייאן,7
Muslim,M,ע'אזי,7
Muslim,M,עאז,7
Muslim,M,עאלב,7
Muslim,M,עאס,7
Muslim,M,עבדאלבאסט,7
Muslim,M,עבדאלחיי,7
Muslim,M,עבדאלעזים,7
Muslim,M,עבדואללה,7
Muslim,M,עבדלמגיד,7
Muslim,M,עדיל,7
Muslim,M,עודא,7
Muslim,M,עוודי,7
Muslim,M,עוסאם,7
Muslim,M,עותבה,7
Muslim,M,עטיף,7
Muslim,M,עיית,7
Muslim,M,עלאאי,7
Muslim,M,עללא,7
Muslim,M,עמור,7
Muslim,M,עקיד,7
Muslim,M,ערפת,7
Muslim,M,עתמן,7
Muslim,M,פאואז,7
Muslim,M,פלח,7
Muslim,M,פרג'אללה,7
Muslim,M,צאפי,7
Muslim,M,צכר,7
Muslim,M,צלח,7
Muslim,M,קוטיבא,7
Muslim,M,ראד'י,7
Muslim,M,ראווד,7
Muslim,M,ראים,7
Muslim,M,ראלי,7
Muslim,M,רומאן,7
Muslim,M,רומי,7
Muslim,M,רומן,7
Muslim,M,רושד,7
Muslim,M,רז,7
Muslim,M,ריאבאל,7
Muslim,M,רעיד,7
Muslim,M,שאוקאת,7
Muslim,M,שביב,7
Muslim,M,שמסאלדין,7
Muslim,M,שרי,7
Muslim,M,ת'יים,7
Muslim,M,תוהאן,7
Muslim,M,תלאל,7
Muslim,M,תמאר,7
Muslim,M,אאדם,6
Muslim,M,אבארהים,6
Muslim,M,אונסי,6
Muslim,M,אורי,6
Muslim,M,אוריאן,6
Muslim,M,אושר,6
Muslim,M,אזאדין,6
Muslim,M,אטרד,6
Muslim,M,איחסן,6
Muslim,M,אייאל,6
Muslim,M,אילי,6
Muslim,M,איסמעין,6
Muslim,M,אישאם,6
Muslim,M,אלדומה,6
Muslim,M,אלחג',6
Muslim,M,אלמג'ד,6
Muslim,M,אלמותנא,6
Muslim,M,אלעבד,6
Muslim,M,אלפהד,6
Muslim,M,אמד,6
Muslim,M,אמירהם,6
Muslim,M,אמסלם,6
Muslim,M,אסחאג,6
Muslim,M,אסייד,6
Muslim,M,אסלים,6
Muslim,M,אסקנדר,6
Muslim,M,אקתם,6
Muslim,M,ארחיים,6
Muslim,M,ארסן,6
Muslim,M,אשהם,6
Muslim,M,בהאאי,6
Muslim,M,בהזאד,6
Muslim,M,בוראן,6
Muslim,M,בחירי,6
Muslim,M,בישר,6
Muslim,M,בסל,6
Muslim,M,בקאר,6
Muslim,M,ברקת,6
Muslim,M,ג'איית,6
Muslim,M,ג'וזף,6
Muslim,M,ג'ומה,6
Muslim,M,גאמיל,6
Muslim,M,גאן,6
Muslim,M,גאסים,6
Muslim,M,גארח,6
Muslim,M,גוועד,6
Muslim,M,גויעד,6
Muslim,M,גושאן,6
Muslim,M,גושן,6
Muslim,M,גיסאן,6
Muslim,M,גמר,6
Muslim,M,דאהם,6
Muslim,M,דאחי,6
Muslim,M,דאר,6
Muslim,M,דווד,6
Muslim,M,דועאא,6
Muslim,M,דורגם,6
Muslim,M,הואש,6
Muslim,M,הוסאם,6
Muslim,M,היאם,6
Muslim,M,היאתם,6
Muslim,M,היטם,6
Muslim,M,הייב,6
Muslim,M,הייכל,6
Muslim,M,היכל,6
Muslim,M,המלאן,6
Muslim,M,הממאם,6
Muslim,M,השם,6
Muslim,M,ואס,6
Muslim,M,ואסין,6
Muslim,M,ואספי,6
Muslim,M,וואדיע,6
Muslim,M,וודאח,6
Muslim,M,ווהאל,6
Muslim,M,ווהבה,6
Muslim,M,וויליאם,6
Muslim,M,ווקאס,6
Muslim,M,ושדי,6
Muslim,M,זדאן,6
Muslim,M,זהאי,6
Muslim,M,זטאם,6
Muslim,M,זיהאד,6
Muslim,M,זיר,6
Muslim,M,זנאלדין,6
Muslim,M,ח'יירי,6
Muslim,M,חאג,6
Muslim,M,חאמיד,6
Muslim,M,חארב,6
Muslim,M,חד'ר,6
Muslim,M,חידרה,6
Muslim,M,חיסן,6
Muslim,M,חלוד,6
Muslim,M,חנאן,6
Muslim,M,חפאז,6
Muslim,M,טאיע,6
Muslim,M,טה,6
Muslim,M,טיימור,6
Muslim,M,טריף,6
Muslim,M,יאחיא,6
Muslim,M,יוזרסיף,6
Muslim,M,יוני,6
Muslim,M,יונתן,6
Muslim,M,יוסור,6
Muslim,M,יסחק,6
Muslim,M,כותיבא,6
Muslim,M,כמל,6
Muslim,M,כסאב,6
Muslim,M,לאיט,6
Muslim,M,לאמי,6
Muslim,M,ליאן,6
Muslim,M,מאהד,6
Muslim,M,מאתין,6
Muslim,M,מבדא,6
Muslim,M,מדהר,6
Muslim,M,מהימן,6
Muslim,M,מואאיד,6
Muslim,M,מוג'האד,6
Muslim,M,מוהיד,6
Muslim,M,מוחיא,6
Muslim,M,מוחיה,6
Muslim,M,מוטי,6
Muslim,M,מויאד,6
Muslim,M,מוסטאפא,6
Muslim,M,מועאיד,6
Muslim,M,מועדי,6
Muslim,M,מועטאסם,6
Muslim,M,מוקדאד,6
Muslim,M,מוקים,6
Muslim,M,מזאן,6
Muslim,M,מזיאד,6
Muslim,M,מחמט,6
Muslim,M,מחסין,6
Muslim,M,מטיר,6
Muslim,M,מייסרא,6
Muslim,M,מיקאיל,6
Muslim,M,מירזה,6
Muslim,M,מכתאר,6
Muslim,M,מנאד,6
Muslim,M,מעאז',6
Muslim,M,מעמון,6
Muslim,M,מפדי,6
Muslim,M,מקי,6
Muslim,M,משרף,6
Muslim,M,מתנא,6
Muslim,M,נגי,6
Muslim,M,נדאף,6
Muslim,M,נהאל,6
Muslim,M,נועם,6
Muslim,M,נזיא,6
Muslim,M,ניאזי,6
Muslim,M,נציר,6
Muslim,M,סאאל,6
Muslim,M,סאהיר,6
Muslim,M,סאכב,6
Muslim,M,סאלי,6
Muslim,M,סוראג',6
Muslim,M,סיאל,6
Muslim,M,סימון,6
Muslim,M,סלטי,6
Muslim,M,סם,6
Muslim,M,סמעאן,6
Muslim,M,סנמאר,6
Muslim,M,סנעאללה,6
Muslim,M,סעאדי,6
Muslim,M,סעדה,6
Muslim,M,ספואט,6
Muslim,M,סקנדר,6
Muslim,M,ע'די,6
Muslim,M,ע'יית,6
Muslim,M,עאטה,6
Muslim,M,עאמרו,6
Muslim,M,עאקל,6
Muslim,M,עבדאלטיף,6
Muslim,M,עבדולרחמן,6
Muslim,M,עבדון,6
Muslim,M,עבדלהאדי,6
Muslim,M,עבדלקאדר,6
Muslim,M,עג'אג',6
Muslim,M,עגאל,6
Muslim,M,עואני,6
Muslim,M,עובדייה,6
Muslim,M,עורבי,6
Muslim,M,עורואה,6
Muslim,M,עותייבה,6
Muslim,M,עזלדין,6
Muslim,M,עטאיה,6
Muslim,M,עידו,6
Muslim,M,עייסה,6
Muslim,M,ענטר,6
Muslim,M,עסמאן,6
Muslim,M,עקרימה,6
Muslim,M,עראפאת,6
Muslim,M,ערווא,6
Muslim,M,ערן,6
Muslim,M,פאאק,6
Muslim,M,פאהמי,6
Muslim,M,פאווז,6
Muslim,M,פאמי,6
Muslim,M,פאסל,6
Muslim,M,פארג,6
Muslim,M,פארח,6
Muslim,M,פהאדי,6
Muslim,M,פהמאן,6
Muslim,M,פוראס,6
Muslim,M,פזע,6
Muslim,M,פיטר,6
Muslim,M,פייז,6
Muslim,M,פיליפ,6
Muslim,M,פיסאל,6
Muslim,M,פירנאס,6
Muslim,M,פרוג,6
Muslim,M,צבאח,6
Muslim,M,צדוק,6
Muslim,M,קאסר,6
Muslim,M,קומאי,6
Muslim,M,קטיבה,6
Muslim,M,קנן,6
Muslim,M,קנעאן,6
Muslim,M,ראי,6
Muslim,M,ראסים,6
Muslim,M,ראעב,6
Muslim,M,ראף,6
Muslim,M,ראקי,6
Muslim,M,רביח,6
Muslim,M,רדאא,6
Muslim,M,רהיב,6
Muslim,M,רוסטם,6
Muslim,M,רוסיל,6
Muslim,M,רזאק,6
Muslim,M,ריאח,6
Muslim,M,רייד,6
Muslim,M,רמד'אן,6
Muslim,M,רסל,6
Muslim,M,רפיע,6
Muslim,M,רפעי,6
Muslim,M,רפקי,6
Muslim,M,שאהם,6
Muslim,M,שאמס,6
Muslim,M,שחר,6
Muslim,M,שמואל,6
Muslim,M,שמסי,6
Muslim,M,שקר,6
Muslim,M,שרון,6
Muslim,M,ת'אר,6
Muslim,M,תאריק,6
Muslim,M,תהר,6
Muslim,M,תום,6
Muslim,M,תקיאלדין,6
Muslim,M,תרוואת,6
Muslim,M,אבדאללה,5
Muslim,M,אבדול,5
Muslim,M,אבואלגסים,5
Muslim,M,אבס,5
Muslim,M,אג'יד,5
Muslim,M,אגוד,5
Muslim,M,אדואן,5
Muslim,M,אהני,5
Muslim,M,אומן,5
Muslim,M,אונור,5
Muslim,M,אוניל,5
Muslim,M,אוסול,5
Muslim,M,אוראל,5
Muslim,M,אותמאן,5
Muslim,M,אותמן,5
Muslim,M,אזיל,5
Muslim,M,אזלדין,5
Muslim,M,אחמט,5
Muslim,M,אטיר,5
Muslim,M,איבראהים,5
Muslim,M,איהאד,5
Muslim,M,אייאב,5
Muslim,M,אייוב,5
Muslim,M,אימרי,5
Muslim,M,אימרן,5
Muslim,M,איסא,5
Muslim,M,איסחק,5
Muslim,M,איצחק,5
Muslim,M,איתאר,5
Muslim,M,איתם,5
Muslim,M,אלדין,5
Muslim,M,אלזין,5
Muslim,M,אלחארת',5
Muslim,M,אלחדי,5
Muslim,M,אלחטאב,5
Muslim,M,אליהו,5
Muslim,M,אלימאן,5
Muslim,M,אלמיר,5
Muslim,M,אלמנתצר,5
Muslim,M,אלמעתצם,5
Muslim,M,אלסייד,5
Muslim,M,אלעז,5
Muslim,M,אמגיד,5
Muslim,M,אמיראן,5
Muslim,M,אסאל,5
Muslim,M,אעיד,5
Muslim,M,אקיף,5
Muslim,M,אקרמי,5
Muslim,M,ארול,5
Muslim,M,אריב,5
Muslim,M,אריה,5
Muslim,M,אריק,5
Muslim,M,באז,5
Muslim,M,באסאם,5
Muslim,M,בארי,5
Muslim,M,באשא,5
Muslim,M,באשאר,5
Muslim,M,בולאל,5
Muslim,M,בושרא,5
Muslim,M,בחית,5
Muslim,M,בחרלדין,5
Muslim,M,ביירם,5
Muslim,M,בלאן,5
Muslim,M,בלסם,5
Muslim,M,בריא,5
Muslim,M,ברקה,5
Muslim,M,ג'ארח,5
Muslim,M,ג'בארה,5
Muslim,M,ג'בראיל,5
Muslim,M,ג'ומאן,5
Muslim,M,ג'ונייד,5
Muslim,M,ג'ועד,5
Muslim,M,ג'ילאן,5
Muslim,M,ג'מאר,5
Muslim,M,ג'נאן,5
Muslim,M,גאדו,5
Muslim,M,גאפר,5
Muslim,M,גדאללה,5
Muslim,M,גהד,5
Muslim,M,גואד,5
Muslim,M,גומה,5
Muslim,M,גוסוב,5
Muslim,M,גועד,5
Muslim,M,גופראן,5
Muslim,M,גיא,5
Muslim,M,גיל,5
Muslim,M,גילאל,5
Muslim,M,גלי,5
Muslim,M,גמאר,5
Muslim,M,גנאים,5
Muslim,M,גסאב,5
Muslim,M,גסאם,5
Muslim,M,דויא,5
Muslim,M,דוריאן,5
Muslim,M,דייאר,5
Muslim,M,דילן,5
Muslim,M,דפאלה,5
Muslim,M,הדאיה,5
Muslim,M,הדיוה,5
Muslim,M,הדיר,5
Muslim,M,הודא,5
Muslim,M,ואגד,5
Muslim,M,ואהל,5
Muslim,M,ואסים,5
Muslim,M,ואפיק,5
Muslim,M,והאל,5
Muslim,M,ווהל,5
Muslim,M,ווטאן,5
Muslim,M,ווניס,5
Muslim,M,ווס,5
Muslim,M,ווסיל,5
Muslim,M,וורד,5
Muslim,M,ויאל,5
Muslim,M,ויסאם,5
Muslim,M,וסאים,5
Muslim,M,וסמן,5
Muslim,M,ז'אד,5
Muslim,M,זאי,5
Muslim,M,זאכריא,5
Muslim,M,זאקריה,5
Muslim,M,זהאד,5
Muslim,M,זואהר,5
Muslim,M,זואר,5
Muslim,M,זיהד,5
Muslim,M,זנדין,5
Muslim,M,זקרייא,5
Muslim,M,ח'לאד,5
Muslim,M,חבאס,5
Muslim,M,חדיר,5
Muslim,M,חור,5
Muslim,M,חיסין,5
Muslim,M,חמז'ה,5
Muslim,M,חמזאה,5
Muslim,M,חמידה,5
Muslim,M,חמיידי,5
Muslim,M,חנן,5
Muslim,M,חסניין,5
Muslim,M,חריב,5
Muslim,M,חריס,5
Muslim,M,חתאב,5
Muslim,M,טאיל,5
Muslim,M,טאלאל,5
Muslim,M,טימור,5
Muslim,M,טעמה,5
Muslim,M,יבגני,5
Muslim,M,יגאל,5
Muslim,M,יגוב,5
Muslim,M,ידין,5
Muslim,M,יובל,5
Muslim,M,יונאס,5
Muslim,M,יונוס,5
Muslim,M,יוסאם,5
Muslim,M,יחיאל,5
Muslim,M,יסמין,5
Muslim,M,יערוב,5
Muslim,M,יקיר,5
Muslim,M,כותאיבה,5
Muslim,M,כנדי,5
Muslim,M,לוסיאן,5
Muslim,M,לייף,5
Muslim,M,ליתי,5
Muslim,M,מאנס,5
Muslim,M,מגאד,5
Muslim,M,מגבל,5
Muslim,M,מהאד,5
Muslim,M,מואטז,5
Muslim,M,מודאר,5
Muslim,M,מוזיין,5
Muslim,M,מוחאמד,5
Muslim,M,מוחתאר,5
Muslim,M,מויד,5
Muslim,M,מולהאם,5
Muslim,M,מונא,5
Muslim,M,מונדור,5
Muslim,M,מונז'ר,5
Muslim,M,מונטאסר,5
Muslim,M,מונקז,5
Muslim,M,מונתצאר,5
Muslim,M,מוסט,5
Muslim,M,מועטסאם,5
Muslim,M,מורטדא,5
Muslim,M,מותאנא,5
Muslim,M,מזין,5
Muslim,M,מזן,5
Muslim,M,מחלד,5
Muslim,M,מחמיד,5
Muslim,M,מטין,5
Muslim,M,מיאמן,5
Muslim,M,מידיין,5
Muslim,M,מילחם,5
Muslim,M,מיסבאח,5
Muslim,M,מיסלח,5
Muslim,M,מירזא,5
Muslim,M,מנז'ר,5
Muslim,M,מנסי,5
Muslim,M,מסעאב,5
Muslim,M,מסק,5
Muslim,M,מעז,5
Muslim,M,מראן,5
Muslim,M,מרהג',5
Muslim,M,מרהף,5
Muslim,M,מרים,5
Muslim,M,מתאב,5
Muslim,M,מתן,5
Muslim,M,נאסף,5
Muslim,M,נאפיז,5
Muslim,M,נאשיד,5
Muslim,M,נבאהן,5
Muslim,M,נבהן,5
Muslim,M,נג'את,5
Muslim,M,נדא,5
Muslim,M,נדאא,5
Muslim,M,נדיב,5
Muslim,M,נואל,5
Muslim,M,נוראל,5
Muslim,M,ניבראס,5
Muslim,M,ניזם,5
Muslim,M,ניסים,5
Muslim,M,נשאד,5
Muslim,M,סאגיד,5
Muslim,M,סאל,5
Muslim,M,סאלאמה,5
Muslim,M,סאליח,5
Muslim,M,סאן,5
Muslim,M,סארה,5
Muslim,M,סבא,5
Muslim,M,סג'אר,5
Muslim,M,סג'יע,5
Muslim,M,סדאת,5
Muslim,M,סדיג,5
Muslim,M,סדר,5
Muslim,M,סוב,5
Muslim,M,סוהיים,5
Muslim,M,סוהים,5
Muslim,M,סוליימאן,5
Muslim,M,סופיין,5
Muslim,M,סידי,5
Muslim,M,סלומה,5
Muslim,M,סלחאדין,5
Muslim,M,סמיה,5
Muslim,M,סמרה,5
Muslim,M,סמרין,5
Muslim,M,ספאלדין,5
Muslim,M,ע'אלב,5
Muslim,M,ע'אנם,5
Muslim,M,עאבר,5
Muslim,M,עאזמי,5
Muslim,M,עבד-אללה,5
Muslim,M,עבדאלגוואד,5
Muslim,M,עבדאלוהאב,5
Muslim,M,עבדאלווהאב,5
Muslim,M,עבדאלמג'יד,5
Muslim,M,עבדאלמלק,5
Muslim,M,עבדאלראזק,5
Muslim,M,עבדלבסט,5
Muslim,M,עבדלמג'יד,5
Muslim,M,עבדלמליק,5
Muslim,M,עבס,5
Muslim,M,עגאג,5
Muslim,M,עובד,5
Muslim,M,עובדא,5
Muslim,M,עודיא,5
Muslim,M,עוודאי,5
Muslim,M,עוזי,5
Muslim,M,עויד,5
Muslim,M,עומאייר,5
Muslim,M,עותמאן,5
Muslim,M,עטאאללה,5
Muslim,M,עטאר,5
Muslim,M,עטוא,5
Muslim,M,עטמאן,5
Muslim,M,עידן,5
Muslim,M,עיזו,5
Muslim,M,עייסא,5
Muslim,M,עימאן,5
Muslim,M,עינאן,5
Muslim,M,עיתמאן,5
Muslim,M,עליי,5
Muslim,M,עמירה,5
Muslim,M,עפאן,5
Muslim,M,עראד,5
Muslim,M,פאגר,5
Muslim,M,פאש,5
Muslim,M,פדול,5
Muslim,M,פידל,5
Muslim,M,פירסאן,5
Muslim,M,פכר,5
Muslim,M,פלסטין,5
Muslim,M,פנדי,5
Muslim,M,פסל,5
Muslim,M,פרחי,5
Muslim,M,קודאמה,5
Muslim,M,קותאיבה,5
Muslim,M,קיואן,5
Muslim,M,קיים,5
Muslim,M,קיפח,5
Muslim,M,קנדי,5
Muslim,M,קסאי,5
Muslim,M,קסורה,5
Muslim,M,קסטרו,5
Muslim,M,קפטאן,5
Muslim,M,קרמאן,5
Muslim,M,ראאל,5
Muslim,M,ראודת,5
Muslim,M,ראווף,5
Muslim,M,ראז'י,5
Muslim,M,ראזין,5
Muslim,M,ראמח,5
Muslim,M,ראפד,5
Muslim,M,ראפעת,5
Muslim,M,ראקז,5
Muslim,M,ראשאד,5
Muslim,M,רבין,5
Muslim,M,רובי,5
Muslim,M,רודה,5
Muslim,M,רחייל,5
Muslim,M,ריין,5
Muslim,M,ריית',5
Muslim,M,ריכאן,5
Muslim,M,רית,5
Muslim,M,רמסיס,5
Muslim,M,רנם,5
Muslim,M,שהריאר,5
Muslim,M,שחדי,5
Muslim,M,שייח,5
Muslim,M,שימי,5
Muslim,M,שקיר,5
Muslim,M,שרייף,5
Muslim,M,שרים,5
Muslim,M,ת'אאיר,5
Muslim,M,תארוק,5
Muslim,M,תארות,5
Muslim,M,תהא,5
Muslim,M,תרקי,5
Christian-Arab,F,מריה,1116
Christian-Arab,F,אמל,911
Christian-Arab,F,מרים,767
Christian-Arab,F,רים,611
Christian-Arab,F,מונא,588
Christian-Arab,F,מארי,542
Christian-Arab,F,עביר,514
Christian-Arab,F,רנא,512
Christian-Arab,F,לינא,504
Christian-Arab,F,מאיה,487
Christian-Arab,F,רולא,473
Christian-Arab,F,ליאן,461
Christian-Arab,F,חנאן,460
Christian-Arab,F,שירין,460
Christian-Arab,F,רימא,455
Christian-Arab,F,לילה,445
Christian-Arab,F,רנין,434
Christian-Arab,F,סנא,431
Christian-Arab,F,דיאנה,402
Christian-Arab,F,נסרין,384
Christian-Arab,F,מנאל,383
Christian-Arab,F,נטלי,383
Christian-Arab,F,סוזאן,380
Christian-Arab,F,ראניה,377
Christian-Arab,F,סמירה,367
Christian-Arab,F,סמר,359
Christian-Arab,F,אלין,354
Christian-Arab,F,מריאנה,353
Christian-Arab,F,וופא,351
Christian-Arab,F,אמירה,347
Christian-Arab,F,יארא,340
Christian-Arab,F,נדין,339
Christian-Arab,F,נור,337
Christian-Arab,F,מהא,332
Christian-Arab,F,אימאן,327
Christian-Arab,F,מירא,326
Christian-Arab,F,לין,324
Christian-Arab,F,סמא,324
Christian-Arab,F,לנא,311
Christian-Arab,F,סילין,311
Christian-Arab,F,יסמין,301
Christian-Arab,F,לונא,293
Christian-Arab,F,חלא,292
Christian-Arab,F,היבא,289
Christian-Arab,F,מרי,288
Christian-Arab,F,נאדיה,287
Christian-Arab,F,עאידה,280
Christian-Arab,F,סאמיה,275
Christian-Arab,F,רואן,271
Christian-Arab,F,סועאד,268
Christian-Arab,F,נואל,266
Christian-Arab,F,ערין,265
Christian-Arab,F,מיראל,262
Christian-Arab,F,סיהאם,262
Christian-Arab,F,מריאן,251
Christian-Arab,F,ניקול,250
Christian-Arab,F,האלה,247
Christian-Arab,F,דימא,245
Christian-Arab,F,נרמין,245
Christian-Arab,F,גידאא,242
Christian-Arab,F,סאוסן,241
Christian-Arab,F,דינא,239
Christian-Arab,F,לארא,237
Christian-Arab,F,ליליאן,235
Christian-Arab,F,מלאק,231
Christian-Arab,F,סוהא,229
Christian-Arab,F,לור,227
Christian-Arab,F,רשא,227
Christian-Arab,F,תאלא,225
Christian-Arab,F,לובנה,220
Christian-Arab,F,סחר,218
Christian-Arab,F,עולא,218
Christian-Arab,F,פאתנה,218
Christian-Arab,F,סאלי,216
Christian-Arab,F,היאם,209
Christian-Arab,F,מילא,207
Christian-Arab,F,עפאף,205
Christian-Arab,F,ניבין,204
Christian-Arab,F,נאנסי,199
Christian-Arab,F,נוהא,197
Christian-Arab,F,רוז,196
Christian-Arab,F,רינה,196
Christian-Arab,F,ויויאן,195
Christian-Arab,F,סוהיר,194
Christian-Arab,F,רנדה,193
Christian-Arab,F,תיא,189
Christian-Arab,F,חנין,188
Christian-Arab,F,אינס,186
Christian-Arab,F,למאר,185
Christian-Arab,F,פאדיה,185
Christian-Arab,F,ריטה,185
Christian-Arab,F,נבילה,184
Christian-Arab,F,דוניא,183
Christian-Arab,F,מאי,183
Christian-Arab,F,מירנא,180
Christian-Arab,F,קריסטין,179
Christian-Arab,F,מרלין,177
Christian-Arab,F,אליס,174
Christian-Arab,F,הנא,171
Christian-Arab,F,אריג',170
Christian-Arab,F,שאדיה,170
Christian-Arab,F,ג'ומאנה,164
Christian-Arab,F,למא,164
Christian-Arab,F,פאתן,164
Christian-Arab,F,אמילי,161
Christian-Arab,F,לינדה,160
Christian-Arab,F,רובה,159
Christian-Arab,F,נאדרה,158
Christian-Arab,F,נורה,157
Christian-Arab,F,מיריל,156
Christian-Arab,F,סוהילה,156
Christian-Arab,F,רוזאן,156
Christian-Arab,F,אילין,155
Christian-Arab,F,לורין,154
Christian-Arab,F,אלהאם,151
Christian-Arab,F,לורד,149
Christian-Arab,F,רהאם,149
Christian-Arab,F,ודאד,147
Christian-Arab,F,מנאר,143
Christian-Arab,F,ג'ולין,140
Christian-Arab,F,נאילה,140
Christian-Arab,F,סוהייר,140
Christian-Arab,F,סירין,140
Christian-Arab,F,סלוא,140
Christian-Arab,F,אחלאם,139
Christian-Arab,F,הדיל,139
Christian-Arab,F,נרדין,139
Christian-Arab,F,קרולין,139
Christian-Arab,F,ראויה,139
Christian-Arab,F,ריתא,139
Christian-Arab,F,מייס,138
Christian-Arab,F,נאדיא,138
Christian-Arab,F,ג'ולי,137
Christian-Arab,F,מראם,137
Christian-Arab,F,נתאלי,136
Christian-Arab,F,גרייס,135
Christian-Arab,F,ג'ואנה,132
Christian-Arab,F,ג'ורג'ית,131
Christian-Arab,F,תגריד,131
Christian-Arab,F,אילהאם,130
Christian-Arab,F,מרווה,130
Christian-Arab,F,קארין,130
Christian-Arab,F,ג'סיקה,129
Christian-Arab,F,ג'וליה,124
Christian-Arab,F,גזל,124
Christian-Arab,F,דליה,124
Christian-Arab,F,חנה,122
Christian-Arab,F,כריסתין,122
Christian-Arab,F,קרין,120
Christian-Arab,F,אנה,119
Christian-Arab,F,מירנה,118
Christian-Arab,F,נאיא,117
Christian-Arab,F,פריאל,117
Christian-Arab,F,רודינה,116
Christian-Arab,F,תולין,116
Christian-Arab,F,כמיליא,115
Christian-Arab,F,פרידה,115
Christian-Arab,F,רזאן,114
Christian-Arab,F,ורדה,113
Christian-Arab,F,לוריס,113
Christian-Arab,F,מרוות,113
Christian-Arab,F,דנה,112
Christian-Arab,F,סוניה,112
Christian-Arab,F,סלאם,112
Christian-Arab,F,פירוז,112
Christian-Arab,F,בדיעה,111
Christian-Arab,F,היפא,111
Christian-Arab,F,לילי,111
Christian-Arab,F,שדא,111
Christian-Arab,F,ויקטוריה,110
Christian-Arab,F,אסיל,109
Christian-Arab,F,סואר,108
Christian-Arab,F,ספא,108
Christian-Arab,F,קתרין,108
Christian-Arab,F,ג'נא,107
Christian-Arab,F,תיריז,106
Christian-Arab,F,איילה,105
Christian-Arab,F,כריסטין,105
Christian-Arab,F,נדא,105
Christian-Arab,F,סופיה,105
Christian-Arab,F,ניבאל,104
Christian-Arab,F,ג'ויל,103
Christian-Arab,F,רוזין,102
Christian-Arab,F,אבתיסאם,101
Christian-Arab,F,נאיה,100
Christian-Arab,F,קרול,100
Christian-Arab,F,אנג'לינה,97
Christian-Arab,F,ג'ואל,97
Christian-Arab,F,מייסון,95
Christian-Arab,F,ראנה,94
Christian-Arab,F,רוזית,94
Christian-Arab,F,הודא,93
Christian-Arab,F,לארין,93
Christian-Arab,F,נרימאן,93
Christian-Arab,F,ראידה,93
Christian-Arab,F,איבתסאם,92
Christian-Arab,F,הלא,92
Christian-Arab,F,ג'אנית,91
Christian-Arab,F,גדיר,91
Christian-Arab,F,ג'וליאנה,90
Christian-Arab,F,ג'ורי,90
Christian-Arab,F,דוריס,90
Christian-Arab,F,ליא,90
Christian-Arab,F,ויולית,88
Christian-Arab,F,אליאנה,87
Christian-Arab,F,נגם,87
Christian-Arab,F,עבלה,87
Christian-Arab,F,קריסטינה,87
Christian-Arab,F,שאדן,87
Christian-Arab,F,מירי,85
Christian-Arab,F,אומימה,84
Christian-Arab,F,זינה,84
Christian-Arab,F,ג'נאן,82
Christian-Arab,F,סאנדי,82
Christian-Arab,F,סלמא,82
Christian-Arab,F,אליזבט,81
Christian-Arab,F,ג'קלין,81
Christian-Arab,F,היא,81
Christian-Arab,F,למיס,81
Christian-Arab,F,סול,81
Christian-Arab,F,אלמא,79
Christian-Arab,F,אלמה,79
Christian-Arab,F,מיסא,79
Christian-Arab,F,סמאח,79
Christian-Arab,F,איח'לאס,78
Christian-Arab,F,אלינור,78
Christian-Arab,F,ג'וי,78
Christian-Arab,F,מרח,78
Christian-Arab,F,מרינה,78
Christian-Arab,F,באדרה,77
Christian-Arab,F,בסמה,77
Christian-Arab,F,ג'מילה,77
Christian-Arab,F,לורן,77
Christian-Arab,F,סוהאד,77
Christian-Arab,F,שמס,77
Christian-Arab,F,תאלין,77
Christian-Arab,F,ליה,76
Christian-Arab,F,מונירה,76
Christian-Arab,F,כריסטינה,73
Christian-Arab,F,איבון,72
Christian-Arab,F,נלי,72
Christian-Arab,F,רוזלין,72
Christian-Arab,F,אנג'לה,71
Christian-Arab,F,דורין,71
Christian-Arab,F,הייא,71
Christian-Arab,F,מאג'דה,71
Christian-Arab,F,סוהיילה,71
Christian-Arab,F,דארין,70
Christian-Arab,F,מיאר,70
Christian-Arab,F,שרה,70
Christian-Arab,F,גריס,69
Christian-Arab,F,לים,69
Christian-Arab,F,נילי,69
Christian-Arab,F,אינעאם,68
Christian-Arab,F,מדלין,68
Christian-Arab,F,נג'את,68
Christian-Arab,F,נוהאד,68
Christian-Arab,F,סנדרה,68
Christian-Arab,F,קטי,68
Christian-Arab,F,תריז,68
Christian-Arab,F,ג'יזל,67
Christian-Arab,F,לורה,67
Christian-Arab,F,לרין,66
Christian-Arab,F,מרלן,66
Christian-Arab,F,ג'יהאן,65
Christian-Arab,F,מלקה,65
Christian-Arab,F,עפיפה,65
Christian-Arab,F,קטרינה,65
Christian-Arab,F,קלרה,65
Christian-Arab,F,אניסה,64
Christian-Arab,F,ג'וליא,64
Christian-Arab,F,גאנית,64
Christian-Arab,F,מישלין,64
Christian-Arab,F,דלאל,63
Christian-Arab,F,נאהדה,63
Christian-Arab,F,סילביה,63
Christian-Arab,F,רונזה,63
Christian-Arab,F,תמאם,63
Christian-Arab,F,סלמה,62
Christian-Arab,F,רגד,62
Christian-Arab,F,אנג'ל,61
Christian-Arab,F,ג'ואן,61
Christian-Arab,F,לידיה,61
Christian-Arab,F,אליאן,60
Christian-Arab,F,ג'ויס,60
Christian-Arab,F,גורגית,60
Christian-Arab,F,ליאל,60
Christian-Arab,F,סלין,60
Christian-Arab,F,ניסרין,59
Christian-Arab,F,נתלי,59
Christian-Arab,F,קטרין,59
Christian-Arab,F,אמה,58
Christian-Arab,F,לוסי,58
Christian-Arab,F,מליסה,58
Christian-Arab,F,מרגרית,58
Christian-Arab,F,עדן,58
Christian-Arab,F,אבלין,57
Christian-Arab,F,אודית,57
Christian-Arab,F,דועאא,57
Christian-Arab,F,סומיה,57
Christian-Arab,F,ג'וזפין,56
Christian-Arab,F,קארול,56
Christian-Arab,F,אח'לאס,55
Christian-Arab,F,ג'וויל,55
Christian-Arab,F,הלן,55
Christian-Arab,F,ורוניקה,55
Christian-Arab,F,איחלאס,54
Christian-Arab,F,גומאנה,54
Christian-Arab,F,ויולט,54
Christian-Arab,F,מרסיל,54
Christian-Arab,F,ג'ניפר,53
Christian-Arab,F,נאי,53
Christian-Arab,F,סטפני,53
Christian-Arab,F,סנדי,53
Christian-Arab,F,פאיזה,53
Christian-Arab,F,קתרינה,53
Christian-Arab,F,רבאב,53
Christian-Arab,F,אווה,52
Christian-Arab,F,ג'וליית,52
Christian-Arab,F,גוליאנה,52
Christian-Arab,F,מילאדה,52
Christian-Arab,F,קלודין,52
Christian-Arab,F,רנדא,52
Christian-Arab,F,ורה,51
Christian-Arab,F,פולין,51
Christian-Arab,F,פרחה,51
Christian-Arab,F,אמאני,50
Christian-Arab,F,אנטואנית,50
Christian-Arab,F,גואנה,50
Christian-Arab,F,כיתי,50
Christian-Arab,F,מילה,50
Christian-Arab,F,נהאי,50
Christian-Arab,F,קטיה,50
Christian-Arab,F,קמר,50
Christian-Arab,F,רונזא,50
Christian-Arab,F,אלכסנדרה,49
Christian-Arab,F,דניאלה,49
Christian-Arab,F,מוניקה,49
Christian-Arab,F,מונתהא,49
Christian-Arab,F,מיאדה,49
Christian-Arab,F,מירבת,49
Christian-Arab,F,מרסל,49
Christian-Arab,F,נג'לא,49
Christian-Arab,F,נטליה,49
Christian-Arab,F,סברין,49
Christian-Arab,F,סילינא,49
Christian-Arab,F,רוזה,49
Christian-Arab,F,טליה,48
Christian-Arab,F,כארולין,48
Christian-Arab,F,לורית,48
Christian-Arab,F,ליאנה,48
Christian-Arab,F,מייסא,48
Christian-Arab,F,נג'ואן,48
Christian-Arab,F,ג'ונא,47
Christian-Arab,F,נהיל,47
Christian-Arab,F,סארה,47
Christian-Arab,F,סילינה,47
Christian-Arab,F,סמאהר,47
Christian-Arab,F,ראגדה,47
Christian-Arab,F,רנד,47
Christian-Arab,F,הילאנה,46
Christian-Arab,F,מרתא,46
Christian-Arab,F,פידא,46
Christian-Arab,F,אנעאם,45
Christian-Arab,F,הזאר,45
Christian-Arab,F,אנטואנט,44
Christian-Arab,F,באסמה,44
Christian-Arab,F,ג'ואנא,44
Christian-Arab,F,לידיא,44
Christian-Arab,F,פרלה,44
Christian-Arab,F,רין,44
Christian-Arab,F,אולגה,43
Christian-Arab,F,אליסה,43
Christian-Arab,F,מארלין,43
Christian-Arab,F,נאיפה,43
Christian-Arab,F,נורמה,43
Christian-Arab,F,סימה,43
Christian-Arab,F,סלינה,43
Christian-Arab,F,עליה,43
Christian-Arab,F,ג'נט,42
Christian-Arab,F,גינא,42
Christian-Arab,F,לולו,42
Christian-Arab,F,פיריאל,42
Christian-Arab,F,ראודה,42
Christian-Arab,F,רימונדה,42
Christian-Arab,F,אפנאן,41
Christian-Arab,F,ג'ורג'ינה,41
Christian-Arab,F,הילדה,41
Christian-Arab,F,כמיליה,41
Christian-Arab,F,כרסתין,41
Christian-Arab,F,מורין,41
Christian-Arab,F,איילא,40
Christian-Arab,F,גסיקה,40
Christian-Arab,F,מירוות,40
Christian-Arab,F,ניהאי,40
Christian-Arab,F,סוזי,40
Christian-Arab,F,סילא,40
Christian-Arab,F,שהד,40
Christian-Arab,F,תלין,40
Christian-Arab,F,תמארה,40
Christian-Arab,F,אחלאס,39
Christian-Arab,F,איבית,39
Christian-Arab,F,אלן,39
Christian-Arab,F,אסמהאן,39
Christian-Arab,F,בושרא,39
Christian-Arab,F,ג'אניית,39
Christian-Arab,F,ח'ולוד,39
Christian-Arab,F,לאנה,39
Christian-Arab,F,ליזה,39
Christian-Arab,F,פדוא,39
Christian-Arab,F,קרלה,39
Christian-Arab,F,ריין,39
Christian-Arab,F,ג'ומאן,38
Christian-Arab,F,ג'זל,38
Christian-Arab,F,כאתיא,38
Christian-Arab,F,כאתרין,38
Christian-Arab,F,כתרין,38
Christian-Arab,F,נאהד,38
Christian-Arab,F,נבאל,38
Christian-Arab,F,נג'וא,38
Christian-Arab,F,עבלא,38
Christian-Arab,F,אלאא,37
Christian-Arab,F,גולין,37
Christian-Arab,F,הנאדי,37
Christian-Arab,F,ולנטינה,37
Christian-Arab,F,ונסה,37
Christian-Arab,F,לביבה,37
Christian-Arab,F,נהלה,37
Christian-Arab,F,סוניא,37
Christian-Arab,F,סינתיה,37
Christian-Arab,F,סעדה,37
Christian-Arab,F,עואטף,37
Christian-Arab,F,ריתה,37
Christian-Arab,F,אמנדה,36
Christian-Arab,F,גוזפין,36
Christian-Arab,F,הינד,36
Christian-Arab,F,כרמן,36
Christian-Arab,F,סיאל,36
Christian-Arab,F,סמיה,36
Christian-Arab,F,קארולין,36
Christian-Arab,F,אדיל,35
Christian-Arab,F,גמילה,35
Christian-Arab,F,כארול,35
Christian-Arab,F,כייתי,35
Christian-Arab,F,נינה,35
Christian-Arab,F,קלודיה,35
Christian-Arab,F,קליר,35
Christian-Arab,F,שאם,35
Christian-Arab,F,תאליא,35
Christian-Arab,F,תולאי,35
Christian-Arab,F,איימי,34
Christian-Arab,F,אילא,34
Christian-Arab,F,גיהאן,34
Christian-Arab,F,דונא,34
Christian-Arab,F,הנד,34
Christian-Arab,F,טטיאנה,34
Christian-Arab,F,לינור,34
Christian-Arab,F,נדיה,34
Christian-Arab,F,נעימה,34
Christian-Arab,F,שירז,34
Christian-Arab,F,שפיקה,34
Christian-Arab,F,אדל,33
Christian-Arab,F,אנא,33
Christian-Arab,F,בותינה,33
Christian-Arab,F,ג'וליאנא,33
Christian-Arab,F,לטיפה,33
Christian-Arab,F,לימור,33
Christian-Arab,F,מאסה,33
Christian-Arab,F,נירוז,33
Christian-Arab,F,סייל,33
Christian-Arab,F,רגדה,33
Christian-Arab,F,רחאב,33
Christian-Arab,F,אנגאם,32
Christian-Arab,F,אסמא,32
Christian-Arab,F,ג'והינה,32
Christian-Arab,F,ג'וייל,32
Christian-Arab,F,ג'ורג'ינא,32
Christian-Arab,F,דיאלה,32
Christian-Arab,F,מיסאא,32
Christian-Arab,F,נג'ם,32
Christian-Arab,F,סלימה,32
Christian-Arab,F,אנג'י,31
Christian-Arab,F,ג'וסלין,31
Christian-Arab,F,ג'יזיל,31
Christian-Arab,F,ג'נית,31
Christian-Arab,F,מאגדה,31
Christian-Arab,F,ניוין,31
Christian-Arab,F,תירייז,31
Christian-Arab,F,תרזה,31
Christian-Arab,F,אירין,30
Christian-Arab,F,אליאנור,30
Christian-Arab,F,ג'וייס,30
Christian-Arab,F,גלוריה,30
Christian-Arab,F,יוסרא,30
Christian-Arab,F,לוסיאנה,30
Christian-Arab,F,לורא,30
Christian-Arab,F,מרנה,30
Christian-Arab,F,נג'מה,30
Christian-Arab,F,נסרה,30
Christian-Arab,F,סופי,30
Christian-Arab,F,קורל,30
Christian-Arab,F,תאליה,30
Christian-Arab,F,תמארא,30
Christian-Arab,F,תרז,30
Christian-Arab,F,איבא,29
Christian-Arab,F,אנג'יל,29
Christian-Arab,F,ג'ונה,29
Christian-Arab,F,כליר,29
Christian-Arab,F,נארדין,29
Christian-Arab,F,עאטף,29
Christian-Arab,F,רוואן,29
Christian-Arab,F,תיה,29
Christian-Arab,F,תריזה,29
Christian-Arab,F,אולפת,28
Christian-Arab,F,אילנה,28
Christian-Arab,F,אלחאן,28
Christian-Arab,F,ג'ולית,28
Christian-Arab,F,ג'ורג'ט,28
Christian-Arab,F,ג'יאנה,28
Christian-Arab,F,גוליה,28
Christian-Arab,F,גולית,28
Christian-Arab,F,ז'קלין,28
Christian-Arab,F,טניה,28
Christian-Arab,F,לוסין,28
Christian-Arab,F,ליאלי,28
Christian-Arab,F,מריבל,28
Christian-Arab,F,נג'אח,28
Christian-Arab,F,נהאיה,28
Christian-Arab,F,סלוה,28
Christian-Arab,F,ראנייה,28
Christian-Arab,F,אליאנא,27
Christian-Arab,F,אנוור,27
Christian-Arab,F,אסתר,27
Christian-Arab,F,ג'אקלין,27
Christian-Arab,F,הוידה,27
Christian-Arab,F,ודיעה,27
Christian-Arab,F,טרז,27
Christian-Arab,F,כארמן,27
Christian-Arab,F,מארינא,27
Christian-Arab,F,מייסם,27
Christian-Arab,F,מישל,27
Christian-Arab,F,מרתה,27
Christian-Arab,F,קארלה,27
Christian-Arab,F,רבקה,27
Christian-Arab,F,תמר,27
Christian-Arab,F,איזיס,26
Christian-Arab,F,ג'אכלין,26
Christian-Arab,F,כאמלה,26
Christian-Arab,F,מדונה,26
Christian-Arab,F,מתיל,26
Christian-Arab,F,ניל,26
Christian-Arab,F,סאנדרא,26
Christian-Arab,F,פולינה,26
Christian-Arab,F,קלאודיה,26
Christian-Arab,F,רונית,26
Christian-Arab,F,ריניה,26
Christian-Arab,F,תינא,26
Christian-Arab,F,אדריאנה,25
Christian-Arab,F,גאקלין,25
Christian-Arab,F,זקלין,25
Christian-Arab,F,לוריאן,25
Christian-Arab,F,לינוי,25
Christian-Arab,F,מלינה,25
Christian-Arab,F,מריסול,25
Christian-Arab,F,משלין,25
Christian-Arab,F,נגאת,25
Christian-Arab,F,סופיא,25
Christian-Arab,F,עיטאף,25
Christian-Arab,F,עינאיה,25
Christian-Arab,F,קרסטין,25
Christian-Arab,F,שורוק,25
Christian-Arab,F,איזבל,24
Christian-Arab,F,מאריתא,24
Christian-Arab,F,מהה,24
Christian-Arab,F,מריתה,24
Christian-Arab,F,נביהה,24
Christian-Arab,F,נסמה,24
Christian-Arab,F,נרג'ס,24
Christian-Arab,F,סאנדרה,24
Christian-Arab,F,קארמן,24
Christian-Arab,F,ריחאב,24
Christian-Arab,F,רנים,24
Christian-Arab,F,תמרה,24
Christian-Arab,F,אלמאזה,23
Christian-Arab,F,אלנה,23
Christian-Arab,F,אן,23
Christian-Arab,F,אני,23
Christian-Arab,F,ג'ון,23
Christian-Arab,F,גורגינה,23
Christian-Arab,F,גנאן,23
Christian-Arab,F,דאנה,23
Christian-Arab,F,דניאל,23
Christian-Arab,F,הילדא,23
Christian-Arab,F,ורוד,23
Christian-Arab,F,מרגו,23
Christian-Arab,F,נאהי,23
Christian-Arab,F,נהאד,23
Christian-Arab,F,סבאח,23
Christian-Arab,F,קלארה,23
Christian-Arab,F,קמיליה,23
Christian-Arab,F,אוליביה,22
Christian-Arab,F,איבט,22
Christian-Arab,F,איילין,22
Christian-Arab,F,אנטואנת,22
Christian-Arab,F,אסאלה,22
Christian-Arab,F,ג'האן,22
Christian-Arab,F,ג'ולייט,22
Christian-Arab,F,ג'ינא,22
Christian-Arab,F,גקלין,22
Christian-Arab,F,דניס,22
Christian-Arab,F,כריסתינא,22
Christian-Arab,F,כתרינה,22
Christian-Arab,F,לומא,22
Christian-Arab,F,למיה,22
Christian-Arab,F,מתילדה,22
Christian-Arab,F,נטאלי,22
Christian-Arab,F,ניווין,22
Christian-Arab,F,ניראל,22
Christian-Arab,F,סינתיא,22
Christian-Arab,F,עיפאף,22
Christian-Arab,F,רהף,22
Christian-Arab,F,שריהאן,22
Christian-Arab,F,תייא,22
Christian-Arab,F,ברנדית,21
Christian-Arab,F,ג'יאנא,21
Christian-Arab,F,גבריאלה,21
Christian-Arab,F,הונידה,21
Christian-Arab,F,הילין,21
Christian-Arab,F,ויולה,21
Christian-Arab,F,וינוס,21
Christian-Arab,F,וירה,21
Christian-Arab,F,יסמינה,21
Christian-Arab,F,מאריאן,21
Christian-Arab,F,מדלן,21
Christian-Arab,F,מימי,21
Christian-Arab,F,נגלא,21
Christian-Arab,F,נורמא,21
Christian-Arab,F,סוסן,21
Christian-Arab,F,סלווה,21
Christian-Arab,F,קאתיה,21
Christian-Arab,F,קאתרין,21
Christian-Arab,F,קלואי,21
Christian-Arab,F,אמיליה,20
Christian-Arab,F,אנגלינה,20
Christian-Arab,F,ארלית,20
Christian-Arab,F,גויס,20
Christian-Arab,F,ויקי,20
Christian-Arab,F,יאנה,20
Christian-Arab,F,כאוכב,20
Christian-Arab,F,כרולין,20
Christian-Arab,F,כרמלה,20
Christian-Arab,F,למיתא,20
Christian-Arab,F,מאריבל,20
Christian-Arab,F,מארינה,20
Christian-Arab,F,מג'דולין,20
Christian-Arab,F,מורן,20
Christian-Arab,F,מיליא,20
Christian-Arab,F,מיראי,20
Christian-Arab,F,מרגריט,20
Christian-Arab,F,נידא,20
Christian-Arab,F,עדלה,20
Christian-Arab,F,רוזאלין,20
Christian-Arab,F,רוזיית,20
Christian-Arab,F,רות,20
Christian-Arab,F,שועאע,20
Christian-Arab,F,תאניה,20
Christian-Arab,F,אנג'לינא,19
Christian-Arab,F,דומיאנא,19
Christian-Arab,F,וירא,19
Christian-Arab,F,וסאם,19
Christian-Arab,F,זכיה,19
Christian-Arab,F,חיאת,19
Christian-Arab,F,טינה,19
Christian-Arab,F,טריז,19
Christian-Arab,F,לואיזה,19
Christian-Arab,F,מריתא,19
Christian-Arab,F,נזירה,19
Christian-Arab,F,ניהאיה,19
Christian-Arab,F,סנתיא,19
Christian-Arab,F,פאוזיה,19
Christian-Arab,F,פאתינה,19
Christian-Arab,F,קרולינה,19
Christian-Arab,F,ראמא,19
Christian-Arab,F,רג'א,19
Christian-Arab,F,רימונה,19
Christian-Arab,F,איליאנה,18
Christian-Arab,F,אנגלה,18
Christian-Arab,F,אנט,18
Christian-Arab,F,ביסאן,18
Christian-Arab,F,גוליא,18
Christian-Arab,F,גלאדיס,18
Christian-Arab,F,דיאלא,18
Christian-Arab,F,ויוליט,18
Christian-Arab,F,ירין,18
Christian-Arab,F,כלארא,18
Christian-Arab,F,כרסטין,18
Christian-Arab,F,כתרינא,18
Christian-Arab,F,ליאנא,18
Christian-Arab,F,מגדולין,18
Christian-Arab,F,מילאנה,18
Christian-Arab,F,מראל,18
Christian-Arab,F,מרבת,18
Christian-Arab,F,נהלא,18
Christian-Arab,F,סאהר,18
Christian-Arab,F,סילביא,18
Christian-Arab,F,סלביה,18
Christian-Arab,F,פהימה,18
Christian-Arab,F,ראיה,18
Christian-Arab,F,ראשל,18
Christian-Arab,F,תמאר,18
Christian-Arab,F,אדיבה,17
Christian-Arab,F,אודט,17
Christian-Arab,F,אולגא,17
Christian-Arab,F,אליסאר,17
Christian-Arab,F,אנגיל,17
Christian-Arab,F,ג'אדה,17
Christian-Arab,F,ג'יסיקה,17
Christian-Arab,F,גוויל,17
Christian-Arab,F,גולי,17
Christian-Arab,F,גין,17
Christian-Arab,F,גלדיס,17
Christian-Arab,F,גניפר,17
Christian-Arab,F,ויוליית,17
Christian-Arab,F,זוהאד,17
Christian-Arab,F,לוטפיה,17
Christian-Arab,F,לורט,17
Christian-Arab,F,מאיסא,17
Christian-Arab,F,מילאגרוס,17
Christian-Arab,F,מריטה,17
Christian-Arab,F,נג'לה,17
Christian-Arab,F,סאידה,17
Christian-Arab,F,סלינא,17
Christian-Arab,F,קרינה,17
Christian-Arab,F,ראניא,17
Christian-Arab,F,רוידה,17
Christian-Arab,F,רסמיה,17
Christian-Arab,F,איקבאל,16
Christian-Arab,F,אנגל,16
Christian-Arab,F,ג'ורג'יית,16
Christian-Arab,F,גויל,16
Christian-Arab,F,גזאלה,16
Christian-Arab,F,דולין,16
Christian-Arab,F,האניה,16
Christian-Arab,F,הנרייט,16
Christian-Arab,F,זהור,16
Christian-Arab,F,חולוד,16
Christian-Arab,F,יואנה,16
Christian-Arab,F,כריסתינה,16
Christian-Arab,F,מארלא,16
Christian-Arab,F,סאהרה,16
Christian-Arab,F,סאמייה,16
Christian-Arab,F,סונדוס,16
Christian-Arab,F,סיליה,16
Christian-Arab,F,ענאיה,16
Christian-Arab,F,פדוה,16
Christian-Arab,F,קלוד,16
Christian-Arab,F,רמאח,16
Christian-Arab,F,תאניא,16
Christian-Arab,F,תיאה,16
Christian-Arab,F,אדלין,15
Christian-Arab,F,אירינה,15
Christian-Arab,F,אנשראח,15
Christian-Arab,F,בדר,15
Christian-Arab,F,ג'זיל,15
Christian-Arab,F,גוסון,15
Christian-Arab,F,דונה,15
Christian-Arab,F,ולריה,15
Christian-Arab,F,זהיה,15
Christian-Arab,F,זהייה,15
Christian-Arab,F,זויה,15
Christian-Arab,F,יולנדה,15
Christian-Arab,F,כלייר,15
Christian-Arab,F,לאה,15
Christian-Arab,F,לאורה,15
Christian-Arab,F,לוסיה,15
Christian-Arab,F,לי,15
Christian-Arab,F,למיא,15
Christian-Arab,F,מילגרוס,15
Christian-Arab,F,מיליסא,15
Christian-Arab,F,מינא,15
Christian-Arab,F,מיריי,15
Christian-Arab,F,מלודי,15
Christian-Arab,F,נהא,15
Christian-Arab,F,נוהה,15
Christian-Arab,F,נוואל,15
Christian-Arab,F,סוריא,15
Christian-Arab,F,סורייה,15
Christian-Arab,F,סידר,15
Christian-Arab,F,סיסיליה,15
Christian-Arab,F,פרח,15
Christian-Arab,F,קטליה,15
Christian-Arab,F,רובי,15
Christian-Arab,F,רודיינה,15
Christian-Arab,F,רחיל,15
Christian-Arab,F,רשל,15
Christian-Arab,F,שהירה,15
Christian-Arab,F,איזבלה,14
Christian-Arab,F,אילינה,14
Christian-Arab,F,אליזה,14
Christian-Arab,F,אנסטסיה,14
Christian-Arab,F,בהאא,14
Christian-Arab,F,בהיה,14
Christian-Arab,F,ג'ורג'יט,14
Christian-Arab,F,ג'יסיכא,14
Christian-Arab,F,ג'ני,14
Christian-Arab,F,גואן,14
Christian-Arab,F,גוסלין,14
Christian-Arab,F,הילן,14
Christian-Arab,F,הניה,14
Christian-Arab,F,הנריית,14
Christian-Arab,F,וידאד,14
Christian-Arab,F,ולא,14
Christian-Arab,F,וקטוריה,14
Christian-Arab,F,ח'אולה,14
Christian-Arab,F,כאתרינה,14
Christian-Arab,F,כרמל,14
Christian-Arab,F,ליזא,14
Christian-Arab,F,ליליאנה,14
Christian-Arab,F,מגי,14
Christian-Arab,F,מיליסה,14
Christian-Arab,F,מלאני,14
Christian-Arab,F,מרטה,14
Christian-Arab,F,נג'וה,14
Christian-Arab,F,נגאח,14
Christian-Arab,F,נגוא,14
Christian-Arab,F,נדימה,14
Christian-Arab,F,נואר,14
Christian-Arab,F,נוין,14
Christian-Arab,F,סהיר,14
Christian-Arab,F,פאדיא,14
Christian-Arab,F,קינדה,14
Christian-Arab,F,קלארא,14
Christian-Arab,F,קלייר,14
Christian-Arab,F,קרסטינה,14
Christian-Arab,F,רג'אא,14
Christian-Arab,F,תיריזא,14
Christian-Arab,F,איה,13
Christian-Arab,F,איוה,13
Christian-Arab,F,איליאן,13
Christian-Arab,F,אלינה,13
Christian-Arab,F,אמר,13
Christian-Arab,F,אנג'ליקה,13
Christian-Arab,F,אנטונלה,13
Christian-Arab,F,אנייס,13
Christian-Arab,F,ברברה,13
Christian-Arab,F,ברנדט,13
Christian-Arab,F,ג'אן,13
Christian-Arab,F,ג'אנט,13
Christian-Arab,F,גוליית,13
Christian-Arab,F,גיזל,13
Christian-Arab,F,גראם,13
Christian-Arab,F,ויולא,13
Christian-Arab,F,ולאא,13
Christian-Arab,F,יולה,13
Christian-Arab,F,יוליה,13
Christian-Arab,F,כארין,13
Christian-Arab,F,כלודין,13
Christian-Arab,F,מאס,13
Christian-Arab,F,מג'ד,13
Christian-Arab,F,מוזיין,13
Christian-Arab,F,מייסה,13
Christian-Arab,F,מילינה,13
Christian-Arab,F,מיסאן,13
Christian-Arab,F,מרטינה,13
Christian-Arab,F,מרסייל,13
Christian-Arab,F,סוסאן,13
Christian-Arab,F,סיבא,13
Christian-Arab,F,סיון,13
Christian-Arab,F,פטריסיה,13
Christian-Arab,F,קאתיא,13
Christian-Arab,F,קריסטל,13
Christian-Arab,F,ראדיה,13
Christian-Arab,F,ראנדה,13
Christian-Arab,F,רואה,13
Christian-Arab,F,רוג'ינה,13
Christian-Arab,F,רוזט,13
Christian-Arab,F,רונה,13
Christian-Arab,F,רותי,13
Christian-Arab,F,ריאנה,13
Christian-Arab,F,רשיל,13
Christian-Arab,F,שהנאז,13
Christian-Arab,F,אינסאף,12
Christian-Arab,F,אליזבית,12
Christian-Arab,F,אליסא,12
Christian-Arab,F,אלסי,12
Christian-Arab,F,אמאנדא,12
Christian-Arab,F,אנאבלה,12
Christian-Arab,F,אנאהיד,12
Christian-Arab,F,ג'וד,12
Christian-Arab,F,ג'ומנה,12
Christian-Arab,F,ג'ידא,12
Christian-Arab,F,ג'יהאד,12
Christian-Arab,F,ג'ין,12
Christian-Arab,F,ג'סי,12
Christian-Arab,F,גאכלין,12
Christian-Arab,F,גואנא,12
Christian-Arab,F,דניז,12
Christian-Arab,F,זאדה,12
Christian-Arab,F,טרזה,12
Christian-Arab,F,כאותר,12
Christian-Arab,F,כרסתינא,12
Christian-Arab,F,לאמאר,12
Christian-Arab,F,ליין,12
Christian-Arab,F,לריסה,12
Christian-Arab,F,מאגי,12
Christian-Arab,F,מוראן,12
Christian-Arab,F,מיאל,12
Christian-Arab,F,מיליה,12
Christian-Arab,F,מילנה,12
Christian-Arab,F,מריאל,12
Christian-Arab,F,מרנא,12
Christian-Arab,F,ניסאן,12
Christian-Arab,F,סאמא,12
Christian-Arab,F,סינטיה,12
Christian-Arab,F,פאולה,12
Christian-Arab,F,פילאר,12
Christian-Arab,F,קארלא,12
Christian-Arab,F,קוראל,12
Christian-Arab,F,קורין,12
Christian-Arab,F,קיטי,12
Christian-Arab,F,קיתי,12
Christian-Arab,F,רגא,12
Christian-Arab,F,רוזלינדה,12
Christian-Arab,F,רמזיה,12
Christian-Arab,F,רפקה,12
Christian-Arab,F,שאנל,12
Christian-Arab,F,תתיאנה,12
Christian-Arab,F,אגנס,11
Christian-Arab,F,אומיה,11
Christian-Arab,F,אוריאן,11
Christian-Arab,F,איבלין,11
Christian-Arab,F,איזאבל,11
Christian-Arab,F,אילינא,11
Christian-Arab,F,אניטה,11
Christian-Arab,F,ג'ניט,11
Christian-Arab,F,ג'סלין,11
Christian-Arab,F,גוליאנא,11
Christian-Arab,F,גולייט,11
Christian-Arab,F,גורגיט,11
Christian-Arab,F,גנט,11
Christian-Arab,F,דעד,11
Christian-Arab,F,האדיה,11
Christian-Arab,F,הייפא,11
Christian-Arab,F,הילנה,11
Christian-Arab,F,הלין,11
Christian-Arab,F,ויסאל,11
Christian-Arab,F,ז'נט,11
Christian-Arab,F,זהרה,11
Christian-Arab,F,זיינה,11
Christian-Arab,F,ח'יתאם,11
Christian-Arab,F,חתאם,11
Christian-Arab,F,כאתרינא,11
Christian-Arab,F,כפא,11
Christian-Arab,F,כרימה,11
Christian-Arab,F,כרין,11
Christian-Arab,F,לוזיאן,11
Christian-Arab,F,לוריאנה,11
Christian-Arab,F,לורנה,11
Christian-Arab,F,ליסה,11
Christian-Arab,F,מונאיה,11
Christian-Arab,F,מילאן,11
Christian-Arab,F,מירייל,11
Christian-Arab,F,נג'וד,11
Christian-Arab,F,נג'יבה,11
Christian-Arab,F,נוראל,11
Christian-Arab,F,נידאא,11
Christian-Arab,F,ניפין,11
Christian-Arab,F,סיידה,11
Christian-Arab,F,סילה,11
Christian-Arab,F,סיליא,11
Christian-Arab,F,סיסיל,11
Christian-Arab,F,עזיזה,11
Christian-Arab,F,ענאן,11
Christian-Arab,F,פסקל,11
Christian-Arab,F,קלימנס,11
Christian-Arab,F,קריסתינה,11
Christian-Arab,F,רומי,11
Christian-Arab,F,רימי,11
Christian-Arab,F,תיריזה,11
Christian-Arab,F,אוריאנה,10
Christian-Arab,F,איווה,10
Christian-Arab,F,אימי,10
Christian-Arab,F,איריס,10
Christian-Arab,F,אמנדא,10
Christian-Arab,F,אנתסאר,10
Christian-Arab,F,ארלט,10
Christian-Arab,F,באנה,10
Christian-Arab,F,ביכה,10
Christian-Arab,F,גהאן,10
Christian-Arab,F,גואל,10
Christian-Arab,F,גומאנא,10
Christian-Arab,F,דולי,10
Christian-Arab,F,דורה,10
Christian-Arab,F,וולאא,10
Christian-Arab,F,ויקטוריא,10
Christian-Arab,F,וניס,10
Christian-Arab,F,ח'זנה,10
Christian-Arab,F,כלימאנס,10
Christian-Arab,F,לורינא,10
Christian-Arab,F,לורינה,10
Christian-Arab,F,לייא,10
Christian-Arab,F,מאדלין,10
Christian-Arab,F,מארגו,10
Christian-Arab,F,מארסיל,10
Christian-Arab,F,מילינא,10
Christian-Arab,F,מנא,10
Christian-Arab,F,מריל,10
Christian-Arab,F,מרין,10
Christian-Arab,F,מרינא,10
Christian-Arab,F,נאהיה,10
Christian-Arab,F,נאזכ,10
Christian-Arab,F,נורמאן,10
Christian-Arab,F,נזלה,10
Christian-Arab,F,ניבא,10
Christian-Arab,F,ניג'מה,10
Christian-Arab,F,נינא,10
Christian-Arab,F,נעמה,10
Christian-Arab,F,נתאליא,10
Christian-Arab,F,סטפאני,10
Christian-Arab,F,סיסיליא,10
Christian-Arab,F,ססיליה,10
Christian-Arab,F,פאני,10
Christian-Arab,F,פדואה,10
Christian-Arab,F,פוליאנה,10
Christian-Arab,F,פיבי,10
Christian-Arab,F,קרסתין,10
Christian-Arab,F,ראועה,10
Christian-Arab,F,רודין,10
Christian-Arab,F,רימאס,10
Christian-Arab,F,רפיה,10
Christian-Arab,F,תימאא,10
Christian-Arab,F,אדלה,9
Christian-Arab,F,איב,9
Christian-Arab,F,איבה,9
Christian-Arab,F,איבת,9
Christian-Arab,F,איווט,9
Christian-Arab,F,איזאביל,9
Christian-Arab,F,אייסל,9
Christian-Arab,F,אמלי,9
Christian-Arab,F,אנס,9
Christian-Arab,F,אקבאל,9
Christian-Arab,F,ארפינה,9
Christian-Arab,F,ברבארה,9
Christian-Arab,F,ג'וליט,9
Christian-Arab,F,ג'ינאן,9
Christian-Arab,F,ג'סיקא,9
Christian-Arab,F,גוהינה,9
Christian-Arab,F,גוליאן,9
Christian-Arab,F,גיאנא,9
Christian-Arab,F,גלילה,9
Christian-Arab,F,דומיאנה,9
Christian-Arab,F,דוניס,9
Christian-Arab,F,דיאן,9
Christian-Arab,F,וודאד,9
Christian-Arab,F,וידא,9
Christian-Arab,F,וידיאן,9
Christian-Arab,F,וירוניקה,9
Christian-Arab,F,זאדת,9
Christian-Arab,F,זינא,9
Christian-Arab,F,חלוה,9
Christian-Arab,F,יאנא,9
Christian-Arab,F,כיאן,9
Christian-Arab,F,לודי,9
Christian-Arab,F,לויזה,9
Christian-Arab,F,לוריט,9
Christian-Arab,F,למיתה,9
Christian-Arab,F,מארלה,9
Christian-Arab,F,מוזין,9
Christian-Arab,F,מוניה,9
Christian-Arab,F,מיסלון,9
Christian-Arab,F,מיראן,9
Christian-Arab,F,מירנדה,9
Christian-Arab,F,מירפת,9
Christian-Arab,F,מלבינה,9
Christian-Arab,F,מרגרט,9
Christian-Arab,F,מרלה,9
Christian-Arab,F,מתילדא,9
Christian-Arab,F,נאהידה,9
Christian-Arab,F,נג'לאא,9
Christian-Arab,F,נוהילה,9
Christian-Arab,F,נוי,9
Christian-Arab,F,ניהאל,9
Christian-Arab,F,ניללי,9
Christian-Arab,F,נרין,9
Christian-Arab,F,סטלה,9
Christian-Arab,F,סידרא,9
Christian-Arab,F,סילבי,9
Christian-Arab,F,סלווא,9
Christian-Arab,F,סלי,9
Christian-Arab,F,סמייה,9
Christian-Arab,F,סנטיה,9
Christian-Arab,F,ססיל,9
Christian-Arab,F,סרינה,9
Christian-Arab,F,עאדלה,9
Christian-Arab,F,קאטיה,9
Christian-Arab,F,קרואן,9
Christian-Arab,F,ראשיל,9
Christian-Arab,F,רואנד,9
Christian-Arab,F,רוזא,9
Christian-Arab,F,רוזליה,9
Christian-Arab,F,שיראל,9
Christian-Arab,F,תריזא,9
Christian-Arab,F,אורלי,8
Christian-Arab,F,אזהאר,8
Christian-Arab,F,איזדהאר,8
Christian-Arab,F,איירין,8
Christian-Arab,F,אלונדרה,8
Christian-Arab,F,אליזאבת,8
Christian-Arab,F,אמי,8
Christian-Arab,F,אנג'ילה,8
Christian-Arab,F,אנגי,8
Christian-Arab,F,אנטואניית,8
Christian-Arab,F,אננה,8
Christian-Arab,F,אפרודית,8
Christian-Arab,F,ארדא,8
Christian-Arab,F,בוסינה,8
Christian-Arab,F,בסימה,8
Christian-Arab,F,בראאה,8
Christian-Arab,F,ברטה,8
Christian-Arab,F,בריג'ית,8
Christian-Arab,F,ברנאדית,8
Christian-Arab,F,ג'אנא,8
Christian-Arab,F,ג'דיר,8
Christian-Arab,F,ג'וניל,8
Christian-Arab,F,ג'יסיקא,8
Christian-Arab,F,ג'נה,8
Christian-Arab,F,גאן,8
Christian-Arab,F,גוייל,8
Christian-Arab,F,גונא,8
Christian-Arab,F,דלע,8
Christian-Arab,F,הילה,8
Christian-Arab,F,הלנה,8
Christian-Arab,F,וויולית,8
Christian-Arab,F,ורד,8
Christian-Arab,F,זכייה,8
Christian-Arab,F,חאולה,8
Christian-Arab,F,חילוה,8
Christian-Arab,F,טאלין,8
Christian-Arab,F,טולין,8
Christian-Arab,F,טיה,8
Christian-Arab,F,כאוסר,8
Christian-Arab,F,כאתיה,8
Christian-Arab,F,כלימנס,8
Christian-Arab,F,כרול,8
Christian-Arab,F,כרמילה,8
Christian-Arab,F,לאמיתא,8
Christian-Arab,F,לוסיאנא,8
Christian-Arab,F,לוריית,8
Christian-Arab,F,לייה,8
Christian-Arab,F,ליילה,8
Christian-Arab,F,לימאר,8
Christian-Arab,F,מאהא,8
Christian-Arab,F,מג'דלין,8
Christian-Arab,F,מיכאלה,8
Christian-Arab,F,מילאני,8
Christian-Arab,F,נארין,8
Christian-Arab,F,נדאא,8
Christian-Arab,F,נדה,8
Christian-Arab,F,נוראן,8
Christian-Arab,F,נורית,8
Christian-Arab,F,ניגמה,8
Christian-Arab,F,ניסמה,8
Christian-Arab,F,ניעמה,8
Christian-Arab,F,סאמרה,8
Christian-Arab,F,סבטלנה,8
Christian-Arab,F,סגא,8
Christian-Arab,F,סולאפה,8
Christian-Arab,F,סילויה,8
Christian-Arab,F,סינדי,8
Christian-Arab,F,סנדרא,8
Christian-Arab,F,סרוה,8
Christian-Arab,F,סרינא,8
Christian-Arab,F,פיירוז,8
Christian-Arab,F,פיפי,8
Christian-Arab,F,קים,8
Christian-Arab,F,קלר,8
Christian-Arab,F,ראמה,8
Christian-Arab,F,ראמיה,8
Christian-Arab,F,רוג'ינא,8
Christian-Arab,F,רודי,8
Christian-Arab,F,רווידה,8
Christian-Arab,F,רחל,8
Christian-Arab,F,ריא,8
Christian-Arab,F,רנאא,8
Christian-Arab,F,רשידה,8
Christian-Arab,F,תהאני,8
Christian-Arab,F,תינה,8
Christian-Arab,F,תתיאנא,8
Christian-Arab,F,איביית,7
Christian-Arab,F,איווית,7
Christian-Arab,F,איוית,7
Christian-Arab,F,איליין,7
Christian-Arab,F,אכלאס,7
Christian-Arab,F,אלוירה,7
Christian-Arab,F,אלזה,7
Christian-Arab,F,אמליה,7
Christian-Arab,F,אנאבל,7
Christian-Arab,F,אנגלינא,7
Christian-Arab,F,אנדריאה,7
Christian-Arab,F,אנוש,7
Christian-Arab,F,ארדה,7
Christian-Arab,F,אריאנה,7
Christian-Arab,F,אתאר,7
Christian-Arab,F,בטי,7
Christian-Arab,F,ביילסאן,7
Christian-Arab,F,בלסם,7
Christian-Arab,F,ברנאדיית,7
Christian-Arab,F,ברנדיט,7
Christian-Arab,F,ג'אנה,7
Christian-Arab,F,ג'וזיאן,7
Christian-Arab,F,ג'יני,7
Christian-Arab,F,גבריאל,7
Christian-Arab,F,גורגט,7
Christian-Arab,F,גורגינא,7
Christian-Arab,F,גיאנה,7
Christian-Arab,F,גמאנה,7
Christian-Arab,F,גנוה,7
Christian-Arab,F,גניט,7
Christian-Arab,F,גנית,7
Christian-Arab,F,גסון,7
Christian-Arab,F,גסיקא,7
Christian-Arab,F,גסלין,7
Christian-Arab,F,דאלין,7
Christian-Arab,F,דוניז,7
Christian-Arab,F,דלידה,7
Christian-Arab,F,היידי,7
Christian-Arab,F,הנאדה,7
Christian-Arab,F,ואלרי,7
Christian-Arab,F,ווירא,7
Christian-Arab,F,וורוד,7
Christian-Arab,F,ולרי,7
Christian-Arab,F,זוהא,7
Christian-Arab,F,זריפה,7
Christian-Arab,F,ח'לוד,7
Christian-Arab,F,חזנה,7
Christian-Arab,F,חנא,7
Christian-Arab,F,טיא,7
Christian-Arab,F,יארין,7
Christian-Arab,F,יוליאנה,7
Christian-Arab,F,יוסתינה,7
Christian-Arab,F,כארלא,7
Christian-Arab,F,כלודית,7
Christian-Arab,F,כריסטל,7
Christian-Arab,F,כרסטינה,7
Christian-Arab,F,לוסיאן,7
Christian-Arab,F,לוריין,7
Christian-Arab,F,מאריתה,7
Christian-Arab,F,מוריאל,7
Christian-Arab,F,מייאר,7
Christian-Arab,F,מייסאא,7
Christian-Arab,F,מיכל,7
Christian-Arab,F,מינה,7
Christian-Arab,F,מירב,7
Christian-Arab,F,מירון,7
Christian-Arab,F,מיריאם,7
Christian-Arab,F,מירלה,7
Christian-Arab,F,מישיל,7
Christian-Arab,F,מרוואת,7
Christian-Arab,F,מרימאר,7
Christian-Arab,F,מרליין,7
Christian-Arab,F,נגלה,7
Christian-Arab,F,נגמה,7
Christian-Arab,F,נהילה,7
Christian-Arab,F,נורין,7
Christian-Arab,F,נזהה,7
Christian-Arab,F,ניהאד,7
Christian-Arab,F,ניעמאת,7
Christian-Arab,F,נסימה,7
Christian-Arab,F,סבין,7
Christian-Arab,F,סברינה,7
Christian-Arab,F,סוהר,7
Christian-Arab,F,סווסן,7
Christian-Arab,F,סוזנה,7
Christian-Arab,F,סטיפאני,7
Christian-Arab,F,סילבנה,7
Christian-Arab,F,סימונה,7
Christian-Arab,F,סמנתה,7
Christian-Arab,F,עאיידה,7
Christian-Arab,F,עידה,7
Christian-Arab,F,עליזה,7
Christian-Arab,F,פאולינה,7
Christian-Arab,F,פאיקה,7
Christian-Arab,F,פמלה,7
Christian-Arab,F,קארינה,7
Christian-Arab,F,קולין,7
Christian-Arab,F,קלודית,7
Christian-Arab,F,קסנדרה,7
Christian-Arab,F,קרמן,7
Christian-Arab,F,קרן,7
Christian-Arab,F,רגינה,7
Christian-Arab,F,רוגינה,7
Christian-Arab,F,רוזאנה,7
Christian-Arab,F,רוזי,7
Christian-Arab,F,רוזיט,7
Christian-Arab,F,רונא,7
Christian-Arab,F,שונטל,7
Christian-Arab,F,שרון,7
Christian-Arab,F,תוג'אן,7
Christian-Arab,F,אודיט,6
Christian-Arab,F,אודת,6
Christian-Arab,F,אזיס,6
Christian-Arab,F,אזניב,6
Christian-Arab,F,אזניף,6
Christian-Arab,F,אידה,6
Christian-Arab,F,איוון,6
Christian-Arab,F,איוות,6
Christian-Arab,F,איזביל,6
Christian-Arab,F,אינתסאר,6
Christian-Arab,F,אכראם,6
Christian-Arab,F,אלינא,6
Christian-Arab,F,אליקי,6
Christian-Arab,F,אלסה,6
Christian-Arab,F,אמאליה,6
Christian-Arab,F,אמור,6
Christian-Arab,F,אנג'לא,6
Christian-Arab,F,אנולה,6
Christian-Arab,F,אנטואניט,6
Christian-Arab,F,אנית,6
Christian-Arab,F,אניתא,6
Christian-Arab,F,אנסאף,6
Christian-Arab,F,ארזה,6
Christian-Arab,F,ארין,6
Christian-Arab,F,ארליית,6
Christian-Arab,F,אשתיאק,6
Christian-Arab,F,בהג'ה,6
Christian-Arab,F,בהייה,6
Christian-Arab,F,בולין,6
Christian-Arab,F,בלה,6
Christian-Arab,F,בנאן,6
Christian-Arab,F,בקי,6
Christian-Arab,F,בריג'יט,6
Christian-Arab,F,ג'ואיל,6
Christian-Arab,F,ג'והיינה,6
Christian-Arab,F,ג'ורג'ת,6
Christian-Arab,F,ג'ינה,6
Christian-Arab,F,ג'לילה,6
Christian-Arab,F,ג'מאנה,6
Christian-Arab,F,ג'נין,6
Christian-Arab,F,גלינה,6
Christian-Arab,F,דויא,6
Christian-Arab,F,דומיה,6
Christian-Arab,F,דורס,6
Christian-Arab,F,דימיאנה,6
Christian-Arab,F,דלילה,6
Christian-Arab,F,דנא,6
Christian-Arab,F,דריה,6
Christian-Arab,F,האידי,6
Christian-Arab,F,הואידה,6
Christian-Arab,F,ואפא,6
Christian-Arab,F,ויאם,6
Christian-Arab,F,ויכתוריא,6
Christian-Arab,F,זוהירה,6
Christian-Arab,F,זויא,6
Christian-Arab,F,ח'תאם,6
Christian-Arab,F,טלין,6
Christian-Arab,F,טרוב,6
Christian-Arab,F,יאסמינה,6
Christian-Arab,F,יוסתינא,6
Christian-Arab,F,כריסטיאנה,6
Christian-Arab,F,לאריסה,6
Christian-Arab,F,לוג'ין,6
Christian-Arab,F,לוסיא,6
Christian-Arab,F,לוסיל,6
Christian-Arab,F,לורדיס,6
Christian-Arab,F,לימא,6
Christian-Arab,F,לינל,6
Christian-Arab,F,ליסא,6
Christian-Arab,F,לרה,6
Christian-Arab,F,מאייס,6
Christian-Arab,F,מאיסון,6
Christian-Arab,F,מאריאנה,6
Christian-Arab,F,מועזז,6
Christian-Arab,F,מטילדה,6
Christian-Arab,F,מייסלון,6
Christian-Arab,F,מלק,6
Christian-Arab,F,מרולה,6
Christian-Arab,F,מריאם,6
Christian-Arab,F,מרייה,6
Christian-Arab,F,מרלא,6
Christian-Arab,F,נאירי,6
Christian-Arab,F,נגואה,6
Christian-Arab,F,נויה,6
Christian-Arab,F,נידאל,6
Christian-Arab,F,נרג'יס,6
Christian-Arab,F,נתאל,6
Christian-Arab,F,סהא,6
Christian-Arab,F,סהארה,6
Christian-Arab,F,סונייה,6
Christian-Arab,F,סוריה,6
Christian-Arab,F,סיא,6
Christian-Arab,F,סיאלו,6
Christian-Arab,F,סיה,6
Christian-Arab,F,סיינה,6
Christian-Arab,F,סילבה,6
Christian-Arab,F,סלאמה,6
Christian-Arab,F,סלביא,6
Christian-Arab,F,סנתיה,6
Christian-Arab,F,סעאד,6
Christian-Arab,F,סעידה,6
Christian-Arab,F,סתילה,6
Christian-Arab,F,עדלא,6
Christian-Arab,F,פאמלה,6
Christian-Arab,F,פדיה,6
Christian-Arab,F,פולה,6
Christian-Arab,F,פולינא,6
Christian-Arab,F,פירלה,6
Christian-Arab,F,פסקאל,6
Christian-Arab,F,פרנסיסקה,6
Christian-Arab,F,קאילה,6
Christian-Arab,F,קטלינה,6
Christian-Arab,F,קייטי,6
Christian-Arab,F,קנאר,6
Christian-Arab,F,קריסתין,6
Christian-Arab,F,ראדה,6
Christian-Arab,F,ראואן,6
Christian-Arab,F,ראוויה,6
Christian-Arab,F,ראיפה,6
Christian-Arab,F,רג'דה,6
Christian-Arab,F,רג'ינה,6
Christian-Arab,F,רובינה,6
Christian-Arab,F,רודה,6
Christian-Arab,F,רומיה,6
Christian-Arab,F,רונדה,6
Christian-Arab,F,רושאן,6
Christian-Arab,F,ריזאן,6
Christian-Arab,F,רתיבה,6
Christian-Arab,F,שיפא,6
Christian-Arab,F,תרייז,6
Christian-Arab,F,תרנים,6
Christian-Arab,F,אביגיל,5
Christian-Arab,F,אדריאן,5
Christian-Arab,F,אוג'יני,5
Christian-Arab,F,אודליה,5
Christian-Arab,F,אוולין,5
Christian-Arab,F,אוראל,5
Christian-Arab,F,אורסלה,5
Christian-Arab,F,איבתהאג',5
Christian-Arab,F,אילאנא,5
Christian-Arab,F,אימילי,5
Christian-Arab,F,איפא,5
Christian-Arab,F,איריני,5
Christian-Arab,F,אלורה,5
Christian-Arab,F,אליז,5
Christian-Arab,F,אליזאבית,5
Christian-Arab,F,אלס,5
Christian-Arab,F,אמאן,5
Christian-Arab,F,אמאנה,5
Christian-Arab,F,אמיליא,5
Christian-Arab,F,אמתיאז,5
Christian-Arab,F,אנאליה,5
Christian-Arab,F,אנבל,5
Christian-Arab,F,אנדראה,5
Christian-Arab,F,אנטונית,5
Christian-Arab,F,אסין,5
Christian-Arab,F,אריז,5
Christian-Arab,F,אשלי,5
Christian-Arab,F,אתינא,5
Christian-Arab,F,ברג'יט,5
Christian-Arab,F,ברג'ית,5
Christian-Arab,F,ברדיס,5
Christian-Arab,F,בריגיט,5
Christian-Arab,F,ברנאדט,5
Christian-Arab,F,ג'ודי,5
Christian-Arab,F,ג'וואל,5
Christian-Arab,F,ג'וליאן,5
Christian-Arab,F,ג'וניר,5
Christian-Arab,F,ג'יזייל,5
Christian-Arab,F,ג'כלין,5
Christian-Arab,F,ג'נוה,5
Christian-Arab,F,ג'נפיאף,5
Christian-Arab,F,גאזל,5
Christian-Arab,F,גאניית,5
Christian-Arab,F,גוד,5
Christian-Arab,F,גורי,5
Christian-Arab,F,גיזיל,5
Christian-Arab,F,גלאדס,5
Christian-Arab,F,גלוריא,5
Christian-Arab,F,גרס,5
Christian-Arab,F,דבורה,5
Christian-Arab,F,דיבה,5
Christian-Arab,F,דספינה,5
Christian-Arab,F,הויידה,5
Christian-Arab,F,הלדה,5
Christian-Arab,F,והיבה,5
Christian-Arab,F,וופאא,5
Christian-Arab,F,וסילה,5
Christian-Arab,F,ועד,5
Christian-Arab,F,ופיקה,5
Christian-Arab,F,זוהיר,5
Christian-Arab,F,חאנין,5
Christian-Arab,F,חיתאם,5
Christian-Arab,F,חלוד,5
Christian-Arab,F,חני,5
Christian-Arab,F,חנינה,5
Christian-Arab,F,חנן,5
Christian-Arab,F,חסיבה,5
Christian-Arab,F,חפיזה,5
Christian-Arab,F,יולינה,5
Christian-Arab,F,יומנא,5
Christian-Arab,F,יוסטינה,5
Christian-Arab,F,ילנה,5
Christian-Arab,F,יפה,5
Christian-Arab,F,יקטרינה,5
Christian-Arab,F,כוכב,5
Christian-Arab,F,כיפאח,5
Christian-Arab,F,כרואן,5
Christian-Arab,F,לאורא,5
Christian-Arab,F,לואיס,5
Christian-Arab,F,לוויזה,5
Christian-Arab,F,לוזאן,5
Christian-Arab,F,לורל,5
Christian-Arab,F,לורנא,5
Christian-Arab,F,ליז,5
Christian-Arab,F,לילאן,5
Christian-Arab,F,ליליא,5
Christian-Arab,F,לליאן,5
Christian-Arab,F,מאדונה,5
Christian-Arab,F,מאידה,5
Christian-Arab,F,מארין,5
Christian-Arab,F,מאריסא,5
Christian-Arab,F,מארלי,5
Christian-Arab,F,מג'ידה,5
Christian-Arab,F,מגדלין,5
Christian-Arab,F,מגדלינה,5
Christian-Arab,F,מוהיבה,5
Christian-Arab,F,מויסר,5
Christian-Arab,F,מיא,5
Christian-Arab,F,מיאן,5
Christian-Arab,F,מילאנא,5
Christian-Arab,F,מיליס,5
Christian-Arab,F,מיסאנה,5
Christian-Arab,F,מירולה,5
Christian-Arab,F,מירית,5
Christian-Arab,F,מלין,5
Christian-Arab,F,מליסא,5
Christian-Arab,F,מנואלה,5
Christian-Arab,F,מרגריטה,5
Christian-Arab,F,מרואת,5
Christian-Arab,F,מריסה,5
Christian-Arab,F,מרתינא,5
Christian-Arab,F,מרתינה,5
Christian-Arab,F,נאזק,5
Christian-Arab,F,נאירוז,5
Christian-Arab,F,נאנא,5
Christian-Arab,F,נאתלי,5
Christian-Arab,F,נביהא,5
Christian-Arab,F,נג'ואה,5
Christian-Arab,F,נהאל,5
Christian-Arab,F,נווין,5
Christian-Arab,F,נוזהה,5
Christian-Arab,F,נולין,5
Christian-Arab,F,נורהאן,5
Christian-Arab,F,נזר,5
Christian-Arab,F,ניירה,5
Christian-Arab,F,נירמין,5
Christian-Arab,F,נעמאת,5
Christian-Arab,F,סבא,5
Christian-Arab,F,סובחיה,5
Christian-Arab,F,סונא,5
Christian-Arab,F,סוסי,5
Christian-Arab,F,סיוואר,5
Christian-Arab,F,סימון,5
Christian-Arab,F,סירינה,5
Christian-Arab,F,סמדר,5
Christian-Arab,F,עאודה,5
Christian-Arab,F,ענת,5
Christian-Arab,F,פדה,5
Christian-Arab,F,פוטין,5
Christian-Arab,F,פוליאנא,5
Christian-Arab,F,פותיני,5
Christian-Arab,F,פיולית,5
Christian-Arab,F,פירלא,5
Christian-Arab,F,פרידא,5
Christian-Arab,F,פריזה,5
Christian-Arab,F,פתנה,5
Christian-Arab,F,קאתרינא,5
Christian-Arab,F,קאתרינה,5
Christian-Arab,F,קטלין,5
Christian-Arab,F,קינדא,5
Christian-Arab,F,קלודט,5
Christian-Arab,F,קריסטינא,5
Christian-Arab,F,קריסתינא,5
Christian-Arab,F,ראופה,5
Christian-Arab,F,ראחיל,5
Christian-Arab,F,ראיא,5
Christian-Arab,F,ראיקה,5
Christian-Arab,F,רגאא,5
Christian-Arab,F,רובינא,5
Christian-Arab,F,רודינא,5
Christian-Arab,F,רוזמרי,5
Christian-Arab,F,רוזן,5
Christian-Arab,F,רוזנה,5
Christian-Arab,F,רוניה,5
Christian-Arab,F,רוקסנה,5
Christian-Arab,F,ריאן,5
Christian-Arab,F,ריהאן,5
Christian-Arab,F,רימאן,5
Christian-Arab,F,רינאל,5
Christian-Arab,F,שאדיא,5
Christian-Arab,F,שירי,5
Christian-Arab,F,שנטל,5
Christian-Arab,F,שרלין,5
Christian-Arab,F,תאמי,5
Christian-Arab,F,תג'ריד,5
Christian-Arab,M,אליאס,2795
Christian-Arab,M,יוסף,1786
Christian-Arab,M,ג'ורג',1528
Christian-Arab,M,פאדי,1406
Christian-Arab,M,אמיר,1260
Christian-Arab,M,חנא,1127
Christian-Arab,M,שרבל,901
Christian-Arab,M,ראמי,854
Christian-Arab,M,שאדי,846
Christian-Arab,M,אבראהים,812
Christian-Arab,M,ג'יריס,806
Christian-Arab,M,מג'ד,769
Christian-Arab,M,סמיר,734
Christian-Arab,M,בשארה,732
Christian-Arab,M,נביל,682
Christian-Arab,M,עיסא,679
Christian-Arab,M,סמר,632
Christian-Arab,M,וסים,616
Christian-Arab,M,סאמי,602
Christian-Arab,M,סלים,591
Christian-Arab,M,וסאם,552
Christian-Arab,M,'ג'ורג',545
Christian-Arab,M,באסם,545
Christian-Arab,M,ג'וזף,520
Christian-Arab,M,האני,506
Christian-Arab,M,פואד,484
Christian-Arab,M,רביע,484
Christian-Arab,M,ח'ליל,475
Christian-Arab,M,עימאד,473
Christian-Arab,M,באסל,460
Christian-Arab,M,טוני,435
Christian-Arab,M,איהאב,425
Christian-Arab,M,מארון,423
Christian-Arab,M,ג'וד,410
Christian-Arab,M,אמיל,407
Christian-Arab,M,ג'מיל,406
Christian-Arab,M,עלאא,406
Christian-Arab,M,מרואן,403
Christian-Arab,M,אנטון,402
Christian-Arab,M,יעקוב,396
Christian-Arab,M,חביב,386
Christian-Arab,M,עיסאם,381
Christian-Arab,M,נאדר,371
Christian-Arab,M,מישיל,365
Christian-Arab,M,פארס,362
Christian-Arab,M,ג'וני,360
Christian-Arab,M,ג'וליאן,353
Christian-Arab,M,מוניר,353
Christian-Arab,M,מישל,343
Christian-Arab,M,ניזאר,340
Christian-Arab,M,רוני,337
Christian-Arab,M,גסאן,335
Christian-Arab,M,פיראס,331
Christian-Arab,M,מאהר,330
Christian-Arab,M,נסים,325
Christian-Arab,M,סארי,316
Christian-Arab,M,תאופיק,314
Christian-Arab,M,רמזי,312
Christian-Arab,M,אוסאמה,305
Christian-Arab,M,רימון,304
Christian-Arab,M,סוהיל,300
Christian-Arab,M,אדם,299
Christian-Arab,M,מוסא,297
Christian-Arab,M,איליא,295
Christian-Arab,M,כמאל,295
Christian-Arab,M,בוטרוס,293
Christian-Arab,M,חוסאם,293
Christian-Arab,M,אילי,289
Christian-Arab,M,בולוס,289
Christian-Arab,M,ורד,287
Christian-Arab,M,לואי,286
Christian-Arab,M,פייר,286
Christian-Arab,M,פריד,282
Christian-Arab,M,סעיד,278
Christian-Arab,M,וליד,275
Christian-Arab,M,מילאד,275
Christian-Arab,M,ויליאם,273
Christian-Arab,M,תאמר,273
Christian-Arab,M,נור,272
Christian-Arab,M,ויקטור,271
Christian-Arab,M,דניאל,269
Christian-Arab,M,ג'אן,268
Christian-Arab,M,כמיל,266
Christian-Arab,M,סולימאן,265
Christian-Arab,M,ענאן,263
Christian-Arab,M,פיטר,261
Christian-Arab,M,אימאן,260
Christian-Arab,M,ראני,257
Christian-Arab,M,ג'ון,252
Christian-Arab,M,ראיד,249
Christian-Arab,M,כריסטיאן,247
Christian-Arab,M,ודיע,244
Christian-Arab,M,ג'מאל,238
Christian-Arab,M,עאמר,236
Christian-Arab,M,אלי,234
Christian-Arab,M,סימון,234
Christian-Arab,M,זאהי,233
Christian-Arab,M,עאדל,231
Christian-Arab,M,סוהייל,229
Christian-Arab,M,טארק,228
Christian-Arab,M,מרק,228
Christian-Arab,M,פרנסיס,228
Christian-Arab,M,אסעד,226
Christian-Arab,M,ואיל,224
Christian-Arab,M,סאהר,222
Christian-Arab,M,נעים,220
Christian-Arab,M,מייקל,219
Christian-Arab,M,מוראד,215
Christian-Arab,M,דאוד,213
Christian-Arab,M,ריאד,207
Christian-Arab,M,אדוארד,205
Christian-Arab,M,ניקולא,204
Christian-Arab,M,נאסר,203
Christian-Arab,M,ג'ואד,198
Christian-Arab,M,עדי,197
Christian-Arab,M,מוריס,194
Christian-Arab,M,זיאד,193
Christian-Arab,M,ג'ריס,192
Christian-Arab,M,אדואר,191
Christian-Arab,M,איאד,184
Christian-Arab,M,כרים,184
Christian-Arab,M,עבדאללה,180
Christian-Arab,M,בשיר,175
Christian-Arab,M,אשרף,171
Christian-Arab,M,נימר,170
Christian-Arab,M,עזמי,169
Christian-Arab,M,ג'רייס,168
Christian-Arab,M,עאוני,168
Christian-Arab,M,נג'יב,167
Christian-Arab,M,לוקאס,166
Christian-Arab,M,אניס,165
Christian-Arab,M,זוהיר,161
Christian-Arab,M,ריאן,160
Christian-Arab,M,מיכאל,155
Christian-Arab,M,אנדרו,154
Christian-Arab,M,אדיב,153
Christian-Arab,M,אמין,143
Christian-Arab,M,סמעאן,143
Christian-Arab,M,אדהם,140
Christian-Arab,M,יוחנא,140
Christian-Arab,M,הישאם,139
Christian-Arab,M,עפיף,139
Christian-Arab,M,ראמז,136
Christian-Arab,M,אנטואן,135
Christian-Arab,M,היית'ם,134
Christian-Arab,M,קרלוס,134
Christian-Arab,M,גוני,133
Christian-Arab,M,נדים,132
Christian-Arab,M,פהד,132
Christian-Arab,M,ג'אד,131
Christian-Arab,M,בשאר,129
Christian-Arab,M,הנרי,128
Christian-Arab,M,זוהייר,126
Christian-Arab,M,סאם,126
Christian-Arab,M,פאיז,126
Christian-Arab,M,עאטף,125
Christian-Arab,M,רוברט,124
Christian-Arab,M,אכרם,122
Christian-Arab,M,ראוי,122
Christian-Arab,M,גבריאל,121
Christian-Arab,M,אמג'ד,120
Christian-Arab,M,סאלם,119
Christian-Arab,M,פרח,119
Christian-Arab,M,ראיק,119
Christian-Arab,M,שפיק,119
Christian-Arab,M,אדריאן,118
Christian-Arab,M,מאריו,116
Christian-Arab,M,ג'ורג,113
Christian-Arab,M,ח'דר,113
Christian-Arab,M,ליאם,113
Christian-Arab,M,סובחי,113
Christian-Arab,M,לורנס,112
Christian-Arab,M,מונד'ר,110
Christian-Arab,M,מאזן,109
Christian-Arab,M,אנוור,107
Christian-Arab,M,ג'ול,105
Christian-Arab,M,גוזיף,105
Christian-Arab,M,פאוזי,105
Christian-Arab,M,אנדרי,104
Christian-Arab,M,ג'ירייס,104
Christian-Arab,M,מאג'ד,104
Christian-Arab,M,מיח'איל,104
Christian-Arab,M,פיליפ,104
Christian-Arab,M,איוב,103
Christian-Arab,M,נאיל,103
Christian-Arab,M,נידאל,102
Christian-Arab,M,גוליאן,101
Christian-Arab,M,נזיה,101
Christian-Arab,M,עזיז,101
Christian-Arab,M,תומאס,101
Christian-Arab,M,עדנאן,98
Christian-Arab,M,גיריס,97
Christian-Arab,M,כרם,97
Christian-Arab,M,פהים,92
Christian-Arab,M,מנסור,91
Christian-Arab,M,ריזק,91
Christian-Arab,M,רפיק,91
Christian-Arab,M,זאהר,90
Christian-Arab,M,מרון,90
Christian-Arab,M,מריו,90
Christian-Arab,M,שוכרי,90
Christian-Arab,M,אלפרד,88
Christian-Arab,M,גאבי,88
Christian-Arab,M,נאיף,88
Christian-Arab,M,ג'ובראן,86
Christian-Arab,M,לואיס,86
Christian-Arab,M,לויס,86
Christian-Arab,M,סיזאר,86
Christian-Arab,M,מועין,85
Christian-Arab,M,ג'יהאד,84
Christian-Arab,M,אלביר,83
Christian-Arab,M,אנטוניו,83
Christian-Arab,M,לביב,83
Christian-Arab,M,ג'ואן,81
Christian-Arab,M,אלברט,80
Christian-Arab,M,ג'לאל,80
Christian-Arab,M,חאתם,80
Christian-Arab,M,פרג',80
Christian-Arab,M,אמטאנס,78
Christian-Arab,M,בדיע,78
Christian-Arab,M,ח'אלד,78
Christian-Arab,M,רוג'ה,77
Christian-Arab,M,ג'וזייף,76
Christian-Arab,M,גריס,76
Christian-Arab,M,גבי,75
Christian-Arab,M,ראזי,75
Christian-Arab,M,סאלח,74
Christian-Arab,M,סמיח,74
Christian-Arab,M,אדמון,73
Christian-Arab,M,קריסטיאן,73
Christian-Arab,M,האדי,71
Christian-Arab,M,מלאק,71
Christian-Arab,M,רוי,71
Christian-Arab,M,מטאנס,70
Christian-Arab,M,נביה,70
Christian-Arab,M,רוביר,70
Christian-Arab,M,אלכסנדר,68
Christian-Arab,M,אנדראוס,68
Christian-Arab,M,מיכאיל,68
Christian-Arab,M,רפאל,68
Christian-Arab,M,רואד,67
Christian-Arab,M,אליא,66
Christian-Arab,M,אלכס,66
Christian-Arab,M,אסכנדר,66
Christian-Arab,M,גרייס,66
Christian-Arab,M,סטיב,66
Christian-Arab,M,פול,66
Christian-Arab,M,דיב,64
Christian-Arab,M,זכי,64
Christian-Arab,M,נסרי,64
Christian-Arab,M,אראם,63
Christian-Arab,M,גוזף,63
Christian-Arab,M,עיד,63
Christian-Arab,M,שחאדה,63
Christian-Arab,M,אליה,61
Christian-Arab,M,ניעמה,61
Christian-Arab,M,רוג'יה,61
Christian-Arab,M,כריס,60
Christian-Arab,M,רשיד,60
Christian-Arab,M,אנטוני,58
Christian-Arab,M,בהאא,57
Christian-Arab,M,שארבל,57
Christian-Arab,M,דוד,56
Christian-Arab,M,נאג'י,56
Christian-Arab,M,עווד,56
Christian-Arab,M,רומיו,56
Christian-Arab,M,מופיד,55
Christian-Arab,M,עטאללה,55
Christian-Arab,M,יזן,54
Christian-Arab,M,כריסתיאן,54
Christian-Arab,M,מרטין,54
Christian-Arab,M,איחסאן,53
Christian-Arab,M,ניקולאס,53
Christian-Arab,M,ראג'י,53
Christian-Arab,M,תומס,53
Christian-Arab,M,ג'אק,52
Christian-Arab,M,גאק,52
Christian-Arab,M,מג'יד,52
Christian-Arab,M,רג'א,52
Christian-Arab,M,אייל,51
Christian-Arab,M,אליאן,51
Christian-Arab,M,יונאן,51
Christian-Arab,M,נעמה,51
Christian-Arab,M,שריף,51
Christian-Arab,M,גון,50
Christian-Arab,M,ויאם,50
Christian-Arab,M,שארלי,50
Christian-Arab,M,גורג',49
Christian-Arab,M,חלים,49
Christian-Arab,M,סמואל,49
Christian-Arab,M,תיים,48
Christian-Arab,M,עבדו,47
Christian-Arab,M,אדמונד,46
Christian-Arab,M,ארז,46
Christian-Arab,M,עבד,46
Christian-Arab,M,אנג'לו,45
Christian-Arab,M,מרסל,45
Christian-Arab,M,עודה,45
Christian-Arab,M,קארלוס,45
Christian-Arab,M,ראפת,45
Christian-Arab,M,מינא,44
Christian-Arab,M,ניקולס,44
Christian-Arab,M,ראדי,44
Christian-Arab,M,מיחאיל,43
Christian-Arab,M,ניל,43
Christian-Arab,M,עמנואל,43
Christian-Arab,M,רובר,43
Christian-Arab,M,אסד,42
Christian-Arab,M,איאס,41
Christian-Arab,M,אנטוניוס,41
Christian-Arab,M,ג'ו,41
Christian-Arab,M,וליאם,41
Christian-Arab,M,מג'די,41
Christian-Arab,M,ליונל,40
Christian-Arab,M,ראוף,40
Christian-Arab,M,גסוב,39
Christian-Arab,M,רם,39
Christian-Arab,M,שאוקי,39
Christian-Arab,M,שמס,39
Christian-Arab,M,יזיד,38
Christian-Arab,M,נסיב,38
Christian-Arab,M,סאבא,38
Christian-Arab,M,ראם,38
Christian-Arab,M,ג'ונתן,37
Christian-Arab,M,דני,37
Christian-Arab,M,וג'יה,37
Christian-Arab,M,גאן,36
Christian-Arab,M,מובדא,36
Christian-Arab,M,נאסיף,36
Christian-Arab,M,דאניאל,35
Christian-Arab,M,ליאו,35
Christian-Arab,M,סאפי,35
Christian-Arab,M,סלאם,35
Christian-Arab,M,איסחאק,34
Christian-Arab,M,ג'ליל,34
Christian-Arab,M,חאזם,34
Christian-Arab,M,סמואיל,34
Christian-Arab,M,אמל,33
Christian-Arab,M,אנדריי,33
Christian-Arab,M,גירייס,33
Christian-Arab,M,טנוס,33
Christian-Arab,M,כריסטופר,33
Christian-Arab,M,מהראן,33
Christian-Arab,M,עומר,33
Christian-Arab,M,אלבר,32
Christian-Arab,M,ג'סאן,32
Christian-Arab,M,ואסף,32
Christian-Arab,M,חסיב,32
Christian-Arab,M,מאיקל,32
Christian-Arab,M,מוהנד,32
Christian-Arab,M,מוראן,32
Christian-Arab,M,מסעד,32
Christian-Arab,M,מתיו,32
Christian-Arab,M,נעמאן,32
Christian-Arab,M,סליבא,32
Christian-Arab,M,צ'רלי,32
Christian-Arab,M,איוואן,31
Christian-Arab,M,אליף,31
Christian-Arab,M,והיב,31
Christian-Arab,M,יאסר,31
Christian-Arab,M,יונתן,31
Christian-Arab,M,כריסטיאנו,31
Christian-Arab,M,עאזר,31
Christian-Arab,M,איהאם,30
Christian-Arab,M,לוטפי,30
Christian-Arab,M,עמיד,30
Christian-Arab,M,בסים,29
Christian-Arab,M,עאיד,29
Christian-Arab,M,עומרי,29
Christian-Arab,M,שכיב,29
Christian-Arab,M,תייסיר,29
Christian-Arab,M,מאתיו,28
Christian-Arab,M,מורן,28
Christian-Arab,M,סעד,28
Christian-Arab,M,פאיק,28
Christian-Arab,M,פטריק,28
Christian-Arab,M,איליה,27
Christian-Arab,M,אלקס,27
Christian-Arab,M,ג'ימי,27
Christian-Arab,M,מישייל,27
Christian-Arab,M,מרסיל,27
Christian-Arab,M,מרקוס,27
Christian-Arab,M,נדי,27
Christian-Arab,M,סאמח,27
Christian-Arab,M,ראגב,27
Christian-Arab,M,רני,27
Christian-Arab,M,דיאב,26
Christian-Arab,M,יואל,26
Christian-Arab,M,מייק,26
Christian-Arab,M,מיקל,26
Christian-Arab,M,נחלה,26
Christian-Arab,M,ניקולה,26
Christian-Arab,M,פארוק,26
Christian-Arab,M,קוסטנדי,26
Christian-Arab,M,קלוד,26
Christian-Arab,M,רדא,26
Christian-Arab,M,רודי,26
Christian-Arab,M,אדי,25
Christian-Arab,M,איוון,25
Christian-Arab,M,בישארה,25
Christian-Arab,M,ג'אבר,25
Christian-Arab,M,זיידאן,25
Christian-Arab,M,ח'מיס,25
Christian-Arab,M,יאמן,25
Christian-Arab,M,מקסים,25
Christian-Arab,M,רגא,25
Christian-Arab,M,שון,25
Christian-Arab,M,איאן,24
Christian-Arab,M,מתא,24
Christian-Arab,M,נאהי,24
Christian-Arab,M,נקולא,24
Christian-Arab,M,פואז,24
Christian-Arab,M,רונן,24
Christian-Arab,M,בסיל,23
Christian-Arab,M,ג'ובראיל,23
Christian-Arab,M,ג'ודי,23
Christian-Arab,M,מילאן,23
Christian-Arab,M,מכרם,23
Christian-Arab,M,נסראת,23
Christian-Arab,M,סלאמה,23
Christian-Arab,M,תומא,23
Christian-Arab,M,אלן,22
Christian-Arab,M,ג'בור,22
Christian-Arab,M,זייד,22
Christian-Arab,M,לוקא,22
Christian-Arab,M,לטיף,22
Christian-Arab,M,מנואל,22
Christian-Arab,M,סטפן,22
Christian-Arab,M,פאול,22
Christian-Arab,M,רוז'ה,22
Christian-Arab,M,שאכר,22
Christian-Arab,M,תאיר,22
Christian-Arab,M,גטאס,21
Christian-Arab,M,וויליאם,21
Christian-Arab,M,לוקה,21
Christian-Arab,M,מריוס,21
Christian-Arab,M,פיליב,21
Christian-Arab,M,פרנסוא,21
Christian-Arab,M,רון,21
Christian-Arab,M,אנדרה,20
Christian-Arab,M,גאזי,20
Christian-Arab,M,גדי,20
Christian-Arab,M,גובראן,20
Christian-Arab,M,וג'די,20
Christian-Arab,M,לוקס,20
Christian-Arab,M,מאריוס,20
Christian-Arab,M,מוח'לס,20
Christian-Arab,M,מסעוד,20
Christian-Arab,M,נח'לה,20
Christian-Arab,M,סטיבן,20
Christian-Arab,M,סיראג',20
Christian-Arab,M,אנדריא,19
Christian-Arab,M,ג'בר,19
Christian-Arab,M,ג'די,19
Christian-Arab,M,ג'וליאנוס,19
Christian-Arab,M,וג'ד,19
Christian-Arab,M,מאיכל,19
Christian-Arab,M,מונעם,19
Christian-Arab,M,סוהל,19
Christian-Arab,M,סיזר,19
Christian-Arab,M,סרקיס,19
Christian-Arab,M,עזאת,19
Christian-Arab,M,פאולו,19
Christian-Arab,M,פדיל,19
Christian-Arab,M,פרנקו,19
Christian-Arab,M,קוסטה,19
Christian-Arab,M,רוברטו,19
Christian-Arab,M,תמיר,19
Christian-Arab,M,איואן,18
Christian-Arab,M,אלאן,18
Christian-Arab,M,אסטפאן,18
Christian-Arab,M,אפראם,18
Christian-Arab,M,בדר,18
Christian-Arab,M,דיויד,18
Christian-Arab,M,פדל,18
Christian-Arab,M,פהמי,18
Christian-Arab,M,פיתר,18
Christian-Arab,M,פרדי,18
Christian-Arab,M,קריסתיאן,18
Christian-Arab,M,ראיף,18
Christian-Arab,M,רימונד,18
Christian-Arab,M,רנים,18
Christian-Arab,M,רפאיל,18
Christian-Arab,M,שרביל,18
Christian-Arab,M,אברהם,17
Christian-Arab,M,אנדריה,17
Christian-Arab,M,אסיל,17
Christian-Arab,M,אסקנדר,17
Christian-Arab,M,גליל,17
Christian-Arab,M,מאיק,17
Christian-Arab,M,מוופק,17
Christian-Arab,M,מנהל,17
Christian-Arab,M,עזאם,17
Christian-Arab,M,רוחי,17
Christian-Arab,M,רומל,17
Christian-Arab,M,רפי,17
Christian-Arab,M,שביב,17
Christian-Arab,M,שיבלי,17
Christian-Arab,M,אבי,16
Christian-Arab,M,איאל,16
Christian-Arab,M,גברא,16
Christian-Arab,M,גובראיל,16
Christian-Arab,M,גוד,16
Christian-Arab,M,דמיטרי,16
Christian-Arab,M,ווארד,16
Christian-Arab,M,ולים,16
Christian-Arab,M,טלאל,16
Christian-Arab,M,ליאון,16
Christian-Arab,M,מוניב,16
Christian-Arab,M,סבסטיאן,16
Christian-Arab,M,עודאי,16
Christian-Arab,M,עורסאן,16
Christian-Arab,M,קריס,16
Christian-Arab,M,ראפי,16
Christian-Arab,M,ריצ'ארד,16
Christian-Arab,M,ריצ'רד,16
Christian-Arab,M,שוקי,16
Christian-Arab,M,בהיג',15
Christian-Arab,M,ג'ברא,15
Christian-Arab,M,גאלב,15
Christian-Arab,M,האגוב,15
Christian-Arab,M,ז'אן,15
Christian-Arab,M,זכריא,15
Christian-Arab,M,לאפי,15
Christian-Arab,M,לוטוף,15
Christian-Arab,M,מייסם,15
Christian-Arab,M,נסראללה,15
Christian-Arab,M,סברי,15
Christian-Arab,M,עבוד,15
Christian-Arab,M,עיזאת,15
Christian-Arab,M,קיסר,15
Christian-Arab,M,קמיל,15
Christian-Arab,M,רובייר,15
Christian-Arab,M,שאהין,15
Christian-Arab,M,שיהאב,15
Christian-Arab,M,אבאנוב,14
Christian-Arab,M,אדריאנו,14
Christian-Arab,M,אנדרס,14
Christian-Arab,M,ג'אודת,14
Christian-Arab,M,ג'וי,14
Christian-Arab,M,גואן,14
Christian-Arab,M,וילים,14
Christian-Arab,M,חנה,14
Christian-Arab,M,כאיד,14
Christian-Arab,M,כריסטו,14
Christian-Arab,M,לוסיאן,14
Christian-Arab,M,ליוניל,14
Christian-Arab,M,נזיר,14
Christian-Arab,M,ספירו,14
Christian-Arab,M,קייסר,14
Christian-Arab,M,ראגי,14
Christian-Arab,M,ראפע,14
Christian-Arab,M,רדואן,14
Christian-Arab,M,רשאד,14
Christian-Arab,M,שרלי,14
Christian-Arab,M,אלבייר,13
Christian-Arab,M,בהג'את,13
Christian-Arab,M,ביתר,13
Christian-Arab,M,בנימין,13
Christian-Arab,M,גול,13
Christian-Arab,M,דאהר,13
Christian-Arab,M,ופיק,13
Christian-Arab,M,טועמה,13
Christian-Arab,M,כארלוס,13
Christian-Arab,M,מהנא,13
Christian-Arab,M,מחפוז,13
Christian-Arab,M,פאדל,13
Christian-Arab,M,פרג,13
Christian-Arab,M,פרחאת,13
Christian-Arab,M,קייס,13
Christian-Arab,M,ראשד,13
Christian-Arab,M,רגיד,13
Christian-Arab,M,שאהר,13
Christian-Arab,M,שוכראללה,13
Christian-Arab,M,בלאל,12
Christian-Arab,M,ג'ובאני,12
Christian-Arab,M,גוזייף,12
Christian-Arab,M,האשם,12
Christian-Arab,M,טלעת,12
Christian-Arab,M,לאון,12
Christian-Arab,M,מארקוס,12
Christian-Arab,M,מארתן,12
Christian-Arab,M,מגיד,12
Christian-Arab,M,מיאס,12
Christian-Arab,M,מרקו,12
Christian-Arab,M,מתרי,12
Christian-Arab,M,נסיף,12
Christian-Arab,M,סליבה,12
Christian-Arab,M,סרור,12
Christian-Arab,M,צרלי,12
Christian-Arab,M,קבורק,12
Christian-Arab,M,ראסם,12
Christian-Arab,M,רובין,12
Christian-Arab,M,רומיאו,12
Christian-Arab,M,ריי,12
Christian-Arab,M,רפול,12
Christian-Arab,M,שירבל,12
Christian-Arab,M,אוליבר,11
Christian-Arab,M,ארם,11
Christian-Arab,M,באסיל,11
Christian-Arab,M,בייר,11
Christian-Arab,M,ג'אסר,11
Christian-Arab,M,ג'וליאנו,11
Christian-Arab,M,ג'וניל,11
Christian-Arab,M,ג'ק,11
Christian-Arab,M,גנטוס,11
Christian-Arab,M,וספי,11
Christian-Arab,M,זאיד,11
Christian-Arab,M,חאדר,11
Christian-Arab,M,טליע,11
Christian-Arab,M,יאן,11
Christian-Arab,M,מאייקל,11
Christian-Arab,M,מהדי,11
Christian-Arab,M,מוני,11
Christian-Arab,M,מריאן,11
Christian-Arab,M,סאדק,11
Christian-Arab,M,סאיד,11
Christian-Arab,M,סיימון,11
Christian-Arab,M,עבודי,11
Christian-Arab,M,עלי,11
Christian-Arab,M,עפו,11
Christian-Arab,M,ערב,11
Christian-Arab,M,פורסאן,11
Christian-Arab,M,קריקור,11
Christian-Arab,M,ראיין,11
Christian-Arab,M,רוגה,11
Christian-Arab,M,רוגיה,11
Christian-Arab,M,רומאריו,11
Christian-Arab,M,שמעון,11
Christian-Arab,M,אדוניס,10
Christian-Arab,M,איליאס,10
Christian-Arab,M,ברנרד,10
Christian-Arab,M,ג'וארג'יוס,10
Christian-Arab,M,ג'ייסון,10
Christian-Arab,M,גאדי,10
Christian-Arab,M,גאנם,10
Christian-Arab,M,גארו,10
Christian-Arab,M,דאני,10
Christian-Arab,M,דומיאן,10
Christian-Arab,M,הגופ,10
Christian-Arab,M,הלאל,10
Christian-Arab,M,ווליאם,10
Christian-Arab,M,וחיד,10
Christian-Arab,M,זאק,10
Christian-Arab,M,לוטף,10
Christian-Arab,M,ליון,10
Christian-Arab,M,מארסל,10
Christian-Arab,M,מבדא,10
Christian-Arab,M,מוהנא,10
Christian-Arab,M,נג'ואן,10
Christian-Arab,M,נישאן,10
Christian-Arab,M,נסיר,10
Christian-Arab,M,סאבר,10
Christian-Arab,M,סאיב,10
Christian-Arab,M,סבע,10
Christian-Arab,M,סנד,10
Christian-Arab,M,ע'די,10
Christian-Arab,M,פאולוס,10
Christian-Arab,M,פרחאן,10
Christian-Arab,M,קריסטופר,10
Christian-Arab,M,רגד,10
Christian-Arab,M,רודני,10
Christian-Arab,M,ריבחי,10
Christian-Arab,M,רידא,10
Christian-Arab,M,שבלי,10
Christian-Arab,M,אנתוני,9
Christian-Arab,M,אתיאן,9
Christian-Arab,M,בנדלי,9
Christian-Arab,M,בסיליוס,9
Christian-Arab,M,ג'אקי,9
Christian-Arab,M,ג'וזיף,9
Christian-Arab,M,ג'יימס,9
Christian-Arab,M,ג'רמס,9
Christian-Arab,M,גאלי,9
Christian-Arab,M,גובאני,9
Christian-Arab,M,גוליאנו,9
Christian-Arab,M,גזאל,9
Christian-Arab,M,דורגאם,9
Christian-Arab,M,הגוב,9
Christian-Arab,M,ואפי,9
Christian-Arab,M,וולים,9
Christian-Arab,M,חאזן,9
Christian-Arab,M,ינאל,9
Christian-Arab,M,לוראנס,9
Christian-Arab,M,ליאונרדו,9
Christian-Arab,M,מואנס,9
Christian-Arab,M,מטר,9
Christian-Arab,M,מירון,9
Christian-Arab,M,מרזוק,9
Christian-Arab,M,מתיאו,9
Christian-Arab,M,נאורס,9
Christian-Arab,M,סאטי,9
Christian-Arab,M,סלאח,9
Christian-Arab,M,עמאר,9
Christian-Arab,M,פטין,9
Christian-Arab,M,פרהוד,9
Christian-Arab,M,קווין,9
Christian-Arab,M,ראווי,9
Christian-Arab,M,רולאן,9
Christian-Arab,M,רזקאללה,9
Christian-Arab,M,ריצרד,9
Christian-Arab,M,שארל,9
Christian-Arab,M,שמואל,9
Christian-Arab,M,אוריאן,8
Christian-Arab,M,איליאן,8
Christian-Arab,M,אילן,8
Christian-Arab,M,איתיאן,8
Christian-Arab,M,אלברטו,8
Christian-Arab,M,אנגלו,8
Christian-Arab,M,ברהום,8
Christian-Arab,M,ג'וסף,8
Christian-Arab,M,ג'סטין,8
Christian-Arab,M,גק,8
Christian-Arab,M,גריאס,8
Christian-Arab,M,ויכתור,8
Christian-Arab,M,ח'אזן,8
Christian-Arab,M,טאריק,8
Christian-Arab,M,יואיל,8
Christian-Arab,M,יורגו,8
Christian-Arab,M,כרסטיאן,8
Christian-Arab,M,ליית,8
Christian-Arab,M,מואפק,8
Christian-Arab,M,מוהיב,8
Christian-Arab,M,מוחמד,8
Christian-Arab,M,מוכלס,8
Christian-Arab,M,מולהם,8
Christian-Arab,M,מועתז,8
Christian-Arab,M,מיטרי,8
Christian-Arab,M,מנאויל,8
Christian-Arab,M,מתאו,8
Christian-Arab,M,סופיאן,8
Christian-Arab,M,סימעאן,8
Christian-Arab,M,סני,8
Christian-Arab,M,סרכיס,8
Christian-Arab,M,עוני,8
Christian-Arab,M,עזת,8
Christian-Arab,M,עצאם,8
Christian-Arab,M,פאהד,8
Christian-Arab,M,פח'רי,8
Christian-Arab,M,פיאד,8
Christian-Arab,M,פרננדו,8
Christian-Arab,M,צ'ארלי,8
Christian-Arab,M,קוסאי,8
Christian-Arab,M,ראול,8
Christian-Arab,M,רוג'ר,8
Christian-Arab,M,רומריו,8
Christian-Arab,M,רושדי,8
Christian-Arab,M,רחיב,8
Christian-Arab,M,ריקרדו,8
Christian-Arab,M,ריקרדוס,8
Christian-Arab,M,אוהנס,7
Christian-Arab,M,אוסאמא,7
Christian-Arab,M,איבאן,7
Christian-Arab,M,אליאנוס,7
Christian-Arab,M,אלפריד,7
Christian-Arab,M,אמיליו,7
Christian-Arab,M,אנדי,7
Christian-Arab,M,אנס,7
Christian-Arab,M,אסי,7
Christian-Arab,M,ארטין,7
Christian-Arab,M,אריק,7
Christian-Arab,M,באסילא,7
Christian-Arab,M,בניאמין,7
Christian-Arab,M,ג'ובאן,7
Christian-Arab,M,ג'ונאס,7
Christian-Arab,M,ג'יוואן,7
Christian-Arab,M,ג'ריר,7
Christian-Arab,M,גבור,7
Christian-Arab,M,גבראיל,7
Christian-Arab,M,גודה,7
Christian-Arab,M,דודו,7
Christian-Arab,M,דייגו,7
Christian-Arab,M,האגופ,7
Christian-Arab,M,האיל,7
Christian-Arab,M,הני,7
Christian-Arab,M,ואכים,7
Christian-Arab,M,ויקין,7
Christian-Arab,M,ולאא,7
Christian-Arab,M,ז'ק,7
Christian-Arab,M,זיין,7
Christian-Arab,M,חאפז,7
Christian-Arab,M,חסן,7
Christian-Arab,M,טאניוס,7
Christian-Arab,M,טום,7
Christian-Arab,M,טופיק,7
Christian-Arab,M,יוסי,7
Christian-Arab,M,כדר,7
Christian-Arab,M,כיאן,7
Christian-Arab,M,כרמל,7
Christian-Arab,M,כרסתיאן,7
Christian-Arab,M,לוויס,7
Christian-Arab,M,לוראן,7
Christian-Arab,M,ליאונל,7
Christian-Arab,M,ליבון,7
Christian-Arab,M,ליו,7
Christian-Arab,M,מורשד,7
Christian-Arab,M,נועמאן,7
Christian-Arab,M,ניהאד,7
Christian-Arab,M,ניקולאי,7
Christian-Arab,M,נתנאל,7
Christian-Arab,M,סזאר,7
Christian-Arab,M,סח'ר,7
Christian-Arab,M,סטפאן,7
Christian-Arab,M,סיף,7
Christian-Arab,M,ספואת,7
Christian-Arab,M,עאסי,7
Christian-Arab,M,עאסם,7
Christian-Arab,M,עטא,7
Christian-Arab,M,פטר,7
Christian-Arab,M,פרנצ'סקו,7
Christian-Arab,M,צליבא,7
Christian-Arab,M,קינאן,7
Christian-Arab,M,ראג'ב,7
Christian-Arab,M,ראי,7
Christian-Arab,M,רוברת,7
Christian-Arab,M,רונלדו,7
Christian-Arab,M,ריימונד,7
Christian-Arab,M,רסאן,7
Christian-Arab,M,רעד,7
Christian-Arab,M,שאם,7
Christian-Arab,M,שבל,7
Christian-Arab,M,תום,7
Christian-Arab,M,אבנוב,6
Christian-Arab,M,אילאן,6
Christian-Arab,M,אליו,6
Christian-Arab,M,אנג'ל,6
Christian-Arab,M,אנדוני,6
Christian-Arab,M,אנדריו,6
Christian-Arab,M,אנטאנס,6
Christian-Arab,M,אסעיד,6
Christian-Arab,M,באסיליוס,6
Christian-Arab,M,באשיר,6
Christian-Arab,M,בדראן,6
Christian-Arab,M,בוטרס,6
Christian-Arab,M,בני,6
Christian-Arab,M,ברנארד,6
Christian-Arab,M,ג'בריאל,6
Christian-Arab,M,ג'דעון,6
Christian-Arab,M,ג'וואן,6
Christian-Arab,M,ג'ולאן,6
Christian-Arab,M,ג'יסון,6
Christian-Arab,M,ג'נאן,6
Christian-Arab,M,ג'רג'ס,6
Christian-Arab,M,גוז'ף,6
Christian-Arab,M,גונתן,6
Christian-Arab,M,גוסף,6
Christian-Arab,M,גורגי,6
Christian-Arab,M,דורי,6
Christian-Arab,M,דילן,6
Christian-Arab,M,הארון,6
Christian-Arab,M,וופא,6
Christian-Arab,M,וינסנט,6
Christian-Arab,M,ולא,6
Christian-Arab,M,וקים,6
Christian-Arab,M,זאכי,6
Christian-Arab,M,זוהדי,6
Christian-Arab,M,חדאד,6
Christian-Arab,M,טאלב,6
Christian-Arab,M,יהונתן,6
Christian-Arab,M,ירון,6
Christian-Arab,M,כאתם,6
Christian-Arab,M,כליל,6
Christian-Arab,M,כנאן,6
Christian-Arab,M,כריים,6
Christian-Arab,M,לאונרדו,6
Christian-Arab,M,לירוי,6
Christian-Arab,M,מאדי,6
Christian-Arab,M,מוחלס,6
Christian-Arab,M,מורקוס,6
Christian-Arab,M,מנעם,6
Christian-Arab,M,מקאריוס,6
Christian-Arab,M,מרסלו,6
Christian-Arab,M,משהור,6
Christian-Arab,M,נבהאן,6
Christian-Arab,M,נג'ד,6
Christian-Arab,M,נובאר,6
Christian-Arab,M,נעמי,6
Christian-Arab,M,נשאת,6
Christian-Arab,M,סאביו,6
Christian-Arab,M,סאג'י,6
Christian-Arab,M,סאמר,6
Christian-Arab,M,סבירו,6
Christian-Arab,M,סולטאן,6
Christian-Arab,M,סטיפאן,6
Christian-Arab,M,סטיפן,6
Christian-Arab,M,סיבאן,6
Christian-Arab,M,סלימן,6
Christian-Arab,M,סנדרו,6
Christian-Arab,M,סעדאללה,6
Christian-Arab,M,עארף,6
Christian-Arab,M,עזר,6
Christian-Arab,M,ענאד,6
Christian-Arab,M,עסאף,6
Christian-Arab,M,עקיל,6
Christian-Arab,M,עקל,6
Christian-Arab,M,פביאן,6
Christian-Arab,M,פיאר,6
Christian-Arab,M,פידרו,6
Christian-Arab,M,פייסל,6
Christian-Arab,M,פראג',6
Christian-Arab,M,פרנסואה,6
Christian-Arab,M,קוסטנטין,6
Christian-Arab,M,קיבורק,6
Christian-Arab,M,קירולוס,6
Christian-Arab,M,ראמוס,6
Christian-Arab,M,רג'אי,6
Christian-Arab,M,רג'יד,6
Christian-Arab,M,רודא,6
Christian-Arab,M,רודולף,6
Christian-Arab,M,רוזי,6
Christian-Arab,M,רונלד,6
Christian-Arab,M,רידאן,6
Christian-Arab,M,ריכארדוס,6
Christian-Arab,M,ריקארדו,6
Christian-Arab,M,רמון,6
Christian-Arab,M,רפעאת,6
Christian-Arab,M,רתיב,6
Christian-Arab,M,שאדן,6
Christian-Arab,M,אבראהם,5
Christian-Arab,M,אדגר,5
Christian-Arab,M,אדוארדו,5
Christian-Arab,M,אוגוסטין,5
Christian-Arab,M,אווס,5
Christian-Arab,M,אחמד,5
Christian-Arab,M,איון,5
Christian-Arab,M,איליי,5
Christian-Arab,M,אימיל,5
Christian-Arab,M,איתן,5
Christian-Arab,M,אלברת,5
Christian-Arab,M,אליהו,5
Christian-Arab,M,אליכס,5
Christian-Arab,M,אנדריאס,5
Christian-Arab,M,אנדרייה,5
Christian-Arab,M,אנטרניק,5
Christian-Arab,M,ארמן,5
Christian-Arab,M,אשראף,5
Christian-Arab,M,בליג,5
Christian-Arab,M,ג'אדי,5
Christian-Arab,M,ג'בראן,5
Christian-Arab,M,ג'וליו,5
Christian-Arab,M,ג'ורג'יו,5
Christian-Arab,M,ג'מי,5
Christian-Arab,M,ג'עפר,5
Christian-Arab,M,ג'קי,5
Christian-Arab,M,ג'רי,5
Christian-Arab,M,ג'ריאס,5
Christian-Arab,M,גאסר,5
Christian-Arab,M,גבראן,5
Christian-Arab,M,דאווד,5
Christian-Arab,M,דאניל,5
Christian-Arab,M,דוריד,5
Christian-Arab,M,דיאא,5
Christian-Arab,M,האגוף,5
Christian-Arab,M,וולטר,5
Christian-Arab,M,ורטאן,5
Christian-Arab,M,זוהא,5
Christian-Arab,M,זק,5
Christian-Arab,M,ח'יר,5
Christian-Arab,M,חכים,5
Christian-Arab,M,חליל,5
Christian-Arab,M,חסאן,5
Christian-Arab,M,חרב,5
Christian-Arab,M,טניוס,5
Christian-Arab,M,יונתאן,5
Christian-Arab,M,יותם,5
Christian-Arab,M,יניב,5
Christian-Arab,M,כאמיל,5
Christian-Arab,M,כריכור,5
Christian-Arab,M,לוריאן,5
Christian-Arab,M,לירן,5
Christian-Arab,M,מאנויל,5
Christian-Arab,M,מדחת,5
Christian-Arab,M,מהיוב,5
Christian-Arab,M,מובארכ,5
Christian-Arab,M,מוכרם,5
Christian-Arab,M,מוניף,5
Christian-Arab,M,מחמוד,5
Christian-Arab,M,מיגל,5
Christian-Arab,M,מילן,5
Christian-Arab,M,מימון,5
Christian-Arab,M,מינאס,5
Christian-Arab,M,מיתרי,5
Christian-Arab,M,מכאיל,5
Christian-Arab,M,מנאר,5
Christian-Arab,M,מערוף,5
Christian-Arab,M,מראם,5
Christian-Arab,M,מרעי,5
Christian-Arab,M,משיל,5
Christian-Arab,M,נאל,5
Christian-Arab,M,נואל,5
Christian-Arab,M,נורמן,5
Christian-Arab,M,ניעמאן,5
Christian-Arab,M,נכלה,5
Christian-Arab,M,סהיל,5
Christian-Arab,M,סטיפאנוס,5
Christian-Arab,M,סטפנוס,5
Christian-Arab,M,סילאס,5
Christian-Arab,M,סקר,5
Christian-Arab,M,עדן,5
Christian-Arab,M,עורווה,5
Christian-Arab,M,עמיר,5
Christian-Arab,M,עמראן,5
Christian-Arab,M,פדול,5
Christian-Arab,M,פדרו,5
Christian-Arab,M,פיו,5
Christian-Arab,M,פראנסיס,5
Christian-Arab,M,פרנאס,5
Christian-Arab,M,צארלי,5
Christian-Arab,M,קארלו,5
Christian-Arab,M,קוורק,5
Christian-Arab,M,קונסטנטין,5
Christian-Arab,M,קיוורק,5
Christian-Arab,M,קיפורק,5
Christian-Arab,M,קריסטו,5
Christian-Arab,M,קרלו,5
Christian-Arab,M,ראגד,5
Christian-Arab,M,ראיאן,5
Christian-Arab,M,ראין,5
Christian-Arab,M,ראלף,5
Christian-Arab,M,רבאח,5
Christian-Arab,M,רוואד,5
Christian-Arab,M,רונאל,5
Christian-Arab,M,רזן,5
Christian-Arab,M,ריף,5
Christian-Arab,M,ריצארד,5
Christian-Arab,M,רישארד,5
Christian-Arab,M,רנד,5
Christian-Arab,M,שוהם,5
Christian-Arab,M,שוקראללה,5
Christian-Arab,M,תאים,5
Christian-Arab,M,תומר,5
Christian-Arab,M,תוני,5
Christian-Arab,M,תמים,5
Druze,F,אמל,687
Druze,F,נור,679
Druze,F,יסמין,633
Druze,F,מלאק,633
Druze,F,איה,527
Druze,F,שרה,519
Druze,F,לין,516
Druze,F,עביר,504
Druze,F,ליאן,493
Druze,F,הנא,475
Druze,F,אמירה,471
Druze,F,אימאן,469
Druze,F,אלין,454
Druze,F,חלא,453
Druze,F,נסרין,444
Druze,F,מונא,412
Druze,F,חנאן,403
Druze,F,מאיה,398
Druze,F,רים,397
Druze,F,יארא,394
Druze,F,מנאל,394
Druze,F,רימא,387
Druze,F,סמירה,364
Druze,F,אסיל,362
Druze,F,היבא,357
Druze,F,סנא,354
Druze,F,הודא,352
Druze,F,עדן,348
Druze,F,סיהאם,338
Druze,F,וופא,335
Druze,F,נדין,332
Druze,F,מהא,329
Druze,F,עפיפה,328
Druze,F,לינא,304
Druze,F,דיאנה,300
Druze,F,ערין,296
Druze,F,מייס,291
Druze,F,נדא,289
Druze,F,מילא,281
Druze,F,סילין,280
Druze,F,ירין,278
Druze,F,סמר,272
Druze,F,רנא,271
Druze,F,תולין,263
Druze,F,סואר,257
Druze,F,רנין,257
Druze,F,סחר,255
Druze,F,עפאף,249
Druze,F,היאם,245
Druze,F,רואן,245
Druze,F,לילה,242
Druze,F,מיראל,241
Druze,F,לנא,239
Druze,F,נואל,239
Druze,F,הדיל,236
Druze,F,תאלא,234
Druze,F,נאיפה,233
Druze,F,סארה,232
Druze,F,מיאר,230
Druze,F,סאלי,230
Druze,F,עולא,227
Druze,F,רזאן,226
Druze,F,דליה,221
Druze,F,סירין,221
Druze,F,ספא,221
Druze,F,רוז,219
Druze,F,פאטמה,218
Druze,F,דימא,216
Druze,F,נאדיה,215
Druze,F,מראם,213
Druze,F,דנה,210
Druze,F,ראניה,207
Druze,F,נאי,205
Druze,F,מנאר,204
Druze,F,נורה,201
Druze,F,סאלחה,200
Druze,F,פאתן,197
Druze,F,סועאד,195
Druze,F,איילה,193
Druze,F,דינא,192
Druze,F,מונירה,192
Druze,F,אחלאם,190
Druze,F,אמאני,190
Druze,F,שירין,190
Druze,F,ג'ורי,189
Druze,F,לארא,186
Druze,F,דוניא,185
Druze,F,שאם,184
Druze,F,תיא,184
Druze,F,תמימה,184
Druze,F,אלהאם,183
Druze,F,מירא,180
Druze,F,לובנה,179
Druze,F,לורין,177
Druze,F,למא,177
Druze,F,למאר,177
Druze,F,מרווה,174
Druze,F,גידאא,172
Druze,F,אן,171
Druze,F,אינס,169
Druze,F,רשא,167
Druze,F,ג'מילה,165
Druze,F,סמאח,165
Druze,F,ראיה,164
Druze,F,סימה,162
Druze,F,ודאד,161
Druze,F,שהד,160
Druze,F,מייסון,158
Druze,F,אלאא,157
Druze,F,ג'נא,157
Druze,F,רגד,157
Druze,F,סוהא,156
Druze,F,שדא,155
Druze,F,תמר,153
Druze,F,זינה,152
Druze,F,סאמיה,152
Druze,F,רינה,152
Druze,F,רהף,148
Druze,F,אבתיסאם,147
Druze,F,חנין,147
Druze,F,רובה,147
Druze,F,שהרבאן,147
Druze,F,גזל,146
Druze,F,דועאא,145
Druze,F,רהאם,145
Druze,F,אלמא,144
Druze,F,מוניה,144
Druze,F,סברין,143
Druze,F,סילא,143
Druze,F,לור,142
Druze,F,האלה,141
Druze,F,דלאל,139
Druze,F,נטלי,139
Druze,F,אלמאזה,138
Druze,F,עליה,138
Druze,F,זהרה,136
Druze,F,קמר,135
Druze,F,אסאלה,134
Druze,F,עאידה,134
Druze,F,קרין,134
Druze,F,ליאל,132
Druze,F,אריג',131
Druze,F,אנוור,130
Druze,F,לוזאן,130
Druze,F,נבילה,130
Druze,F,סמא,130
Druze,F,נוהא,129
Druze,F,ולאא,128
Druze,F,סלוא,128
Druze,F,תימאא,128
Druze,F,אילין,125
Druze,F,סוזאן,125
Druze,F,ליליאן,124
Druze,F,ענת,124
Druze,F,אנעאם,122
Druze,F,מרח,122
Druze,F,סאוסן,122
Druze,F,ליא,121
Druze,F,סמיה,121
Druze,F,הילה,120
Druze,F,רולא,120
Druze,F,נרמין,119
Druze,F,סביל,119
Druze,F,מיאסה,118
Druze,F,קארין,118
Druze,F,ועד,117
Druze,F,סמאהר,117
Druze,F,שירז,116
Druze,F,ביסאן,115
Druze,F,דארין,115
Druze,F,רחאב,115
Druze,F,תגריד,114
Druze,F,הדיה,113
Druze,F,זהיה,113
Druze,F,ראמא,113
Druze,F,בדיעה,112
Druze,F,ראידה,112
Druze,F,נאהדה,110
Druze,F,גדיר,108
Druze,F,עאטף,107
Druze,F,ניסאן,106
Druze,F,ניבין,105
Druze,F,ענבל,105
Druze,F,פאדיה,105
Druze,F,שפיקה,105
Druze,F,אניסה,104
Druze,F,נג'את,104
Druze,F,שאדיה,103
Druze,F,ורד,102
Druze,F,רואה,102
Druze,F,ג'זל,101
Druze,F,הנאדי,101
Druze,F,ניבאל,101
Druze,F,סוניה,101
Druze,F,ראויה,101
Druze,F,תולאי,101
Druze,F,לינדה,100
Druze,F,מריאנה,100
Druze,F,אלמה,99
Druze,F,מינא,99
Druze,F,אילול,98
Druze,F,רפיף,98
Druze,F,סלאם,97
Druze,F,ראועה,97
Druze,F,מיסא,96
Druze,F,מאי,95
Druze,F,מילאן,95
Druze,F,נאיא,95
Druze,F,פירוז,95
Druze,F,הנד,94
Druze,F,הייא,93
Druze,F,ליה,93
Druze,F,מאג'דה,93
Druze,F,רוזאן,93
Druze,F,אזהאר,92
Druze,F,מדלין,92
Druze,F,מלקה,92
Druze,F,כאמלה,91
Druze,F,נאיה,91
Druze,F,סוהאד,91
Druze,F,סוהיר,91
Druze,F,נגם,89
Druze,F,ראנה,89
Druze,F,רימאס,89
Druze,F,הלא,88
Druze,F,אליאן,87
Druze,F,נג'אח,87
Druze,F,סול,87
Druze,F,בושרא,85
Druze,F,הזאר,85
Druze,F,שורוק,85
Druze,F,אנשראח,84
Druze,F,ג'ומאנה,83
Druze,F,עינב,83
Druze,F,כנאר,81
Druze,F,נאדיא,81
Druze,F,אוסנת,80
Druze,F,נבאל,80
Druze,F,סמיחה,80
Druze,F,סעדה,80
Druze,F,ג'והרה,79
Druze,F,למיס,79
Druze,F,בלקיס,78
Druze,F,לימאר,78
Druze,F,ג'יהאן,77
Druze,F,נאילה,77
Druze,F,לונא,76
Druze,F,רנדה,76
Druze,F,ימאמה,75
Druze,F,נוהאד,75
Druze,F,רונית,75
Druze,F,מריאן,74
Druze,F,סלמא,74
Druze,F,סלמה,74
Druze,F,רבאב,74
Druze,F,רחיל,74
Druze,F,היא,73
Druze,F,פאוזיה,73
Druze,F,פידא,73
Druze,F,אשתיאק,72
Druze,F,יוסרא,72
Druze,F,שמס,72
Druze,F,אילא,71
Druze,F,בראאה,70
Druze,F,גמילה,70
Druze,F,נביהה,70
Druze,F,נרימאן,70
Druze,F,רודינה,70
Druze,F,מיאדה,69
Druze,F,סאהר,69
Druze,F,סוהילה,69
Druze,F,פאתנה,69
Druze,F,בהיה,68
Druze,F,ופיקה,68
Druze,F,גזאלה,67
Druze,F,יאנה,66
Druze,F,נג'ם,66
Druze,F,פריאל,66
Druze,F,מייסם,65
Druze,F,מרלין,65
Druze,F,ג'נאן,64
Druze,F,סלימה,64
Druze,F,אומימה,63
Druze,F,בסמה,63
Druze,F,מורן,63
Druze,F,בותינה,62
Druze,F,לאנה,62
Druze,F,זוהיר,61
Druze,F,לירז,61
Druze,F,נאהד,61
Druze,F,נירוז,61
Druze,F,אנגאם,60
Druze,F,לינור,60
Druze,F,הניה,59
Druze,F,סניה,59
Druze,F,עואטף,59
Druze,F,אולפת,58
Druze,F,ג'ואנה,58
Druze,F,אילנה,57
Druze,F,אסמא,57
Druze,F,נאורס,57
Druze,F,נסיבה,57
Druze,F,אנסאף,56
Druze,F,ג'ינא,56
Druze,F,ויסאל,56
Druze,F,מיאן,56
Druze,F,מיריל,56
Druze,F,סראא,56
Druze,F,תופאחה,55
Druze,F,אליסאר,54
Druze,F,מיסאן,54
Druze,F,תמאר,54
Druze,F,ג'וליה,53
Druze,F,ויויאן,53
Druze,F,ולא,53
Druze,F,יסמינה,53
Druze,F,קנאר,53
Druze,F,דיאלה,52
Druze,F,סולאף,52
Druze,F,סופיה,52
Druze,F,סיבא,52
Druze,F,פאיזה,52
Druze,F,ריין,52
Druze,F,אחלאס,51
Druze,F,אנה,51
Druze,F,כמיליה,51
Druze,F,נהילה,51
Druze,F,סיון,51
Druze,F,תאלין,51
Druze,F,אסיא,50
Druze,F,חלוה,50
Druze,F,נג'וא,50
Druze,F,נגאח,50
Druze,F,פרידה,50
Druze,F,רביע,50
Druze,F,ריטה,50
Druze,F,רנים,50
Druze,F,אליס,49
Druze,F,גומאנה,49
Druze,F,היפא,49
Druze,F,מריה,49
Druze,F,רפיקה,49
Druze,F,ג'ולין,48
Druze,F,חיאת,48
Druze,F,יקין,48
Druze,F,מתיל,48
Druze,F,ריף,48
Druze,F,רסיל,48
Druze,F,אנתסאר,47
Druze,F,וסאל,47
Druze,F,מאס,47
Druze,F,נזירה,47
Druze,F,פרחה,47
Druze,F,רגדה,47
Druze,F,רין,47
Druze,F,תלין,47
Druze,F,אח'לאס,46
Druze,F,אינסאף,46
Druze,F,ורוד,46
Druze,F,מייסר,46
Druze,F,סלין,46
Druze,F,איבתסאם,45
Druze,F,אילהאם,45
Druze,F,ח'ולוד,45
Druze,F,לוסין,45
Druze,F,לרין,45
Druze,F,אדל,44
Druze,F,אראם,44
Druze,F,אתיר,44
Druze,F,ליאלי,44
Druze,F,מירנא,44
Druze,F,איחלאס,43
Druze,F,אמילי,43
Druze,F,אסמהאן,43
Druze,F,ויאם,43
Druze,F,נהאד,43
Druze,F,סומיה,43
Druze,F,אדאל,42
Druze,F,אמלי,42
Druze,F,אסינאת,42
Druze,F,ג'האן,42
Druze,F,נוי,42
Druze,F,נעימה,42
Druze,F,ריחאנה,42
Druze,F,רמזיה,42
Druze,F,מוחסנה,41
Druze,F,נורסין,41
Druze,F,ראבעה,41
Druze,F,אכראם,40
Druze,F,אמינה,40
Druze,F,אתאר,40
Druze,F,יולי,40
Druze,F,יוסר,40
Druze,F,מונתהא,40
Druze,F,נהאי,40
Druze,F,נהיל,40
Druze,F,ראמה,40
Druze,F,רומא,40
Druze,F,אמה,39
Druze,F,זכיה,39
Druze,F,לורה,39
Druze,F,לי,39
Druze,F,נזיהה,39
Druze,F,רוזלין,39
Druze,F,אוריאן,38
Druze,F,אכאבר,38
Druze,F,אמארה,38
Druze,F,אמלה,38
Druze,F,אקבאל,38
Druze,F,ארוה,38
Druze,F,גאוהרה,38
Druze,F,כרמלה,38
Druze,F,אמתיאז,37
Druze,F,לוז,37
Druze,F,נג'יה,37
Druze,F,נעאמה,37
Druze,F,קתרין,37
Druze,F,אינעאם,36
Druze,F,אסנת,36
Druze,F,אעתדאל,36
Druze,F,ג'ואן,36
Druze,F,דוחא,36
Druze,F,ודיאן,36
Druze,F,מאגדה,36
Druze,F,מדינה,36
Druze,F,מופידה,36
Druze,F,מינה,36
Druze,F,נרג'ס,36
Druze,F,רוידה,36
Druze,F,רושאן,36
Druze,F,תאליא,36
Druze,F,איילא,35
Druze,F,באנה,35
Druze,F,ג'וליאנה,35
Druze,F,גוהרה,35
Druze,F,הדייה,35
Druze,F,מירנה,35
Druze,F,נהלה,35
Druze,F,ניראל,35
Druze,F,קרולין,35
Druze,F,דאנה,34
Druze,F,וורוד,34
Druze,F,זהור,34
Druze,F,זמורוד,34
Druze,F,יפה,34
Druze,F,מאסה,34
Druze,F,מקבולה,34
Druze,F,נדאא,34
Druze,F,רינאל,34
Druze,F,אלינור,33
Druze,F,ג'ולי,33
Druze,F,הנייה,33
Druze,F,וסילה,33
Druze,F,חשמה,33
Druze,F,יולין,33
Druze,F,כמיליא,33
Druze,F,לוג'ין,33
Druze,F,מרוות,33
Druze,F,נאהי,33
Druze,F,סדיקה,33
Druze,F,רתיבה,33
Druze,F,שאדן,33
Druze,F,אסיה,32
Druze,F,הונידה,32
Druze,F,חולוד,32
Druze,F,טליה,32
Druze,F,יומנא,32
Druze,F,כאותר,32
Druze,F,לינוי,32
Druze,F,מיאל,32
Druze,F,רונה,32
Druze,F,ג'אדה,31
Druze,F,ג'קלין,31
Druze,F,דורה,31
Druze,F,דלע,31
Druze,F,זהייה,31
Druze,F,יאנא,31
Druze,F,לורן,31
Druze,F,מאסא,31
Druze,F,מדלן,31
Druze,F,נגוא,31
Druze,F,נידא,31
Druze,F,נעאים,31
Druze,F,סבאח,31
Druze,F,סיליא,31
Druze,F,ענאת,31
Druze,F,קריסטין,31
Druze,F,רג'א,31
Druze,F,שרוק,31
Druze,F,תייא,31
Druze,F,אומיה,30
Druze,F,אפראח,30
Druze,F,ארוא,30
Druze,F,ג'ואהר,30
Druze,F,גאליה,30
Druze,F,ורדה,30
Druze,F,ליאנה,30
Druze,F,נאדרה,30
Druze,F,נאנסי,30
Druze,F,ניל,30
Druze,F,פיחא,30
Druze,F,קרואן,30
Druze,F,תרא,30
Druze,F,אנג'ל,29
Druze,F,אשואק,29
Druze,F,באסמה,29
Druze,F,בדורה,29
Druze,F,בדר,29
Druze,F,גיהאן,29
Druze,F,למיה,29
Druze,F,מיסאא,29
Druze,F,מעיין,29
Druze,F,קורל,29
Druze,F,רימאן,29
Druze,F,רסמיה,29
Druze,F,תמארה,29
Druze,F,אדיל,28
Druze,F,אזדהאר,28
Druze,F,איאת,28
Druze,F,בלודאן,28
Druze,F,גנאן,28
Druze,F,גראם,28
Druze,F,דיאא,28
Druze,F,המסה,28
Druze,F,חילוה,28
Druze,F,חיסין,28
Druze,F,לארין,28
Druze,F,למיא,28
Druze,F,נעמה,28
Druze,F,ראגדה,28
Druze,F,רודיינה,28
Druze,F,אודית,27
Druze,F,אפנאן,27
Druze,F,גינא,27
Druze,F,הוידה,27
Druze,F,ותין,27
Druze,F,זינאת,27
Druze,F,חזנה,27
Druze,F,נג'וד,27
Druze,F,נוף,27
Druze,F,נרדין,27
Druze,F,סאידה,27
Druze,F,סמייה,27
Druze,F,קינדה,27
Druze,F,רחמה,27
Druze,F,אדיבה,26
Druze,F,אווה,26
Druze,F,ג'דיר,26
Druze,F,גואהר,26
Druze,F,גסון,26
Druze,F,דיאר,26
Druze,F,כאוכב,26
Druze,F,לורא,26
Druze,F,לידיא,26
Druze,F,מילה,26
Druze,F,מרסל,26
Druze,F,נגאת,26
Druze,F,עינאב,26
Druze,F,ראמיה,26
Druze,F,רוזין,26
Druze,F,רוסיל,26
Druze,F,רימי,26
Druze,F,שימאא,26
Druze,F,איח'לאס,25
Druze,F,ג'אוהרה,25
Druze,F,וטפה,25
Druze,F,זריפה,25
Druze,F,יארין,25
Druze,F,לידיה,25
Druze,F,מוהיבה,25
Druze,F,נביהא,25
Druze,F,נג'וה,25
Druze,F,נואר,25
Druze,F,ניסן,25
Druze,F,נסמה,25
Druze,F,סאנדי,25
Druze,F,סבא,25
Druze,F,סהרה,25
Druze,F,סילה,25
Druze,F,סינא,25
Druze,F,סיראג',25
Druze,F,עיטאף,25
Druze,F,רוזה,25
Druze,F,רונזה,25
Druze,F,רחל,25
Druze,F,רינת,25
Druze,F,רנדא,25
Druze,F,שהירה,25
Druze,F,שירן,25
Druze,F,אוסאף,24
Druze,F,איאנה,24
Druze,F,דלה,24
Druze,F,הינד,24
Druze,F,וועד,24
Druze,F,זהירה,24
Druze,F,פדוא,24
Druze,F,ראונק,24
Druze,F,רוואן,24
Druze,F,רוזית,24
Druze,F,תמאם,24
Druze,F,אנתיסאר,23
Druze,F,גוסון,23
Druze,F,זכייה,23
Druze,F,חסיבה,23
Druze,F,חסנא,23
Druze,F,ליליא,23
Druze,F,מואהב,23
Druze,F,סורא,23
Druze,F,סלוה,23
Druze,F,פרח,23
Druze,F,רואידה,23
Druze,F,רמאח,23
Druze,F,תראא,23
Druze,F,אמאנה,22
Druze,F,אנהאר,22
Druze,F,ביילסאן,22
Druze,F,דניאלה,22
Druze,F,חיסן,22
Druze,F,חיתאם,22
Druze,F,לוריאן,22
Druze,F,לינאר,22
Druze,F,נג'לא,22
Druze,F,נידאא,22
Druze,F,נסב,22
Druze,F,נעמת,22
Druze,F,סילינה,22
Druze,F,עיתאב,22
Druze,F,ענאן,22
Druze,F,ריחאב,22
Druze,F,ריתא,22
Druze,F,איילן,21
Druze,F,אנס,21
Druze,F,הדאיה,21
Druze,F,וולאא,21
Druze,F,מיא,21
Druze,F,נדיה,21
Druze,F,נהאל,21
Druze,F,סראי,21
Druze,F,קטף,21
Druze,F,ראנדה,21
Druze,F,ריאהם,21
Druze,F,ריסאל,21
Druze,F,אינתסאר,20
Druze,F,ארין,20
Druze,F,בסימה,20
Druze,F,ג'והינה,20
Druze,F,ג'יאנה,20
Druze,F,גורי,20
Druze,F,גנוה,20
Druze,F,חגלה,20
Druze,F,טוליפ,20
Druze,F,לטיפה,20
Druze,F,לתין,20
Druze,F,נג'לה,20
Druze,F,נהאיה,20
Druze,F,נוראן,20
Druze,F,ניהאל,20
Druze,F,סילאן,20
Druze,F,סיליה,20
Druze,F,פיזה,20
Druze,F,רג'אא,20
Druze,F,ריהאן,20
Druze,F,ריתאל,20
Druze,F,תאליה,20
Druze,F,בהייה,19
Druze,F,ג'ילאן,19
Druze,F,דיאלא,19
Druze,F,וסאם,19
Druze,F,זאידה,19
Druze,F,כרימה,19
Druze,F,מויסר,19
Druze,F,מונאיה,19
Druze,F,מייסה,19
Druze,F,מיראן,19
Druze,F,מנוה,19
Druze,F,נורהאן,19
Druze,F,ניהאי,19
Druze,F,ניסרין,19
Druze,F,סוואר,19
Druze,F,סולטאנה,19
Druze,F,סידרא,19
Druze,F,ראיפה,19
Druze,F,ראשל,19
Druze,F,רנד,19
Druze,F,תהאני,19
Druze,F,אליזה,18
Druze,F,אנג'אם,18
Druze,F,באדרה,18
Druze,F,בדור,18
Druze,F,ג'וליא,18
Druze,F,ג'יזל,18
Druze,F,גהאן,18
Druze,F,דורין,18
Druze,F,דלילה,18
Druze,F,דלין,18
Druze,F,וג'דאן,18
Druze,F,וחידה,18
Druze,F,וידיאן,18
Druze,F,זידה,18
Druze,F,זליחה,18
Druze,F,חנן,18
Druze,F,חסן,18
Druze,F,חפיזה,18
Druze,F,ים,18
Druze,F,כרואן,18
Druze,F,לימור,18
Druze,F,מלוכ,18
Druze,F,נג'ואן,18
Druze,F,נגלה,18
Druze,F,נופרה,18
Druze,F,נזמיה,18
Druze,F,סגא,18
Druze,F,סיוואר,18
Druze,F,סנדי,18
Druze,F,ע'זל,18
Druze,F,ענאב,18
Druze,F,פהימה,18
Druze,F,קטיה,18
Druze,F,תוליב,18
Druze,F,תורכיה,18
Druze,F,תמרה,18
Druze,F,איילין,17
Druze,F,איימי,17
Druze,F,אלחאן,17
Druze,F,אנג'י,17
Druze,F,ארואד,17
Druze,F,חפידה,17
Druze,F,יאקות,17
Druze,F,לאה,17
Druze,F,מדללה,17
Druze,F,מעאלי,17
Druze,F,מרבת,17
Druze,F,נג'יבה,17
Druze,F,נהא,17
Druze,F,נופג'ה,17
Druze,F,סונדוס,17
Druze,F,פדוה,17
Druze,F,רדא,17
Druze,F,רוא,17
Druze,F,ריא,17
Druze,F,שאנל,17
Druze,F,אבתהאג',16
Druze,F,אבתיהאג',16
Druze,F,אוסלין,16
Druze,F,אליסר,16
Druze,F,ארגואן,16
Druze,F,ג'נה,16
Druze,F,ג'נט,16
Druze,F,ופיה,16
Druze,F,ח'זנה,16
Druze,F,חולה,16
Druze,F,ילין,16
Druze,F,כאוסר,16
Druze,F,כריסטין,16
Druze,F,ליב,16
Druze,F,לים,16
Druze,F,לינל,16
Druze,F,מדיחה,16
Druze,F,מיליא,16
Druze,F,מירבת,16
Druze,F,מרלן,16
Druze,F,מרסיל,16
Druze,F,נגוד,16
Druze,F,נזהה,16
Druze,F,סינאל,16
Druze,F,סמדר,16
Druze,F,פדה,16
Druze,F,פוז,16
Druze,F,תאג',16
Druze,F,איבון,15
Druze,F,ארג'ואן,15
Druze,F,ג'ויל,15
Druze,F,גאלה,15
Druze,F,הנאדה,15
Druze,F,זליח'ה,15
Druze,F,חמאדה,15
Druze,F,יאן,15
Druze,F,כפאח,15
Druze,F,לוטפיה,15
Druze,F,מאלכה,15
Druze,F,מוראן,15
Druze,F,מחסנה,15
Druze,F,מייאר,15
Druze,F,מייסא,15
Druze,F,מיתה,15
Druze,F,מנאהל,15
Druze,F,ניהאד,15
Druze,F,נילאי,15
Druze,F,נילי,15
Druze,F,נרין,15
Druze,F,סאהרה,15
Druze,F,סוסן,15
Druze,F,עבלה,15
Druze,F,עהד,15
Druze,F,קלודין,15
Druze,F,שיפא,15
Druze,F,שפאא,15
Druze,F,אליאנה,14
Druze,F,אמאן,14
Druze,F,אסעאף,14
Druze,F,בהג'ה,14
Druze,F,בילאר,14
Druze,F,בנאן,14
Druze,F,גואנה,14
Druze,F,האדיה,14
Druze,F,זינא,14
Druze,F,זמורד,14
Druze,F,ח'ולה,14
Druze,F,ח'יזראן,14
Druze,F,ח'תאם,14
Druze,F,לילק,14
Druze,F,מארי,14
Druze,F,מהאני,14
Druze,F,מיסלון,14
Druze,F,מרין,14
Druze,F,נועם,14
Druze,F,נזיהא,14
Druze,F,ניווין,14
Druze,F,נילאן,14
Druze,F,נסים,14
Druze,F,נשואן,14
Druze,F,סהארה,14
Druze,F,סוהיילה,14
Druze,F,סכות,14
Druze,F,סלינה,14
Druze,F,סמארה,14
Druze,F,סנדרה,14
Druze,F,סעידה,14
Druze,F,עטרשאן,14
Druze,F,פדילה,14
Druze,F,פהדה,14
Druze,F,פיריאל,14
Druze,F,קוראל,14
Druze,F,קטרין,14
Druze,F,ראדיה,14
Druze,F,רוחיה,14
Druze,F,רושדיה,14
Druze,F,רותי,14
Druze,F,ריאן,14
Druze,F,ריסאם,14
Druze,F,רמה,14
Druze,F,שיח'ה,14
Druze,F,שרחה,14
Druze,F,תשרין,14
Druze,F,אולפאת,13
Druze,F,אלן,13
Druze,F,אסואן,13
Druze,F,אקראם,13
Druze,F,בהיג'ה,13
Druze,F,ג'ואל,13
Druze,F,ג'ולית,13
Druze,F,ג'ולנאר,13
Druze,F,ג'וסלין,13
Druze,F,ג'ינה,13
Druze,F,גוליה,13
Druze,F,הדס,13
Druze,F,הוניידה,13
Druze,F,והיבה,13
Druze,F,ויניס,13
Druze,F,זיין,13
Druze,F,חיזראן,13
Druze,F,ליזה,13
Druze,F,לילאס,13
Druze,F,ליליה,13
Druze,F,מהירה,13
Druze,F,מינאס,13
Druze,F,נאעמה,13
Druze,F,נגוה,13
Druze,F,נדימה,13
Druze,F,נהדיה,13
Druze,F,נורסאן,13
Druze,F,נע'ם,13
Druze,F,עדלה,13
Druze,F,עדנה,13
Druze,F,עלאא,13
Druze,F,פאידה,13
Druze,F,פנינה,13
Druze,F,פריזה,13
Druze,F,ראדה,13
Druze,F,רואנד,13
Druze,F,רולאן,13
Druze,F,רינאת,13
Druze,F,רע'ד,13
Druze,F,שהנאז,13
Druze,F,אמואג',12
Druze,F,אנג'לה,12
Druze,F,ארווה,12
Druze,F,ארזה,12
Druze,F,ג'יאנא,12
Druze,F,גולנאר,12
Druze,F,דניא,12
Druze,F,חג'לה,12
Druze,F,חוריה,12
Druze,F,יאסמינה,12
Druze,F,כואכב,12
Druze,F,לוסיל,12
Druze,F,לייה,12
Druze,F,מורג'אן,12
Druze,F,מחמודה,12
Druze,F,מרפת,12
Druze,F,ניוין,12
Druze,F,נלי,12
Druze,F,נעמאת,12
Druze,F,נתאלי,12
Druze,F,נתלי,12
Druze,F,סאמרה,12
Druze,F,סוריה,12
Druze,F,סיריל,12
Druze,F,סמרא,12
Druze,F,ראיא,12
Druze,F,רדיה,12
Druze,F,רואיה,12
Druze,F,רמיאל,12
Druze,F,רשל,12
Druze,F,שאאם,12
Druze,F,שריפה,12
Druze,F,אדאב,11
Druze,F,איילול,11
Druze,F,אייסל,11
Druze,F,אינור,11
Druze,F,איעתדאל,11
Druze,F,איקבאל,11
Druze,F,אכלאס,11
Druze,F,אליסה,11
Druze,F,אמריה,11
Druze,F,אעתידאל,11
Druze,F,אקאבר,11
Druze,F,ביכה,11
Druze,F,בסמאת,11
Druze,F,ג'ואנא,11
Druze,F,ג'ומאן,11
Druze,F,דנא,11
Druze,F,הילא,11
Druze,F,הילאנה,11
Druze,F,הלן,11
Druze,F,וותין,11
Druze,F,וזירה,11
Druze,F,ח'יתאם,11
Druze,F,ח'לוד,11
Druze,F,חילוד,11
Druze,F,טלי,11
Druze,F,טפלה,11
Druze,F,לביבה,11
Druze,F,לוזן,11
Druze,F,לוסיאן,11
Druze,F,ליאנא,11
Druze,F,מגדולין,11
Druze,F,מולאן,11
Druze,F,מיליה,11
Druze,F,מירן,11
Druze,F,נג'מה,11
Druze,F,נגמה,11
Druze,F,נויה,11
Druze,F,נילה,11
Druze,F,סוהר,11
Druze,F,סופי,11
Druze,F,סידרה,11
Druze,F,סילינא,11
Druze,F,סימאר,11
Druze,F,עתאב,11
Druze,F,פאדיא,11
Druze,F,פאיא,11
Druze,F,פוזיה,11
Druze,F,ראנא,11
Druze,F,רונא,11
Druze,F,רונזא,11
Druze,F,ריאנה,11
Druze,F,ריתאן,11
Druze,F,רמזייה,11
Druze,F,רסמייה,11
Druze,F,שארה,11
Druze,F,שכיבה,11
Druze,F,שפא,11
Druze,F,תאלי,11
Druze,F,תג'ריד,11
Druze,F,תחריר,11
Druze,F,אוסנאת,10
Druze,F,איזדהאר,10
Druze,F,איילת,10
Druze,F,איסעאף,10
Druze,F,אישתיאק,10
Druze,F,אכמאל,10
Druze,F,ביירות,10
Druze,F,ג'ידאא,10
Druze,F,ג'ינאן,10
Druze,F,ג'נית,10
Druze,F,ג'ראם,10
Druze,F,גאלי,10
Druze,F,גוליאנה,10
Druze,F,גיאנה,10
Druze,F,דאניה,10
Druze,F,דילאן,10
Druze,F,וגיהה,10
Druze,F,וידאד,10
Druze,F,זאדה,10
Druze,F,חוסין,10
Druze,F,חלווה,10
Druze,F,חסנה,10
Druze,F,חתאם,10
Druze,F,יוסור,10
Druze,F,כרמן,10
Druze,F,ליאם,10
Druze,F,לייא,10
Druze,F,ליליאנה,10
Druze,F,לליאן,10
Druze,F,מג'דולין,10
Druze,F,מגדלין,10
Druze,F,מונייה,10
Druze,F,מושירה,10
Druze,F,מילין,10
Druze,F,מילן,10
Druze,F,מירב,10
Druze,F,מלוק,10
Druze,F,מנירה,10
Druze,F,נדה,10
Druze,F,נהואן,10
Druze,F,נהיה,10
Druze,F,נוארה,10
Druze,F,נוראל,10
Druze,F,נטאלי,10
Druze,F,סוסאן,10
Druze,F,סיראי,10
Druze,F,ע'נא,10
Druze,F,עוטר,10
Druze,F,עיסאם,10
Druze,F,ענבאל,10
Druze,F,פדיה,10
Druze,F,ראג'דה,10
Druze,F,ראודה,10
Druze,F,רומי,10
Druze,F,רינאד,10
Druze,F,רפקה,10
Druze,F,שמסה,10
Druze,F,אדמה,9
Druze,F,אוולין,9
Druze,F,אוריאנה,9
Druze,F,אילאנה,9
Druze,F,אינתיסאר,9
Druze,F,איסל,9
Druze,F,אלורה,9
Druze,F,אמאליה,9
Druze,F,אנא,9
Druze,F,אנג'לינה,9
Druze,F,אסלה,9
Druze,F,ארזי,9
Druze,F,ג'וד,9
Druze,F,ג'וריה,9
Druze,F,גוריה,9
Druze,F,גזאל,9
Druze,F,גלא,9
Druze,F,דעאא,9
Druze,F,האג'ר,9
Druze,F,הג'ר,9
Druze,F,הגר,9
Druze,F,וספיה,9
Druze,F,חלוד,9
Druze,F,יולא,9
Druze,F,כוכב,9
Druze,F,כיפאח,9
Druze,F,לוריס,9
Druze,F,ליילה,9
Druze,F,ליל,9
Druze,F,ליסה,9
Druze,F,ליראז,9
Druze,F,מארין,9
Druze,F,מדא,9
Druze,F,מוזיין,9
Druze,F,מונאיא,9
Druze,F,מזאל,9
Druze,F,מיאם,9
Druze,F,מילאנה,9
Druze,F,מילוק,9
Druze,F,מיראי,9
Druze,F,מירית,9
Druze,F,מיתא,9
Druze,F,מנסא,9
Druze,F,נאלה,9
Druze,F,נאסרין,9
Druze,F,נארין,9
Druze,F,נגלא,9
Druze,F,נוזהה,9
Druze,F,נורית,9
Druze,F,נירה,9
Druze,F,סאאדה,9
Druze,F,סבין,9
Druze,F,סולין,9
Druze,F,סוניא,9
Druze,F,סיאל,9
Druze,F,סילאר,9
Druze,F,עדיה,9
Druze,F,עינת,9
Druze,F,קדר,9
Druze,F,ראיקה,9
Druze,F,ראסיל,9
Druze,F,רגאא,9
Druze,F,רימונדה,9
Druze,F,רנאל,9
Druze,F,שריהאן,9
Druze,F,שרית,9
Druze,F,תרות,9
Druze,F,אבלין,8
Druze,F,אורין,8
Druze,F,איאן,8
Druze,F,איב,8
Druze,F,איווה,8
Druze,F,איכראם,8
Druze,F,אלינה,8
Druze,F,אלפת,8
Druze,F,אנסים,8
Druze,F,אסראר,8
Druze,F,ארז,8
Druze,F,בהיגה,8
Druze,F,בירות,8
Druze,F,בלסם,8
Druze,F,ברדה,8
Druze,F,ג'לנאר,8
Druze,F,גואן,8
Druze,F,גוהינה,8
Druze,F,דאולת,8
Druze,F,דהב,8
Druze,F,דיאן,8
Druze,F,האדיל,8
Druze,F,הוידא,8
Druze,F,היידי,8
Druze,F,וודיאן,8
Druze,F,ויאנה,8
Druze,F,זוהא,8
Druze,F,חיכאם,8
Druze,F,חמידה,8
Druze,F,טולין,8
Druze,F,יאקין,8
Druze,F,כינדה,8
Druze,F,כמאליה,8
Druze,F,לאתין,8
Druze,F,לוטוס,8
Druze,F,לולו,8
Druze,F,ליאה,8
Druze,F,ליין,8
Druze,F,מאיסא,8
Druze,F,מחפוזה,8
Druze,F,מיטל,8
Druze,F,מנסה,8
Druze,F,מראח,8
Druze,F,מרי,8
Druze,F,נאהיה,8
Druze,F,נאזק,8
Druze,F,נאירוז,8
Druze,F,נואהד,8
Druze,F,נוזהת,8
Druze,F,ניג'מה,8
Druze,F,נילא,8
Druze,F,ניעמאת,8
Druze,F,נסרה,8
Druze,F,סובחיה,8
Druze,F,סוריא,8
Druze,F,סורייה,8
Druze,F,סילביה,8
Druze,F,סירא,8
Druze,F,סמרה,8
Druze,F,עליזה,8
Druze,F,עמירה,8
Druze,F,פאוזייה,8
Druze,F,פאתינה,8
Druze,F,פלק,8
Druze,F,פתנה,8
Druze,F,קינאר,8
Druze,F,קינדא,8
Druze,F,קלרה,8
Druze,F,קריסטינה,8
Druze,F,ראשיל,8
Druze,F,רבעה,8
Druze,F,רג'דה,8
Druze,F,רגא,8
Druze,F,רוועה,8
Druze,F,רויא,8
Druze,F,ריוא,8
Druze,F,רסאל,8
Druze,F,רעיה,8
Druze,F,שהבא,8
Druze,F,שהרזאד,8
Druze,F,שריי,8
Druze,F,תולאן,8
Druze,F,תיאם,8
Druze,F,תיג'אן,8
Druze,F,תיה,8
Druze,F,אדים,7
Druze,F,אזהר,7
Druze,F,איאנא,7
Druze,F,איזבל,7
Druze,F,אימאר,7
Druze,F,אמואג,7
Druze,F,אנילה,7
Druze,F,אתיל,7
Druze,F,בוסינה,7
Druze,F,בירין,7
Druze,F,ברלין,7
Druze,F,ג'אנה,7
Druze,F,ג'והיינה,7
Druze,F,ג'והריה,7
Druze,F,ג'וניה,7
Druze,F,גאנית,7
Druze,F,גוהיינה,7
Druze,F,גינה,7
Druze,F,דומיה,7
Druze,F,דילארא,7
Druze,F,הדא,7
Druze,F,הואידה,7
Druze,F,וג'יהה,7
Druze,F,וופאא,7
Druze,F,זמרוד,7
Druze,F,ח'אולה,7
Druze,F,חאנין,7
Druze,F,טל,7
Druze,F,יולה,7
Druze,F,כמילה,7
Druze,F,לאניל,7
Druze,F,לוראן,7
Druze,F,לורנא,7
Druze,F,מגידה,7
Druze,F,מהיבה,7
Druze,F,מוכרם,7
Druze,F,מזינה,7
Druze,F,מיאמי,7
Druze,F,מייסלון,7
Druze,F,מיסר,7
Druze,F,מיראג',7
Druze,F,מיראם,7
Druze,F,מלאך,7
Druze,F,מסאל,7
Druze,F,מתאל,7
Druze,F,נאיי,7
Druze,F,נארדין,7
Druze,F,נגיבה,7
Druze,F,נורין,7
Druze,F,נינה,7
Druze,F,נירמין,7
Druze,F,נסמאת,7
Druze,F,סהירה,7
Druze,F,סולאפה,7
Druze,F,סומא,7
Druze,F,סמה,7
Druze,F,סנאר,7
Druze,F,סנייה,7
Druze,F,סראב,7
Druze,F,סרה,7
Druze,F,עאדה,7
Druze,F,עדינה,7
Druze,F,עזיזה,7
Druze,F,עידה,7
Druze,F,ענאיה,7
Druze,F,פיחאא,7
Druze,F,פיירוז,7
Druze,F,קטליה,7
Druze,F,קיאן,7
Druze,F,קרול,7
Druze,F,ראשא,7
Druze,F,רוג'ין,7
Druze,F,רוג'ינה,7
Druze,F,רוזאנה,7
Druze,F,רוזט,7
Druze,F,רולין,7
Druze,F,ריה,7
Druze,F,ריחאן,7
Druze,F,ריטל,7
Druze,F,ריתה,7
Druze,F,רפא,7
Druze,F,רשאא,7
Druze,F,רשידה,7
Druze,F,שהבאא,7
Druze,F,שירוק,7
Druze,F,שירי,7
Druze,F,תיאה,7
Druze,F,תיימה,7
Druze,F,תמינה,7
Druze,F,אבתהאג,6
Druze,F,אגסאן,6
Druze,F,אואן,6
Druze,F,אודט,6
Druze,F,אודליה,6
Druze,F,אור,6
Druze,F,אורג'ואן,6
Druze,F,איבתהאג',6
Druze,F,איוון,6
Druze,F,אילינה,6
Druze,F,איליף,6
Druze,F,אימה,6
Druze,F,איתאר,6
Druze,F,אלאן,6
Druze,F,אליין,6
Druze,F,אלמזה,6
Druze,F,אלנה,6
Druze,F,אמיליה,6
Druze,F,אסל,6
Druze,F,אסתר,6
Druze,F,ארכאן,6
Druze,F,בהאא,6
Druze,F,ג'אנית,6
Druze,F,ג'וליאן,6
Druze,F,ג'ולינאר,6
Druze,F,ג'ומנה,6
Druze,F,ג'מאנה,6
Druze,F,גאדיר,6
Druze,F,גאזל,6
Druze,F,גאיה,6
Druze,F,גנוא,6
Druze,F,גקלין,6
Druze,F,דאלין,6
Druze,F,דהביה,6
Druze,F,דים,6
Druze,F,הדאיא,6
Druze,F,הייפא,6
Druze,F,ויקטוריה,6
Druze,F,זאהרה,6
Druze,F,ח'וזאם,6
Druze,F,חבקה,6
Druze,F,טולאי,6
Druze,F,טניה,6
Druze,F,ימית,6
Druze,F,כלוד,6
Druze,F,לאן,6
Druze,F,לואה,6
Druze,F,לואיזה,6
Druze,F,לוזיאן,6
Druze,F,לוזיאנה,6
Druze,F,לומא,6
Druze,F,לוסיאנה,6
Druze,F,מאדלין,6
Druze,F,מאריתא,6
Druze,F,מג'דה,6
Druze,F,מג'דלין,6
Druze,F,מייה,6
Druze,F,מנארה,6
Druze,F,נאאלה,6
Druze,F,נגיה,6
Druze,F,נהיא,6
Druze,F,נהלא,6
Druze,F,נווין,6
Druze,F,נולין,6
Druze,F,ניבל,6
Druze,F,נרגיס,6
Druze,F,סאפיה,6
Druze,F,סאריה,6
Druze,F,סוזי,6
Druze,F,סיגל,6
Druze,F,סיה,6
Druze,F,סינתיה,6
Druze,F,סלי,6
Druze,F,סעדא,6
Druze,F,ע'ינא,6
Druze,F,עאהדה,6
Druze,F,עבלא,6
Druze,F,עדאלה,6
Druze,F,עדיר,6
Druze,F,עלייה,6
Druze,F,ענדליב,6
Druze,F,ענוד,6
Druze,F,עפיפי,6
Druze,F,פרלה,6
Druze,F,קמילה,6
Druze,F,קמיליה,6
Druze,F,קרולינה,6
Druze,F,ראחיל,6
Druze,F,רהאף,6
Druze,F,רודין,6
Druze,F,רווידה,6
Druze,F,רוזיית,6
Druze,F,רונדה,6
Druze,F,רונק,6
Druze,F,רידא,6
Druze,F,רימאל,6
Druze,F,רימין,6
Druze,F,רכאד,6
Druze,F,רמוז,6
Druze,F,רמיה,6
Druze,F,רנאן,6
Druze,F,רפאא,6
Druze,F,שוכריה,6
Druze,F,שוקה,6
Druze,F,שיחה,6
Druze,F,שיראן,6
Druze,F,שראז,6
Druze,F,שראי,6
Druze,F,תוקא,6
Druze,F,תמאדר,6
Druze,F,אדמא,5
Druze,F,אולין,5
Druze,F,אומימא,5
Druze,F,אזדיהאר,5
Druze,F,איבלא,5
Druze,F,איבתהאג,5
Druze,F,איוואנה,5
Druze,F,איוונה,5
Druze,F,איידן,5
Druze,F,איכמאל,5
Druze,F,איליאן,5
Druze,F,אילנית,5
Druze,F,אמי,5
Druze,F,אמנדה,5
Druze,F,אמנה,5
Druze,F,אמרה,5
Druze,F,אנאבל,5
Druze,F,אנשיראח,5
Druze,F,אפריל,5
Druze,F,ארואח,5
Druze,F,ארים,5
Druze,F,את'אר,5
Druze,F,בדריה,5
Druze,F,בירלא,5
Druze,F,בנדר,5
Druze,F,בשירה,5
Druze,F,ג'וזפין,5
Druze,F,ג'וליית,5
Druze,F,ג'סון,5
Druze,F,ג'סיקה,5
Druze,F,גאזיה,5
Druze,F,גוליא,5
Druze,F,גולין,5
Druze,F,גולית,5
Druze,F,גורוב,5
Druze,F,גיזל,5
Druze,F,גליה,5
Druze,F,גלילה,5
Druze,F,גנואה,5
Druze,F,דאבלה,5
Druze,F,דורינה,5
Druze,F,דעא,5
Druze,F,הדאא,5
Druze,F,הדאי,5
Druze,F,היוון,5
Druze,F,הילדה,5
Druze,F,היפאא,5
Druze,F,הלאא,5
Druze,F,ואתין,5
Druze,F,וג'ד,5
Druze,F,ודיעה,5
Druze,F,ויאן,5
Druze,F,ויג'דאן,5
Druze,F,ויגדאן,5
Druze,F,ויולה,5
Druze,F,וינה,5
Druze,F,וניס,5
Druze,F,ופייה,5
Druze,F,ז'קלין,5
Druze,F,זאדת,5
Druze,F,זאהיה,5
Druze,F,זובידה,5
Druze,F,זוהרה,5
Druze,F,זיידה,5
Druze,F,חוסון,5
Druze,F,חכאם,5
Druze,F,טאלה,5
Druze,F,יוליה,5
Druze,F,יונה,5
Druze,F,ינאל,5
Druze,F,יערה,5
Druze,F,כאריס,5
Druze,F,כריסטינה,5
Druze,F,לאמאר,5
Druze,F,לואא,5
Druze,F,לוגין,5
Druze,F,לונאר,5
Druze,F,לורינה,5
Druze,F,ליילא,5
Druze,F,ליניל,5
Druze,F,לרה,5
Druze,F,מאהא,5
Druze,F,מאידה,5
Druze,F,מאייס,5
Druze,F,מאיסון,5
Druze,F,מזל,5
Druze,F,מירי,5
Druze,F,מיתאל,5
Druze,F,מניסא,5
Druze,F,מסרה,5
Druze,F,מרות,5
Druze,F,מרינה,5
Druze,F,משלין,5
Druze,F,נאדה,5
Druze,F,נאלין,5
Druze,F,נארה,5
Druze,F,נג'אם,5
Druze,F,נגה,5
Druze,F,נגייה,5
Druze,F,נזימה,5
Druze,F,נזמייה,5
Druze,F,ניהאיה,5
Druze,F,נירוונה,5
Druze,F,נירין,5
Druze,F,נלה,5
Druze,F,נסימה,5
Druze,F,נפוז,5
Druze,F,נרג'יס,5
Druze,F,סאג'דה,5
Druze,F,סוהייר,5
Druze,F,סולף,5
Druze,F,סחאר,5
Druze,F,סיאן,5
Druze,F,סייל,5
Druze,F,סיראא,5
Druze,F,סיראן,5
Druze,F,סלינא,5
Druze,F,סריאנה,5
Druze,F,ע'אדה,5
Druze,F,ע'ידאא,5
Druze,F,ע'ראם,5
Druze,F,עדבה,5
Druze,F,עדי,5
Druze,F,עדייה,5
Druze,F,עוטרשאן,5
Druze,F,עזיה,5
Druze,F,עינא,5
Druze,F,עינאת,5
Druze,F,עיפאף,5
Druze,F,ענבריה,5
Druze,F,עפת,5
Druze,F,ערובה,5
Druze,F,פוזייה,5
Druze,F,פלורה,5
Druze,F,פתחיה,5
Druze,F,קאטיה,5
Druze,F,קארלה,5
Druze,F,קיפאח,5
Druze,F,קלודיה,5
Druze,F,קרוואן,5
Druze,F,קרסטין,5
Druze,F,ראגד,5
Druze,F,ראייה,5
Druze,F,ראניא,5
Druze,F,ראסל,5
Druze,F,רואד,5
Druze,F,רווא,5
Druze,F,רוחייה,5
Druze,F,רויידה,5
Druze,F,רונד,5
Druze,F,רוסלין,5
Druze,F,ריאנא,5
Druze,F,ריווא,5
Druze,F,רינאן,5
Druze,F,ריסאלה,5
Druze,F,רנאד,5
Druze,F,רשאן,5
Druze,F,שאדיא,5
Druze,F,שזא,5
Druze,F,שירה,5
Druze,F,שרי,5
Druze,F,תלג'ה,5
Druze,F,תמי,5
Druze,M,סולימאן,2054
Druze,M,אמיר,1603
Druze,M,יוסף,1412
Druze,M,אדם,1395
Druze,M,סאלח,1008
Druze,M,שאדי,824
Druze,M,אייל,819
Druze,M,כמאל,813
Druze,M,ענאן,717
Druze,M,ריאן,702
Druze,M,עלי,684
Druze,M,דניאל,678
Druze,M,מוחמד,660
Druze,M,פאדי,626
Druze,M,עלאא,613
Druze,M,רביע,601
Druze,M,סעיד,594
Druze,M,עומרי,575
Druze,M,ראמי,533
Druze,M,אדהם,528
Druze,M,אמין,526
Druze,M,ג'וד,512
Druze,M,וסאם,508
Druze,M,מג'ד,492
Druze,M,פארס,491
Druze,M,חוסין,481
Druze,M,אימאן,473
Druze,M,חסן,473
Druze,M,פואד,467
Druze,M,אמל,459
Druze,M,חוסאם,451
Druze,M,תמיר,448
Druze,M,סמר,444
Druze,M,ג'מאל,443
Druze,M,ג'ואד,436
Druze,M,וליד,436
Druze,M,סאמי,434
Druze,M,איאן,426
Druze,M,סלים,426
Druze,M,ראזי,423
Druze,M,יזן,411
Druze,M,ראני,407
Druze,M,האדי,400
Druze,M,תאמר,389
Druze,M,עימאד,378
Druze,M,ניל,370
Druze,M,וסים,369
Druze,M,באסל,357
Druze,M,אניל,351
Druze,M,ארז,348
Druze,M,ואיל,346
Druze,M,מוניר,338
Druze,M,בהאא,334
Druze,M,תיים,334
Druze,M,עמיר,328
Druze,M,היית'ם,327
Druze,M,איהאב,326
Druze,M,סמיר,316
Druze,M,אחמד,314
Druze,M,פיראס,310
Druze,M,לואי,305
Druze,M,באסם,301
Druze,M,רואד,295
Druze,M,נג'יב,292
Druze,M,אשרף,286
Druze,M,טארק,285
Druze,M,האני,279
Druze,M,סארי,279
Druze,M,איהאם,274
Druze,M,אוסאמה,271
Druze,M,ליאם,269
Druze,M,ביאן,268
Druze,M,נאיף,268
Druze,M,זיאד,267
Druze,M,אסעד,260
Druze,M,ליית,260
Druze,M,מאהר,256
Druze,M,נביל,255
Druze,M,סנד,253
Druze,M,ראיד,253
Druze,M,עאדל,250
Druze,M,סאפי,248
Druze,M,ג'מיל,247
Druze,M,ויאם,246
Druze,M,איאד,243
Druze,M,ראם,243
Druze,M,נור,242
Druze,M,מחמוד,236
Druze,M,סיף,235
Druze,M,דן,233
Druze,M,רם,231
Druze,M,אנוור,229
Druze,M,מרואן,224
Druze,M,עדי,219
Druze,M,עיסאם,216
Druze,M,תאופיק,213
Druze,M,האיל,212
Druze,M,פאיז,212
Druze,M,חמד,209
Druze,M,נזיה,203
Druze,M,נאסר,199
Druze,M,ח'אלד,198
Druze,M,אדיר,197
Druze,M,איחסאן,196
Druze,M,ג'וליאן,195
Druze,M,לירן,194
Druze,M,מאג'ד,194
Druze,M,קאסם,191
Druze,M,נעים,190
Druze,M,רוני,190
Druze,M,תימור,188
Druze,M,ניזאר,187
Druze,M,עאמר,187
Druze,M,פריד,185
Druze,M,אמג'ד,184
Druze,M,עמיד,183
Druze,M,נאדר,182
Druze,M,עפיף,181
Druze,M,ג'אד,179
Druze,M,וג'די,178
Druze,M,סולטאן,176
Druze,M,נאיל,175
Druze,M,רפיק,175
Druze,M,ינאל,174
Druze,M,חמזה,173
Druze,M,מג'די,173
Druze,M,אדיב,171
Druze,M,כרם,170
Druze,M,עומר,170
Druze,M,עבדאללה,167
Druze,M,דין,164
Druze,M,מופיד,164
Druze,M,נדים,164
Druze,M,טליע,163
Druze,M,אראם,162
Druze,M,סלאח,162
Druze,M,רונן,161
Druze,M,נסים,158
Druze,M,עאטף,157
Druze,M,שריף,155
Druze,M,רידאן,154
Druze,M,הישאם,153
Druze,M,ורד,153
Druze,M,גסאן,150
Druze,M,ריאד,149
Druze,M,יאמן,147
Druze,M,סאהר,147
Druze,M,מהדי,146
Druze,M,מוראד,146
Druze,M,סאמח,145
Druze,M,חאתם,143
Druze,M,מילאן,143
Druze,M,סמיח,143
Druze,M,מג'יד,142
Druze,M,אכרם,141
Druze,M,ספא,141
Druze,M,תיימור,141
Druze,M,זוהיר,139
Druze,M,שפיק,139
Druze,M,מלאק,137
Druze,M,נסיב,137
Druze,M,ג'יהאד,135
Druze,M,עדן,135
Druze,M,מוהנא,132
Druze,M,סקר,131
Druze,M,כרים,127
Druze,M,נביה,127
Druze,M,רון,126
Druze,M,כמיל,125
Druze,M,רן,125
Druze,M,שכיב,123
Druze,M,זייד,122
Druze,M,איוב,118
Druze,M,בשאר,118
Druze,M,אסיל,117
Druze,M,נימר,116
Druze,M,מועין,115
Druze,M,כרמל,114
Druze,M,זאהר,113
Druze,M,אבראהים,112
Druze,M,הלאל,112
Druze,M,ג'לאל,110
Druze,M,מנסור,110
Druze,M,נידאל,110
Druze,M,ג'בר,109
Druze,M,אלאן,108
Druze,M,נאג'י,108
Druze,M,אילן,107
Druze,M,בלאל,107
Druze,M,חסאן,106
Druze,M,עודאי,106
Druze,M,אווס,105
Druze,M,כיאן,105
Druze,M,ראפת,105
Druze,M,ואפי,104
Druze,M,רז,104
Druze,M,אימאר,103
Druze,M,אמיל,102
Druze,M,גולן,102
Druze,M,תאיר,102
Druze,M,והיב,99
Druze,M,יאסר,99
Druze,M,ימאן,99
Druze,M,קיאן,99
Druze,M,ראדי,99
Druze,M,מועתז,98
Druze,M,ראיק,98
Druze,M,בשיר,97
Druze,M,ודיע,95
Druze,M,וופא,95
Druze,M,ראוי,95
Druze,M,מוהנד,94
Druze,M,קוסאי,94
Druze,M,רמזי,94
Druze,M,זיידאן,93
Druze,M,פהד,93
Druze,M,איואן,92
Druze,M,יחיא,92
Druze,M,תייסיר,92
Druze,M,יאן,91
Druze,M,עדנאן,90
Druze,M,עמאר,90
Druze,M,מורן,89
Druze,M,לביב,88
Druze,M,נוהאד,88
Druze,M,עלם,88
Druze,M,קייס,88
Druze,M,חמודי,85
Druze,M,ג'ואן,84
Druze,M,טלאל,84
Druze,M,נואף,83
Druze,M,פרג',83
Druze,M,דני,82
Druze,M,מלחם,82
Druze,M,זאיד,81
Druze,M,חמוד,81
Druze,M,פאדל,81
Druze,M,איאל,79
Druze,M,פואז,79
Druze,M,תיראן,79
Druze,M,כנאן,78
Druze,M,סעד,78
Druze,M,כרמי,77
Druze,M,ערן,77
Druze,M,נאהי,75
Druze,M,נאזם,75
Druze,M,פורסאן,73
Druze,M,רדא,73
Druze,M,מוניב,71
Druze,M,עורווה,71
Druze,M,פרחאן,71
Druze,M,קינאן,71
Druze,M,דיאא,70
Druze,M,רוי,70
Druze,M,סיראג',69
Druze,M,מהראן,68
Druze,M,ופיק,67
Druze,M,יעקוב,67
Druze,M,לוטפי,67
Druze,M,עזאת,67
Druze,M,רג'א,67
Druze,M,דיאן,66
Druze,M,מהנא,66
Druze,M,רובין,66
Druze,M,תים,65
Druze,M,אנס,64
Druze,M,ג'ולאן,64
Druze,M,נשאת,64
Druze,M,שמס,64
Druze,M,וג'יה,63
Druze,M,וחיד,63
Druze,M,כינאן,63
Druze,M,אוניל,62
Druze,M,גאלב,62
Druze,M,זאהי,62
Druze,M,מועאד',62
Druze,M,פאוזי,62
Druze,M,ראמז,62
Druze,M,איזאר,61
Druze,M,מיראן,61
Druze,M,עאהד,61
Druze,M,ריף,61
Druze,M,רסלאן,61
Druze,M,דניל,60
Druze,M,ריזק,60
Druze,M,עארף,59
Druze,M,רני,58
Druze,M,מקסים,57
Druze,M,דיין,56
Druze,M,מרזוק,56
Druze,M,עקאב,56
Druze,M,רכאד,56
Druze,M,אייסר,55
Druze,M,איסמאיל,55
Druze,M,יניר,55
Druze,M,כיואן,55
Druze,M,ארקאן,54
Druze,M,בדיע,54
Druze,M,מיאר,54
Druze,M,מסעוד,54
Druze,M,סאלם,54
Druze,M,ראיף,54
Druze,M,גדי,53
Druze,M,דיאר,53
Druze,M,ח'דר,53
Druze,M,מונד'ר,52
Druze,M,סלאמה,52
Druze,M,טאהר,51
Druze,M,עזאם,51
Druze,M,פנדי,51
Druze,M,גאזי,50
Druze,M,ח'יר,50
Druze,M,מאדי,50
Druze,M,תומר,50
Druze,M,גאנם,49
Druze,M,נהאד,49
Druze,M,עבד,49
Druze,M,איסם,48
Druze,M,יניב,48
Druze,M,מזיד,48
Druze,M,ענאד,48
Druze,M,אוריאן,47
Druze,M,אסד,46
Druze,M,חכמאת,46
Druze,M,מאזן,46
Druze,M,סוהיל,46
Druze,M,פייסל,46
Druze,M,נעמאן,45
Druze,M,אילאן,44
Druze,M,אסי,44
Druze,M,יזיד,44
Druze,M,מערוף,44
Druze,M,עידן,44
Druze,M,פלאח,44
Druze,M,ראגב,44
Druze,M,תיאם,44
Druze,M,בדר,43
Druze,M,כאיד,43
Druze,M,מוופק,43
Druze,M,מוחסן,43
Druze,M,מרסל,43
Druze,M,ניסאן,43
Druze,M,ראוף,43
Druze,M,אלי,42
Druze,M,בהג'את,42
Druze,M,בנימין,42
Druze,M,מירן,42
Druze,M,סאיד,42
Druze,M,סלאם,42
Druze,M,עהד,42
Druze,M,אינאל,41
Druze,M,ג'אבר,41
Druze,M,חסיב,41
Druze,M,יונס,41
Druze,M,מועדאד,41
Druze,M,רשאד,41
Druze,M,גוד,40
Druze,M,חכמת,40
Druze,M,חסון,40
Druze,M,סאם,40
Druze,M,אדי,39
Druze,M,איאס,39
Druze,M,אניס,39
Druze,M,אסעיד,39
Druze,M,ארכאן,39
Druze,M,ג'לא,39
Druze,M,כנג',39
Druze,M,ספואן,39
Druze,M,עאסם,39
Druze,M,עפו,39
Druze,M,רשיד,39
Druze,M,דאהש,38
Druze,M,ח'ליל,38
Druze,M,מען,38
Druze,M,קיסר,38
Druze,M,רדואן,38
Druze,M,רושדי,38
Druze,M,דאוד,37
Druze,M,מיאס,37
Druze,M,ראפע,37
Druze,M,שבל,37
Druze,M,ברכאת,36
Druze,M,גוליאן,36
Druze,M,האשם,36
Druze,M,זכי,36
Druze,M,חמאדה,36
Druze,M,קינן,36
Druze,M,באדי,35
Druze,M,מנהאל,35
Druze,M,סברי,35
Druze,M,רנים,35
Druze,M,אדריאן,34
Druze,M,ויליאם,34
Druze,M,זיין,34
Druze,M,חאזם,34
Druze,M,מוראן,34
Druze,M,מילאד,34
Druze,M,קנאן,34
Druze,M,ראן,34
Druze,M,ראסל,34
Druze,M,רנאן,34
Druze,M,רקאן,34
Druze,M,טיראן,33
Druze,M,ירון,33
Druze,M,מואפק,33
Druze,M,עסאף,33
Druze,M,פהים,33
Druze,M,גולאן,32
Druze,M,נסיף,32
Druze,M,פרח,32
Druze,M,קופטאן,32
Druze,M,רענן,32
Druze,M,שיבל,32
Druze,M,אייסם,31
Druze,M,מואייד,31
Druze,M,רוביל,31
Druze,M,מדחת,30
Druze,M,עירן,30
Druze,M,פטין,30
Druze,M,רפי,30
Druze,M,רפעת,30
Druze,M,שאוקי,30
Druze,M,וג'ד,29
Druze,M,והאב,29
Druze,M,ליראן,29
Druze,M,נואר,29
Druze,M,סיזאר,29
Druze,M,שוקי,29
Druze,M,אג'וד,28
Druze,M,אליאן,28
Druze,M,ג'ון,28
Druze,M,מגיד,28
Druze,M,ממדוח,28
Druze,M,סאדק,28
Druze,M,עמית,28
Druze,M,פוראת,28
Druze,M,אזאר,27
Druze,M,איוון,27
Druze,M,דאן,27
Druze,M,דיאב,27
Druze,M,מארסיל,27
Druze,M,מרסיל,27
Druze,M,עאוני,27
Druze,M,פארוק,27
Druze,M,רודי,27
Druze,M,רוקן,27
Druze,M,אדים,26
Druze,M,טירן,26
Druze,M,טלעת,26
Druze,M,מימון,26
Druze,M,ראווי,26
Druze,M,רולאן,26
Druze,M,אסף,25
Druze,M,ג'וניד,25
Druze,M,יהודה,25
Druze,M,מוהדי,25
Druze,M,פאיד,25
Druze,M,פרג,25
Druze,M,ראג'י,25
Druze,M,שחאדה,25
Druze,M,שיהאב,25
Druze,M,תאים,25
Druze,M,דאניאל,24
Druze,M,יוסרי,24
Druze,M,לואא,24
Druze,M,מחאסן,24
Druze,M,נופל,24
Druze,M,עטאללה,24
Druze,M,פח'רי,24
Druze,M,קיואן,24
Druze,M,אכיל,23
Druze,M,אסמר,23
Druze,M,והבי,23
Druze,M,חמדאן,23
Druze,M,מובדא,23
Druze,M,נג'ד,23
Druze,M,נג'ואן,23
Druze,M,נזיר,23
Druze,M,ניסן,23
Druze,M,עטא,23
Druze,M,ראשד,23
Druze,M,רוחי,23
Druze,M,איליא,22
Druze,M,אתיר,22
Druze,M,ג'אן,22
Druze,M,ג'ליל,22
Druze,M,יוסי,22
Druze,M,ליית',22
Druze,M,נג'אח,22
Druze,M,נישאן,22
Druze,M,עוני,22
Druze,M,עזמי,22
Druze,M,פראג',22
Druze,M,רואן,22
Druze,M,ריבאל,22
Druze,M,רפעאת,22
Druze,M,אח'יל,21
Druze,M,ג'סאן,21
Druze,M,דאניל,21
Druze,M,מונג'ד,21
Druze,M,מונהאל,21
Druze,M,נאהד,21
Druze,M,סוקראט,21
Druze,M,סרור,21
Druze,M,עז,21
Druze,M,רבאח,21
Druze,M,איוואן,20
Druze,M,גיית,20
Druze,M,מוסלח,20
Druze,M,מזייד,20
Druze,M,ניהאד,20
Druze,M,סאומר,20
Druze,M,סהיר,20
Druze,M,פידא,20
Druze,M,ראז,20
Druze,M,רייאן,20
Druze,M,שבלי,20
Druze,M,אזל,19
Druze,M,ארם,19
Druze,M,ג'די,19
Druze,M,דוקאן,19
Druze,M,וג'דאן,19
Druze,M,זאכי,19
Druze,M,חמיד,19
Druze,M,מאמון,19
Druze,M,מוניף,19
Druze,M,מופלח,19
Druze,M,קבלאן,19
Druze,M,ראין,19
Druze,M,רגא,19
Druze,M,רוזי,19
Druze,M,רעד,19
Druze,M,שהד,19
Druze,M,שלמה,19
Druze,M,אויס,18
Druze,M,אלן,18
Druze,M,ג'לאא,18
Druze,M,גית,18
Druze,M,דילן,18
Druze,M,ואסף,18
Druze,M,והבה,18
Druze,M,ולא,18
Druze,M,חיכמאת,18
Druze,M,יניל,18
Druze,M,מדיין,18
Druze,M,מרעי,18
Druze,M,נאשד,18
Druze,M,סיאח,18
Druze,M,עבאס,18
Druze,M,פדל,18
Druze,M,ראג'ח,18
Druze,M,רידא,18
Druze,M,רימון,18
Druze,M,תמאם,18
Druze,M,איזל,17
Druze,M,גאדי,17
Druze,M,גד,17
Druze,M,גליל,17
Druze,M,דילאן,17
Druze,M,זוהייר,17
Druze,M,מוחלס,17
Druze,M,מופק,17
Druze,M,עקל,17
Druze,M,פדלאללה,17
Druze,M,רשראש,17
Druze,M,אג'ואד,16
Druze,M,ג'ית,16
Druze,M,גדעאן,16
Druze,M,היסם,16
Druze,M,מדיאן,16
Druze,M,מוטיע,16
Druze,M,מוסטפא,16
Druze,M,מילן,16
Druze,M,מסעד,16
Druze,M,נימאר,16
Druze,M,סאבר,16
Druze,M,ספי,16
Druze,M,עזיז,16
Druze,M,עיזאת,16
Druze,M,אדיל,15
Druze,M,אוהד,15
Druze,M,איתן,15
Druze,M,ג'בל,15
Druze,M,ג'דעאן,15
Druze,M,ג'וואד,15
Druze,M,ג'ולן,15
Druze,M,ג'ונייד,15
Druze,M,ואכד,15
Druze,M,חאפז,15
Druze,M,לית',15
Druze,M,מועאד,15
Druze,M,מחרז,15
Druze,M,סאקר,15
Druze,M,סודקי,15
Druze,M,סוהייל,15
Druze,M,סימאר,15
Druze,M,עופר,15
Druze,M,עיראן,15
Druze,M,ערוא,15
Druze,M,רודין,15
Druze,M,ריעאן,15
Druze,M,תורכי,15
Druze,M,איימאר,14
Druze,M,בהגאת,14
Druze,M,בהיג',14
Druze,M,בסיל,14
Druze,M,בראאה,14
Druze,M,ג'וזף,14
Druze,M,דאמן,14
Druze,M,ואפד,14
Druze,M,חכים,14
Druze,M,יאיל,14
Druze,M,כארם,14
Druze,M,מנהל,14
Druze,M,נאסיף,14
Druze,M,נסיר,14
Druze,M,סלמאן,14
Druze,M,עינאד,14
Druze,M,ראפאת,14
Druze,M,ראפי,14
Druze,M,רוכן,14
Druze,M,רחיב,14
Druze,M,רכאן,14
Druze,M,שאים,14
Druze,M,שאמל,14
Druze,M,שיבלי,14
Druze,M,שעלאן,14
Druze,M,שרף,14
Druze,M,ת'אבת,14
Druze,M,אמנון,13
Druze,M,ג'ול,13
Druze,M,דאהר,13
Druze,M,וטן,13
Druze,M,ולאא,13
Druze,M,זוהדי,13
Druze,M,חאמד,13
Druze,M,טימור,13
Druze,M,ליאור,13
Druze,M,לירז,13
Druze,M,מוח'לס,13
Druze,M,מורסל,13
Druze,M,נאורס,13
Druze,M,נמיר,13
Druze,M,סמואל,13
Druze,M,עדואן,13
Druze,M,עלאם,13
Druze,M,פרסאן,13
Druze,M,פתחי,13
Druze,M,צאדק,13
Druze,M,רונאן,13
Druze,M,רוסלאן,13
Druze,M,ריין,13
Druze,M,רינאד,13
Druze,M,שאהין,13
Druze,M,שאהר,13
Druze,M,תאימור,13
Druze,M,בנאן,12
Druze,M,בסמאן,12
Druze,M,ג'וני,12
Druze,M,ג'יית,12
Druze,M,גלאא,12
Druze,M,יואל,12
Druze,M,יולאן,12
Druze,M,כנעאן,12
Druze,M,ליאו,12
Druze,M,ליונל,12
Druze,M,לירוי,12
Druze,M,מאהל,12
Druze,M,מטר,12
Druze,M,משהור,12
Druze,M,נזמי,12
Druze,M,סובחי,12
Druze,M,סרחאן,12
Druze,M,ע'די,12
Druze,M,עאיד,12
Druze,M,ראי,12
Druze,M,רואי,12
Druze,M,רונאל,12
Druze,M,רינאל,12
Druze,M,תום,12
Druze,M,אדוניס,11
Druze,M,אודי,11
Druze,M,אחסאן,11
Druze,M,אינאר,11
Druze,M,אסלאן,11
Druze,M,ברקאת,11
Druze,M,ג'אודת,11
Druze,M,גזאל,11
Druze,M,דאני,11
Druze,M,דוד,11
Druze,M,הזימה,11
Druze,M,היתם,11
Druze,M,חוסני,11
Druze,M,טיימור,11
Druze,M,טריף,11
Druze,M,יודה,11
Druze,M,יקדאן,11
Druze,M,מבדא,11
Druze,M,מודי,11
Druze,M,מודר,11
Druze,M,מוקבל,11
Druze,M,מעדא,11
Druze,M,מעדאד,11
Druze,M,נג'ם,11
Druze,M,נייל,11
Druze,M,סג'יע,11
Druze,M,סופיאן,11
Druze,M,סמאח,11
Druze,M,ספואת,11
Druze,M,עתאד,11
Druze,M,פאיק,11
Druze,M,פדיל,11
Druze,M,פרחאת,11
Druze,M,קייסר,11
Druze,M,ראאף,11
Druze,M,ראיין,11
Druze,M,ראתב,11
Druze,M,רוג'יה,11
Druze,M,אגוד,10
Druze,M,אייאן,10
Druze,M,אייס,10
Druze,M,אלירן,10
Druze,M,ארסלאן,10
Druze,M,בן,10
Druze,M,גדעון,10
Druze,M,דיב,10
Druze,M,ואג'די,10
Druze,M,וואפי,10
Druze,M,וליאם,10
Druze,M,חוזאם,10
Druze,M,חיכמת,10
Druze,M,חלים,10
Druze,M,ימאם,10
Druze,M,לוסיאן,10
Druze,M,ליוא,10
Druze,M,מארסל,10
Druze,M,מועדי,10
Druze,M,מורהף,10
Druze,M,מינהאל,10
Druze,M,מיעאד,10
Druze,M,נאל,10
Druze,M,ניר,10
Druze,M,סדיק,10
Druze,M,סטיב,10
Druze,M,סעאדה,10
Druze,M,עמי,10
Druze,M,עמראן,10
Druze,M,ערין,10
Druze,M,רביח,10
Druze,M,רינאן,10
Druze,M,אביב,9
Druze,M,אג'ווד,9
Druze,M,אודין,9
Druze,M,אילי,9
Druze,M,אלון,9
Druze,M,אליה,9
Druze,M,ג'אדי,9
Druze,M,דוריאן,9
Druze,M,והב,9
Druze,M,וילים,9
Druze,M,חייר,9
Druze,M,חכם,9
Druze,M,ידין,9
Druze,M,יונאן,9
Druze,M,ים,9
Druze,M,כנאר,9
Druze,M,לטיף,9
Druze,M,ליאון,9
Druze,M,מהיוב,9
Druze,M,מואנס,9
Druze,M,מונעם,9
Druze,M,מורשד,9
Druze,M,מחפוז,9
Druze,M,מייק,9
Druze,M,מנאר,9
Druze,M,מרטין,9
Druze,M,מתעב,9
Druze,M,נשואן,9
Druze,M,סומר,9
Druze,M,סראי,9
Druze,M,פהמי,9
Druze,M,ראג'ב,9
Druze,M,ראגד,9
Druze,M,רג'יד,9
Druze,M,רגיד,9
Druze,M,רוקון,9
Druze,M,רזין,9
Druze,M,ריאבאל,9
Druze,M,ריי,9
Druze,M,ריסאן,9
Druze,M,רנאד,9
Druze,M,תירן,9
Druze,M,אוסאמא,8
Druze,M,אור,8
Druze,M,אזהר,8
Druze,M,אחיל,8
Druze,M,אייד,8
Druze,M,אימרי,8
Druze,M,בהג'ת,8
Druze,M,בורהאן,8
Druze,M,בינאן,8
Druze,M,ג'אודאת,8
Druze,M,ג'אלב,8
Druze,M,ג'אסר,8
Druze,M,ג'וסיאן,8
Druze,M,ג'ורג',8
Druze,M,הזאר,8
Druze,M,ח'טאר,8
Druze,M,טל,8
Druze,M,לי,8
Druze,M,מואמן,8
Druze,M,מועתסם,8
Druze,M,מותעב,8
Druze,M,מייאר,8
Druze,M,מכרם,8
Druze,M,מרק,8
Druze,M,מתקאל,8
Druze,M,נהיל,8
Druze,M,נולאן,8
Druze,M,סול,8
Druze,M,סולי,8
Druze,M,עווד,8
Druze,M,פחר,8
Druze,M,קמיל,8
Druze,M,ראיי,8
Druze,M,רודני,8
Druze,M,רוזן,8
Druze,M,רונין,8
Druze,M,רנד,8
Druze,M,שאפי,8
Druze,M,שוכרי,8
Druze,M,שמש,8
Druze,M,אבי,7
Druze,M,אגיד,7
Druze,M,אורן,7
Druze,M,אידן,7
Druze,M,איון,7
Druze,M,איזר,7
Druze,M,אליא,7
Druze,M,אליף,7
Druze,M,ארקן,7
Druze,M,בסים,7
Druze,M,ג'ודאת,7
Druze,M,ג'וזיל,7
Druze,M,ג'ניד,7
Druze,M,גאודת,7
Druze,M,גאית,7
Druze,M,גאנדי,7
Druze,M,גדבאן,7
Druze,M,גואן,7
Druze,M,דוריד,7
Druze,M,הזאע,7
Druze,M,היימן,7
Druze,M,הית'ם,7
Druze,M,וויליאם,7
Druze,M,וספי,7
Druze,M,זהואת,7
Druze,M,זן,7
Druze,M,חאדר,7
Druze,M,חילמי,7
Druze,M,חנאן,7
Druze,M,טום,7
Druze,M,יאמאן,7
Druze,M,ימין,7
Druze,M,ירין,7
Druze,M,לוג'ין,7
Druze,M,לוקמאן,7
Druze,M,ליאן,7
Druze,M,ליון,7
Druze,M,ליוניל,7
Druze,M,מזהר,7
Druze,M,מייאס,7
Druze,M,מעדה,7
Druze,M,מעיין,7
Druze,M,מפלח,7
Druze,M,נגאח,7
Druze,M,סגיע,7
Druze,M,סיזר,7
Druze,M,ע'ית,7
Druze,M,עאדי,7
Druze,M,עאסי,7
Druze,M,עלים,7
Druze,M,עמרו,7
Druze,M,עסמת,7
Druze,M,פאלח,7
Druze,M,פיאד,7
Druze,M,ראיאן,7
Druze,M,ראסם,7
Druze,M,רוביאן,7
Druze,M,רוואד,7
Druze,M,רוניל,7
Druze,M,שלומי,7
Druze,M,תחריר,7
Druze,M,אדוארד,6
Druze,M,אוויס,6
Druze,M,אורי,6
Druze,M,איזיל,6
Druze,M,איידן,6
Druze,M,איימר,6
Druze,M,איליאן,6
Druze,M,אימר,6
Druze,M,אנאל,6
Druze,M,בדראן,6
Druze,M,בני,6
Druze,M,ברהאן,6
Druze,M,ג'אדו,6
Druze,M,ג'ד,6
Druze,M,ג'והאד,6
Druze,M,גסוב,6
Druze,M,דוחי,6
Druze,M,דולאן,6
Druze,M,הייסם,6
Druze,M,הייתאם,6
Druze,M,היסאם,6
Druze,M,ווהאב,6
Druze,M,ח'ייר,6
Druze,M,חאבס,6
Druze,M,חביב,6
Druze,M,חטאר,6
Druze,M,חמאדי,6
Druze,M,טמיר,6
Druze,M,יאמין,6
Druze,M,כפאח,6
Druze,M,כראמה,6
Druze,M,ליאונל,6
Druze,M,ליו,6
Druze,M,לירון,6
Druze,M,לירם,6
Druze,M,למאר,6
Druze,M,מאליק,6
Druze,M,מואניס,6
Druze,M,מוכתאר,6
Druze,M,מונסף,6
Druze,M,מיראס,6
Druze,M,נבי,6
Druze,M,נג'דת,6
Druze,M,סח'ר,6
Druze,M,סחר,6
Druze,M,סילאן,6
Druze,M,סימון,6
Druze,M,סלטאן,6
Druze,M,סלימן,6
Druze,M,עזאלדין,6
Druze,M,עתאב,6
Druze,M,פאוזאת,6
Druze,M,פג'ר,6
Druze,M,פח'ר,6
Druze,M,צאפי,6
Druze,M,קומאי,6
Druze,M,ראאל,6
Druze,M,ראבאל,6
Druze,M,ראובן,6
Druze,M,ראף,6
Druze,M,רוסלן,6
Druze,M,רזקאללה,6
Druze,M,ריאל,6
Druze,M,ריואן,6
Druze,M,ריקאן,6
Druze,M,רנדי,6
Druze,M,רקאד,6
Druze,M,שאכר,6
Druze,M,שרי,6
Druze,M,אגואד,5
Druze,M,אדין,5
Druze,M,אובאי,5
Druze,M,אוביי,5
Druze,M,אונסי,5
Druze,M,אושר,5
Druze,M,איליי,5
Druze,M,אימיל,5
Druze,M,אמאר,5
Druze,M,אנדי,5
Druze,M,אסר,5
Druze,M,אפי,5
Druze,M,ארואד,5
Druze,M,באהי,5
Druze,M,בהה,5
Druze,M,בהיג,5
Druze,M,ביסאן,5
Druze,M,ג'אדאללה,5
Druze,M,ג'וי,5
Druze,M,ג'ונאיד,5
Druze,M,גאדאללה,5
Druze,M,דייאן,5
Druze,M,הינדי,5
Druze,M,הנידי,5
Druze,M,וגדאן,5
Druze,M,ווארד,5
Druze,M,ווחיד,5
Druze,M,וסיל,5
Druze,M,זאיר,5
Druze,M,ח'וזאם,5
Druze,M,ח'זאעי,5
Druze,M,חאפד,5
Druze,M,חכאם,5
Druze,M,חלמי,5
Druze,M,טומי,5
Druze,M,טלעאת,5
Druze,M,טראד,5
Druze,M,ידיל,5
Druze,M,יערב,5
Druze,M,יריב,5
Druze,M,כינן,5
Druze,M,כלים,5
Druze,M,לוריאן,5
Druze,M,לורנס,5
Druze,M,לימאר,5
Druze,M,מדין,5
Druze,M,מולא,5
Druze,M,מונתסר,5
Druze,M,מועדא,5
Druze,M,מחסן,5
Druze,M,מיאד,5
Druze,M,מיאל,5
Druze,M,מיחרז,5
Druze,M,מייסם,5
Druze,M,מיסאן,5
Druze,M,מנואל,5
Druze,M,נוהד,5
Druze,M,נועם,5
Druze,M,נוראלדין,5
Druze,M,נזאם,5
Druze,M,ניאר,5
Druze,M,נידל,5
Druze,M,נכד,5
Druze,M,נעמן,5
Druze,M,נפאע,5
Druze,M,סאיב,5
Druze,M,סאיף,5
Druze,M,סאני,5
Druze,M,סבאח,5
Druze,M,סוקרט,5
Druze,M,סכר,5
Druze,M,סעוד,5
Druze,M,עאנן,5
Druze,M,עבדו,5
Druze,M,עדלי,5
Druze,M,עוז,5
Druze,M,עזת,5
Druze,M,צדיק,5
Druze,M,קנג',5
Druze,M,ראגי,5
Druze,M,ראמח,5
Druze,M,רג'ואן,5
Druze,M,רגב,5
Druze,M,רגד,5
Druze,M,רדאן,5
Druze,M,רום,5
Druze,M,רזאן,5
Druze,M,רשדי,5
Druze,M,רתיב,5
Druze,M,שאוקת,5
Druze,M,שאם,5
Druze,M,שפיע,5
Druze,M,תחסין,5
Druze,M,תמים,5
Druze,M,תנוך,5
